JvmtiExport can_access_local_variables 0
JvmtiExport can_hotswap_or_post_breakpoint 0
JvmtiExport can_post_on_exceptions 0
# 807 ciObject found
instanceKlass com/android/tools/r8/internal/CQ
ciInstanceKlass java/lang/Cloneable 1 0 7 100 1 100 1 1 1
instanceKlass com/android/tools/r8/internal/La
instanceKlass com/android/tools/r8/internal/SD
instanceKlass com/android/tools/r8/internal/MD
instanceKlass com/android/tools/r8/internal/UD
instanceKlass com/android/tools/r8/internal/pl
instanceKlass com/android/tools/r8/internal/js
instanceKlass com/android/tools/r8/internal/u10
instanceKlass com/android/tools/r8/internal/Nm
instanceKlass com/android/tools/r8/internal/Dn
instanceKlass com/android/tools/r8/graph/a1
instanceKlass com/android/tools/r8/graph/V0
instanceKlass com/android/tools/r8/internal/En
instanceKlass com/android/tools/r8/internal/rH
instanceKlass com/android/tools/r8/internal/S00
instanceKlass com/android/tools/r8/internal/e10
instanceKlass com/android/tools/r8/internal/CP
instanceKlass com/android/tools/r8/internal/ue
instanceKlass com/android/tools/r8/internal/yA
instanceKlass com/android/tools/r8/internal/VR
instanceKlass com/android/tools/r8/internal/JP
instanceKlass com/android/tools/r8/internal/Oc
instanceKlass com/android/tools/r8/internal/AP
instanceKlass com/android/tools/r8/internal/BP
instanceKlass com/android/tools/r8/internal/GP
instanceKlass com/android/tools/r8/internal/Fr0
instanceKlass java/util/stream/MatchOps$BooleanTerminalSink
instanceKlass java/util/stream/MatchOps$MatchOp
instanceKlass java/util/stream/MatchOps
instanceKlass com/android/tools/r8/synthesis/L
instanceKlass com/android/tools/r8/internal/Mi
instanceKlass com/android/tools/r8/internal/E
instanceKlass com/android/tools/r8/internal/D
instanceKlass com/android/tools/r8/internal/jz
instanceKlass com/android/tools/r8/internal/kz
instanceKlass com/android/tools/r8/internal/hz
instanceKlass com/android/tools/r8/synthesis/k
instanceKlass com/android/tools/r8/FeatureSplit
instanceKlass com/android/tools/r8/synthesis/M
instanceKlass com/android/tools/r8/internal/sX
instanceKlass com/android/tools/r8/internal/i9
instanceKlass com/android/tools/r8/internal/JY
instanceKlass com/android/tools/r8/internal/il
instanceKlass com/android/tools/r8/internal/k5
instanceKlass com/android/tools/r8/internal/jS
instanceKlass com/android/tools/r8/internal/ix
instanceKlass com/android/tools/r8/internal/jl
instanceKlass com/android/tools/r8/internal/eZ
instanceKlass com/android/tools/r8/internal/TR
instanceKlass com/android/tools/r8/internal/Vm
instanceKlass sun/reflect/generics/reflectiveObjects/LazyReflectiveObjectGenerator
instanceKlass sun/reflect/generics/reflectiveObjects/ParameterizedTypeImpl
instanceKlass java/lang/reflect/ParameterizedType
instanceKlass sun/reflect/generics/visitor/Reifier
instanceKlass sun/reflect/generics/visitor/TypeTreeVisitor
instanceKlass sun/reflect/generics/tree/ClassSignature
instanceKlass sun/reflect/generics/tree/Signature
instanceKlass sun/reflect/generics/tree/ClassTypeSignature
instanceKlass sun/reflect/generics/tree/SimpleClassTypeSignature
instanceKlass sun/reflect/generics/tree/FieldTypeSignature
instanceKlass sun/reflect/generics/tree/BaseType
instanceKlass sun/reflect/generics/tree/TypeSignature
instanceKlass sun/reflect/generics/tree/ReturnType
instanceKlass sun/reflect/generics/tree/TypeArgument
instanceKlass sun/reflect/generics/tree/FormalTypeParameter
instanceKlass sun/reflect/generics/tree/TypeTree
instanceKlass sun/reflect/generics/tree/Tree
instanceKlass sun/reflect/generics/parser/SignatureParser
instanceKlass java/lang/reflect/TypeVariable
instanceKlass sun/reflect/generics/repository/AbstractRepository
instanceKlass sun/reflect/generics/factory/CoreReflectionFactory
instanceKlass sun/reflect/generics/factory/GenericsFactory
instanceKlass sun/reflect/generics/scope/AbstractScope
instanceKlass sun/reflect/generics/scope/Scope
instanceKlass com/android/tools/r8/internal/s7
instanceKlass com/android/tools/r8/internal/DS
instanceKlass com/android/tools/r8/internal/aX
instanceKlass com/android/tools/r8/internal/C0
instanceKlass com/android/tools/r8/internal/ZW
instanceKlass com/android/tools/r8/references/ArrayReference
instanceKlass com/android/tools/r8/internal/Lh
instanceKlass com/android/tools/r8/internal/jc0
instanceKlass com/android/tools/r8/internal/b8
instanceKlass com/android/tools/r8/internal/v2
instanceKlass com/android/tools/r8/internal/OI
instanceKlass com/android/tools/r8/internal/bw
instanceKlass com/android/tools/r8/internal/cw
instanceKlass com/android/tools/r8/graph/M2
instanceKlass com/android/tools/r8/internal/Lt0
instanceKlass com/android/tools/r8/internal/is
instanceKlass com/android/tools/r8/internal/ks
instanceKlass com/android/tools/r8/internal/Mt0
instanceKlass com/android/tools/r8/internal/Rd
instanceKlass com/android/tools/r8/internal/E3
instanceKlass com/android/tools/r8/utils/a
instanceKlass com/android/tools/r8/internal/E8
instanceKlass com/android/tools/r8/internal/nS
instanceKlass com/android/tools/r8/internal/wZ
instanceKlass com/android/tools/r8/internal/Um
instanceKlass com/android/tools/r8/internal/hq0
instanceKlass com/android/tools/r8/internal/kc0
instanceKlass com/android/tools/r8/internal/Tk0
instanceKlass com/android/tools/r8/internal/w2
instanceKlass com/android/tools/r8/androidapi/h
instanceKlass com/android/tools/r8/internal/m
instanceKlass com/android/tools/r8/internal/Tz
instanceKlass com/android/tools/r8/internal/LT
instanceKlass java/util/logging/Logger$SystemLoggerHelper$1
instanceKlass java/util/logging/Logger$SystemLoggerHelper
instanceKlass java/util/logging/LogManager$4
instanceKlass jdk/internal/logger/BootstrapLogger$BootstrapExecutors
instanceKlass java/io/FilePermission$1
instanceKlass jdk/internal/access/JavaIOFilePermissionAccess
instanceKlass jdk/internal/logger/LoggerFinderLoader
instanceKlass java/util/stream/Streams
instanceKlass java/util/stream/Stream$Builder
instanceKlass java/util/stream/Streams$AbstractStreamBuilderImpl
instanceKlass java/util/stream/FindOps$FindOp
instanceKlass java/util/stream/FindOps$FindSink
instanceKlass java/util/stream/FindOps
instanceKlass com/android/tools/r8/internal/B50
instanceKlass java/util/Hashtable$Enumerator
instanceKlass java/util/Collections$3
instanceKlass java/util/logging/LogManager$LoggerContext$1
instanceKlass java/util/logging/LogManager$VisitedLoggers
instanceKlass java/util/logging/LogManager$2
instanceKlass sun/security/util/SecurityProperties
instanceKlass sun/security/util/FilePermCompat
instanceKlass java/util/logging/LogManager$LoggingProviderAccess
instanceKlass java/lang/Shutdown$Lock
instanceKlass java/lang/Shutdown
instanceKlass java/lang/ApplicationShutdownHooks$1
instanceKlass java/lang/ApplicationShutdownHooks
instanceKlass java/util/logging/LogManager$LogNode
instanceKlass java/util/logging/LogManager$LoggerContext
instanceKlass java/util/logging/LogManager$1
instanceKlass java/util/logging/LogManager
instanceKlass com/android/tools/r8/internal/TZ
instanceKlass java/util/logging/Logger$ConfigurationData
instanceKlass java/util/logging/Logger$LoggerBundle
instanceKlass java/util/logging/Level
instanceKlass java/util/logging/Handler
instanceKlass java/util/logging/Logger
instanceKlass com/android/tools/r8/internal/m40
instanceKlass com/android/tools/r8/internal/Lm
instanceKlass com/android/tools/r8/graph/N4
instanceKlass com/android/tools/r8/internal/cF
instanceKlass com/android/tools/r8/graph/i1
instanceKlass com/android/tools/r8/ir/optimize/W
instanceKlass com/android/tools/r8/ir/optimize/O
instanceKlass com/android/tools/r8/graph/Z0
instanceKlass com/android/tools/r8/internal/KF
instanceKlass com/android/tools/r8/graph/Z2
instanceKlass java/util/AbstractList$SubList$1
instanceKlass com/android/tools/r8/internal/F5
instanceKlass com/android/tools/r8/graph/U0
instanceKlass com/android/tools/r8/internal/QZ
instanceKlass com/android/tools/r8/internal/nn
instanceKlass com/android/tools/r8/internal/j8
instanceKlass com/android/tools/r8/internal/Km
instanceKlass com/android/tools/r8/internal/g8
instanceKlass com/android/tools/r8/internal/Xz
instanceKlass com/android/tools/r8/internal/Wm
instanceKlass com/android/tools/r8/ir/optimize/a0
instanceKlass com/android/tools/r8/ir/optimize/e0
instanceKlass com/android/tools/r8/internal/BQ
instanceKlass com/android/tools/r8/internal/Uk0
instanceKlass com/android/tools/r8/internal/ZR
instanceKlass com/android/tools/r8/internal/EQ
instanceKlass com/android/tools/r8/internal/Zz
instanceKlass com/android/tools/r8/internal/bS
instanceKlass com/android/tools/r8/internal/YR
instanceKlass com/android/tools/r8/internal/mc0
instanceKlass com/android/tools/r8/internal/YW
instanceKlass com/android/tools/r8/internal/CQ
instanceKlass com/android/tools/r8/internal/eJ
instanceKlass com/android/tools/r8/ir/optimize/t0
instanceKlass com/android/tools/r8/graph/b3
instanceKlass com/android/tools/r8/internal/ic0
instanceKlass com/android/tools/r8/internal/J00
instanceKlass com/android/tools/r8/internal/L00
instanceKlass com/android/tools/r8/internal/i8$a
instanceKlass java/util/stream/StreamSpliterators
instanceKlass com/android/tools/r8/internal/i8
instanceKlass java/util/stream/AbstractSpinedBuffer
instanceKlass com/android/tools/r8/internal/W5
instanceKlass java/util/stream/StreamSpliterators$AbstractWrappingSpliterator
instanceKlass com/android/tools/r8/ir/optimize/L
instanceKlass java/util/stream/SliceOps
instanceKlass com/android/tools/r8/synthesis/H
instanceKlass com/android/tools/r8/internal/O00
instanceKlass com/android/tools/r8/internal/ns
instanceKlass com/android/tools/r8/internal/H5
instanceKlass com/android/tools/r8/ir/optimize/y
instanceKlass com/android/tools/r8/internal/Z0
instanceKlass com/android/tools/r8/ir/optimize/z
instanceKlass com/android/tools/r8/internal/Pn0
instanceKlass com/android/tools/r8/internal/Bt0
instanceKlass com/android/tools/r8/internal/M5
instanceKlass com/android/tools/r8/internal/Fi
instanceKlass com/android/tools/r8/internal/K1
instanceKlass com/android/tools/r8/internal/Dt0
instanceKlass com/android/tools/r8/internal/HA
instanceKlass com/android/tools/r8/internal/L5
instanceKlass com/android/tools/r8/ir/optimize/u
instanceKlass com/android/tools/r8/internal/t7
instanceKlass com/android/tools/r8/internal/Ls
instanceKlass java/util/TimSort
instanceKlass java/util/Arrays$LegacyMergeSort
instanceKlass java/util/AbstractMap$SimpleImmutableEntry
instanceKlass java/util/stream/ForEachOps$ForEachOp
instanceKlass java/util/stream/ForEachOps
instanceKlass java/util/stream/SortedOps
instanceKlass java/util/IdentityHashMap$IdentityHashMapSpliterator
instanceKlass java/util/BitSet
instanceKlass com/android/tools/r8/internal/Qk0
instanceKlass com/android/tools/r8/ir/optimize/b
instanceKlass com/android/tools/r8/internal/Zx
instanceKlass com/android/tools/r8/internal/Lx
instanceKlass com/android/tools/r8/ir/optimize/t
instanceKlass com/android/tools/r8/internal/cA
instanceKlass com/android/tools/r8/internal/VI
instanceKlass com/android/tools/r8/internal/bA
instanceKlass com/android/tools/r8/internal/qq0
instanceKlass com/android/tools/r8/internal/Wd
instanceKlass com/android/tools/r8/internal/Ca0
instanceKlass com/android/tools/r8/internal/Yz
instanceKlass com/android/tools/r8/ir/optimize/r
instanceKlass com/android/tools/r8/internal/Vu0
instanceKlass com/android/tools/r8/internal/b1
instanceKlass com/android/tools/r8/internal/F10
instanceKlass com/android/tools/r8/internal/or0
instanceKlass com/android/tools/r8/internal/O5
instanceKlass com/android/tools/r8/internal/jj
instanceKlass com/android/tools/r8/internal/o30
instanceKlass com/android/tools/r8/ir/optimize/a
instanceKlass com/android/tools/r8/internal/P10
instanceKlass com/android/tools/r8/internal/aA
instanceKlass com/android/tools/r8/internal/eA
instanceKlass com/android/tools/r8/internal/Ih
instanceKlass com/android/tools/r8/internal/t9
instanceKlass com/android/tools/r8/internal/rr0
instanceKlass com/android/tools/r8/internal/tD
instanceKlass com/android/tools/r8/internal/N5
instanceKlass java/util/Collections$1
instanceKlass java/util/LinkedList$ListItr
instanceKlass com/android/tools/r8/graph/j3
instanceKlass com/android/tools/r8/internal/bk0
instanceKlass com/android/tools/r8/internal/Jf
instanceKlass com/android/tools/r8/internal/Bu0
instanceKlass com/android/tools/r8/internal/V10
instanceKlass com/android/tools/r8/internal/Jt0
instanceKlass com/android/tools/r8/internal/PF
instanceKlass com/android/tools/r8/internal/Uz
instanceKlass com/android/tools/r8/graph/proto/b
instanceKlass com/android/tools/r8/internal/Rm
instanceKlass com/android/tools/r8/internal/Yo
instanceKlass com/android/tools/r8/internal/tt0
instanceKlass com/android/tools/r8/ir/optimize/E
instanceKlass com/android/tools/r8/internal/ja0
instanceKlass com/android/tools/r8/internal/fH
instanceKlass com/android/tools/r8/internal/rZ
instanceKlass com/android/tools/r8/internal/HE
instanceKlass com/android/tools/r8/internal/Va
instanceKlass com/android/tools/r8/internal/oG
instanceKlass com/android/tools/r8/internal/Ma
instanceKlass com/android/tools/r8/internal/Na
instanceKlass com/android/tools/r8/internal/sb0
instanceKlass java/util/LinkedList$Node
instanceKlass com/android/tools/r8/internal/wG
instanceKlass com/android/tools/r8/internal/z8
instanceKlass com/android/tools/r8/internal/K5
instanceKlass com/android/tools/r8/internal/Qz
instanceKlass com/android/tools/r8/internal/hA
instanceKlass com/android/tools/r8/internal/AZ
instanceKlass com/android/tools/r8/internal/J
instanceKlass com/android/tools/r8/internal/ND
instanceKlass com/android/tools/r8/internal/CD
instanceKlass com/android/tools/r8/graph/proto/d
instanceKlass com/android/tools/r8/graph/proto/c
instanceKlass com/android/tools/r8/internal/WE
instanceKlass com/android/tools/r8/graph/proto/j
instanceKlass com/android/tools/r8/internal/Q
instanceKlass com/android/tools/r8/internal/HF
instanceKlass com/android/tools/r8/internal/rF
instanceKlass com/android/tools/r8/internal/Vz
instanceKlass com/android/tools/r8/internal/v8
instanceKlass com/android/tools/r8/internal/bb
instanceKlass com/android/tools/r8/internal/mG
instanceKlass com/android/tools/r8/internal/Oa
instanceKlass com/android/tools/r8/internal/YD
instanceKlass com/android/tools/r8/internal/Ix
instanceKlass com/android/tools/r8/internal/Ht0
instanceKlass com/android/tools/r8/internal/Qa
instanceKlass com/android/tools/r8/internal/K8
instanceKlass com/android/tools/r8/internal/N8
instanceKlass com/android/tools/r8/internal/v9
instanceKlass com/android/tools/r8/internal/u9
instanceKlass com/android/tools/r8/graph/F
instanceKlass com/android/tools/r8/internal/TI
instanceKlass com/android/tools/r8/references/ClassReference
instanceKlass com/android/tools/r8/references/PrimitiveReference
instanceKlass com/android/tools/r8/references/Reference
instanceKlass com/android/tools/r8/position/MethodPosition
instanceKlass com/android/tools/r8/K
instanceKlass com/android/tools/r8/internal/Zl
instanceKlass com/android/tools/r8/internal/op0
instanceKlass com/android/tools/r8/internal/pp0
instanceKlass com/android/tools/r8/internal/np0
instanceKlass com/android/tools/r8/internal/mp0
instanceKlass com/android/tools/r8/ProgramResource$ByteResource
instanceKlass com/android/tools/r8/graph/e
instanceKlass com/android/tools/r8/graph/D4
instanceKlass com/android/tools/r8/graph/S4
instanceKlass com/android/tools/r8/graph/P4
instanceKlass com/android/tools/r8/graph/Q4
instanceKlass com/android/tools/r8/internal/x5
instanceKlass java/lang/Character$CharacterCache
instanceKlass java/io/Bits
instanceKlass java/io/ObjectOutputStream$ReplaceTable
instanceKlass java/io/ObjectOutputStream$HandleTable
instanceKlass java/io/ObjectStreamConstants
instanceKlass java/io/ObjectOutput
instanceKlass com/android/tools/r8/graph/C0
instanceKlass com/android/tools/r8/internal/B5
instanceKlass com/android/tools/r8/internal/DP
instanceKlass com/android/tools/r8/shaking/h2
instanceKlass com/android/tools/r8/internal/zd
instanceKlass com/android/tools/r8/internal/V90
instanceKlass java/util/Collections$UnmodifiableCollection$1
instanceKlass com/android/tools/r8/internal/Y50
instanceKlass com/android/tools/r8/internal/E90
instanceKlass com/android/tools/r8/internal/ua
instanceKlass com/android/tools/r8/internal/T8
instanceKlass com/android/tools/r8/internal/W8
instanceKlass com/android/tools/r8/internal/lc
instanceKlass com/android/tools/r8/internal/Zw
instanceKlass com/android/tools/r8/internal/M9
instanceKlass com/android/tools/r8/internal/ql
instanceKlass com/android/tools/r8/internal/O2
instanceKlass com/android/tools/r8/internal/Ql
instanceKlass com/android/tools/r8/internal/vq0
instanceKlass com/android/tools/r8/internal/Y8
instanceKlass com/android/tools/r8/internal/Ot0
instanceKlass com/android/tools/r8/internal/I90
instanceKlass com/android/tools/r8/internal/Hl
instanceKlass com/android/tools/r8/internal/Sl
instanceKlass com/android/tools/r8/internal/ot
instanceKlass com/android/tools/r8/internal/hX
instanceKlass com/android/tools/r8/internal/a6
instanceKlass com/android/tools/r8/internal/gX
instanceKlass com/android/tools/r8/internal/Cy
instanceKlass com/android/tools/r8/internal/sH
instanceKlass com/android/tools/r8/internal/uV
instanceKlass com/android/tools/r8/internal/fD
instanceKlass com/android/tools/r8/internal/Pt
instanceKlass com/android/tools/r8/ir/optimize/c
instanceKlass com/android/tools/r8/internal/L50
instanceKlass com/android/tools/r8/internal/EP
instanceKlass com/android/tools/r8/ir/optimize/s0
instanceKlass com/android/tools/r8/errors/UnsupportedFeatureDiagnostic
instanceKlass com/android/tools/r8/internal/Ss0
instanceKlass com/android/tools/r8/internal/Vs0
instanceKlass com/android/tools/r8/internal/H7
instanceKlass com/android/tools/r8/internal/DI
instanceKlass com/android/tools/r8/internal/CI
instanceKlass com/android/tools/r8/internal/ah
instanceKlass com/android/tools/r8/ir/optimize/K0
instanceKlass com/android/tools/r8/internal/bh
instanceKlass com/android/tools/r8/internal/nH
instanceKlass com/android/tools/r8/internal/nt
instanceKlass com/android/tools/r8/internal/lH
instanceKlass com/android/tools/r8/internal/jH
instanceKlass com/android/tools/r8/graph/f
instanceKlass com/android/tools/r8/internal/hH
instanceKlass com/android/tools/r8/internal/FP
instanceKlass com/android/tools/r8/internal/HP
instanceKlass com/android/tools/r8/internal/pn0
instanceKlass com/android/tools/r8/c
instanceKlass com/android/tools/r8/internal/Er0
instanceKlass com/android/tools/r8/internal/Dr0
instanceKlass com/android/tools/r8/utils/v
instanceKlass com/android/tools/r8/graph/Z
instanceKlass com/android/tools/r8/internal/Lc
instanceKlass com/android/tools/r8/graph/W
instanceKlass com/android/tools/r8/internal/Qr0
instanceKlass com/android/tools/r8/internal/Pk0
instanceKlass com/android/tools/r8/internal/ve
instanceKlass com/android/tools/r8/internal/WT
instanceKlass com/android/tools/r8/internal/VT
instanceKlass com/android/tools/r8/internal/us
instanceKlass com/android/tools/r8/internal/V6
instanceKlass com/android/tools/r8/internal/Gw
instanceKlass com/android/tools/r8/internal/w5
instanceKlass com/android/tools/r8/internal/t5
instanceKlass com/android/tools/r8/internal/j5
instanceKlass com/android/tools/r8/internal/SZ
instanceKlass com/android/tools/r8/internal/l5
instanceKlass com/android/tools/r8/internal/o5
instanceKlass com/android/tools/r8/internal/p5
instanceKlass com/android/tools/r8/internal/q5
instanceKlass com/android/tools/r8/internal/v5
instanceKlass com/android/tools/r8/internal/yX
instanceKlass com/android/tools/r8/internal/n9
instanceKlass com/android/tools/r8/internal/wX
instanceKlass java/util/Collections$2
instanceKlass com/android/tools/r8/internal/Oy
instanceKlass com/android/tools/r8/ir/optimize/M
instanceKlass java/util/ArrayList$ArrayListSpliterator
instanceKlass com/android/tools/r8/ir/optimize/d
instanceKlass com/android/tools/r8/ir/optimize/e
instanceKlass com/android/tools/r8/ir/optimize/F
instanceKlass com/android/tools/r8/ir/optimize/w
instanceKlass com/android/tools/r8/internal/Vd
instanceKlass com/android/tools/r8/ir/optimize/x0
instanceKlass com/android/tools/r8/internal/v7
instanceKlass com/android/tools/r8/internal/qD
instanceKlass com/android/tools/r8/internal/jn0
instanceKlass com/android/tools/r8/internal/kn0
instanceKlass com/android/tools/r8/internal/gj
instanceKlass com/android/tools/r8/internal/cI
instanceKlass com/android/tools/r8/internal/vt0
instanceKlass com/android/tools/r8/internal/Xd
instanceKlass com/android/tools/r8/internal/RF
instanceKlass com/android/tools/r8/ir/optimize/x
instanceKlass com/android/tools/r8/graph/K5
instanceKlass com/android/tools/r8/graph/I5
instanceKlass com/android/tools/r8/graph/d
instanceKlass com/android/tools/r8/shaking/j
instanceKlass com/android/tools/r8/graph/e3
instanceKlass com/android/tools/r8/internal/Wp0
instanceKlass com/android/tools/r8/shaking/p1
instanceKlass com/android/tools/r8/graph/p5
instanceKlass com/android/tools/r8/graph/m5
instanceKlass com/android/tools/r8/internal/kc
instanceKlass com/android/tools/r8/internal/Oh
instanceKlass com/android/tools/r8/internal/Aa
instanceKlass com/android/tools/r8/internal/Pl
instanceKlass com/android/tools/r8/internal/Rl
instanceKlass com/android/tools/r8/internal/Tl
instanceKlass com/android/tools/r8/internal/oH
instanceKlass com/android/tools/r8/internal/Il
instanceKlass com/android/tools/r8/internal/Gl
instanceKlass com/android/tools/r8/internal/UU
instanceKlass com/android/tools/r8/internal/KR
instanceKlass com/android/tools/r8/internal/gA
instanceKlass com/android/tools/r8/internal/QC
instanceKlass com/android/tools/r8/internal/d2
instanceKlass com/android/tools/r8/internal/Uv
instanceKlass com/android/tools/r8/internal/gm0
instanceKlass com/android/tools/r8/internal/wu
instanceKlass com/android/tools/r8/internal/bn
instanceKlass com/android/tools/r8/internal/NV
instanceKlass com/android/tools/r8/internal/TB
instanceKlass com/android/tools/r8/internal/Ud
instanceKlass com/android/tools/r8/internal/sV
instanceKlass com/android/tools/r8/internal/pU
instanceKlass com/android/tools/r8/internal/FZ
instanceKlass com/android/tools/r8/internal/Kt
instanceKlass com/android/tools/r8/internal/U20
instanceKlass com/android/tools/r8/internal/J9
instanceKlass com/android/tools/r8/internal/fA
instanceKlass com/android/tools/r8/internal/Jx
instanceKlass com/android/tools/r8/internal/t30
instanceKlass com/android/tools/r8/internal/e2
instanceKlass com/android/tools/r8/internal/Gt0
instanceKlass com/android/tools/r8/internal/os0
instanceKlass com/android/tools/r8/internal/Cu0
instanceKlass com/android/tools/r8/internal/My
instanceKlass com/android/tools/r8/internal/kb
instanceKlass com/android/tools/r8/internal/s9
instanceKlass com/android/tools/r8/internal/nE
instanceKlass com/android/tools/r8/internal/L
instanceKlass com/android/tools/r8/internal/uE
instanceKlass com/android/tools/r8/internal/Q40
instanceKlass com/android/tools/r8/internal/gx
instanceKlass com/android/tools/r8/internal/y50
instanceKlass com/android/tools/r8/internal/Za
instanceKlass com/android/tools/r8/internal/zC
instanceKlass com/android/tools/r8/position/TextRange
instanceKlass com/android/tools/r8/internal/vC
instanceKlass com/android/tools/r8/internal/ZG
instanceKlass com/android/tools/r8/internal/bF
instanceKlass com/android/tools/r8/graph/G$a
instanceKlass com/android/tools/r8/internal/q9$a
instanceKlass com/android/tools/r8/graph/j0
instanceKlass com/android/tools/r8/internal/h8
instanceKlass com/android/tools/r8/position/TextPosition
instanceKlass com/android/tools/r8/internal/Nk0
instanceKlass com/android/tools/r8/internal/A8
instanceKlass com/android/tools/r8/internal/w9
instanceKlass com/android/tools/r8/internal/K
instanceKlass com/android/tools/r8/internal/fk0
instanceKlass com/android/tools/r8/graph/b6
instanceKlass com/android/tools/r8/internal/C5
instanceKlass com/android/tools/r8/internal/eo0
instanceKlass com/android/tools/r8/internal/ZE
instanceKlass com/android/tools/r8/internal/vE
instanceKlass com/android/tools/r8/internal/tE
instanceKlass com/android/tools/r8/internal/W
instanceKlass com/android/tools/r8/internal/sa
instanceKlass com/android/tools/r8/internal/qa
instanceKlass com/android/tools/r8/internal/Ya
instanceKlass com/android/tools/r8/internal/C1
instanceKlass com/android/tools/r8/internal/Vp0
instanceKlass com/android/tools/r8/internal/JG
instanceKlass com/android/tools/r8/internal/xG
instanceKlass com/android/tools/r8/internal/R40
instanceKlass com/android/tools/r8/internal/IG
instanceKlass com/android/tools/r8/internal/lb
instanceKlass com/android/tools/r8/graph/n4
instanceKlass com/android/tools/r8/graph/m4
instanceKlass com/android/tools/r8/internal/UI
instanceKlass com/android/tools/r8/graph/c3
instanceKlass com/android/tools/r8/internal/yG
instanceKlass com/android/tools/r8/internal/OG
instanceKlass com/android/tools/r8/internal/vp0
instanceKlass com/android/tools/r8/internal/up0
instanceKlass com/android/tools/r8/internal/Yw
instanceKlass com/android/tools/r8/internal/QR$a
instanceKlass com/android/tools/r8/references/MethodReference
instanceKlass com/android/tools/r8/internal/l20
instanceKlass com/android/tools/r8/internal/hV
instanceKlass com/android/tools/r8/internal/xv
instanceKlass com/android/tools/r8/internal/H9
instanceKlass com/android/tools/r8/internal/ra
instanceKlass com/android/tools/r8/internal/qt
instanceKlass com/android/tools/r8/internal/tt
instanceKlass com/android/tools/r8/internal/t1
instanceKlass com/android/tools/r8/internal/zv
instanceKlass com/android/tools/r8/ir/optimize/f
instanceKlass com/android/tools/r8/synthesis/b
instanceKlass com/android/tools/r8/internal/tl
instanceKlass com/android/tools/r8/internal/D4
instanceKlass com/android/tools/r8/internal/D2
instanceKlass com/android/tools/r8/internal/C2
instanceKlass com/android/tools/r8/internal/y2
instanceKlass com/android/tools/r8/internal/B2
instanceKlass com/android/tools/r8/androidapi/c
instanceKlass com/android/tools/r8/androidapi/f$a
instanceKlass com/android/tools/r8/androidapi/a
instanceKlass com/android/tools/r8/internal/P80
instanceKlass com/android/tools/r8/internal/pv
instanceKlass com/android/tools/r8/internal/pQ
instanceKlass com/android/tools/r8/internal/Nm0
instanceKlass com/android/tools/r8/internal/kD
instanceKlass com/android/tools/r8/internal/xt0
instanceKlass com/android/tools/r8/internal/L1
instanceKlass com/android/tools/r8/internal/Zl0
instanceKlass com/android/tools/r8/internal/uD
instanceKlass com/android/tools/r8/internal/r50
instanceKlass com/android/tools/r8/internal/sD
instanceKlass com/android/tools/r8/internal/JX
instanceKlass com/android/tools/r8/internal/aD
instanceKlass com/android/tools/r8/internal/OC
instanceKlass com/android/tools/r8/internal/fP
instanceKlass com/android/tools/r8/internal/q
instanceKlass com/android/tools/r8/internal/qQ
instanceKlass com/android/tools/r8/internal/oQ
instanceKlass com/android/tools/r8/internal/sQ
instanceKlass com/android/tools/r8/internal/pC
instanceKlass com/android/tools/r8/internal/os
instanceKlass com/android/tools/r8/internal/J1
instanceKlass com/android/tools/r8/internal/F1
instanceKlass com/android/tools/r8/internal/if
instanceKlass com/android/tools/r8/internal/ga0
instanceKlass com/android/tools/r8/internal/ea0
instanceKlass com/android/tools/r8/internal/Qs
instanceKlass com/android/tools/r8/internal/h6
instanceKlass com/android/tools/r8/internal/xz
instanceKlass com/android/tools/r8/internal/sU
instanceKlass com/android/tools/r8/internal/qZ
instanceKlass com/android/tools/r8/internal/rD
instanceKlass com/android/tools/r8/internal/UT
instanceKlass com/android/tools/r8/internal/vD
instanceKlass com/android/tools/r8/internal/H
instanceKlass com/android/tools/r8/internal/Bj0
instanceKlass com/android/tools/r8/internal/PC
instanceKlass com/android/tools/r8/internal/GV
instanceKlass com/android/tools/r8/naming/r0
instanceKlass com/android/tools/r8/internal/hn
instanceKlass com/android/tools/r8/internal/YT
instanceKlass com/android/tools/r8/internal/C4
instanceKlass java/lang/invoke/MethodHandle$1
instanceKlass com/android/tools/r8/internal/lT
instanceKlass com/android/tools/r8/internal/T5
instanceKlass com/android/tools/r8/internal/R10
instanceKlass com/android/tools/r8/shaking/l
instanceKlass com/android/tools/r8/shaking/k
instanceKlass com/android/tools/r8/internal/k1
instanceKlass com/android/tools/r8/startup/StartupProfileBuilder
instanceKlass com/android/tools/r8/internal/Ml0
instanceKlass com/android/tools/r8/internal/l1
instanceKlass com/android/tools/r8/internal/c7
instanceKlass com/android/tools/r8/profile/art/ArtProfileBuilder
instanceKlass com/android/tools/r8/internal/i4
instanceKlass com/android/tools/r8/internal/cf
instanceKlass com/android/tools/r8/internal/Fy
instanceKlass com/android/tools/r8/internal/j20
instanceKlass com/android/tools/r8/internal/d6
instanceKlass com/android/tools/r8/internal/Z5
instanceKlass com/android/tools/r8/internal/b6
instanceKlass com/android/tools/r8/internal/Y5
instanceKlass com/android/tools/r8/internal/I6
instanceKlass com/android/tools/r8/synthesis/E
instanceKlass com/android/tools/r8/synthesis/c
instanceKlass com/android/tools/r8/synthesis/a
instanceKlass com/android/tools/r8/SyntheticInfoConsumerData
instanceKlass com/android/tools/r8/synthesis/Y
instanceKlass com/android/tools/r8/synthesis/r
instanceKlass com/android/tools/r8/synthesis/s
instanceKlass com/android/tools/r8/synthesis/l
instanceKlass com/android/tools/r8/synthesis/j
instanceKlass com/android/tools/r8/synthesis/Z
instanceKlass com/android/tools/r8/internal/Vw
instanceKlass com/android/tools/r8/graph/V5
instanceKlass com/android/tools/r8/graph/F4
instanceKlass com/android/tools/r8/shaking/Z1
instanceKlass com/android/tools/r8/shaking/b2
instanceKlass com/android/tools/r8/synthesis/I
instanceKlass com/android/tools/r8/synthesis/B
instanceKlass com/android/tools/r8/synthesis/z
instanceKlass com/android/tools/r8/synthesis/D
instanceKlass com/android/tools/r8/internal/xp0
instanceKlass java/util/concurrent/ConcurrentLinkedQueue$Itr
instanceKlass com/android/tools/r8/graph/z0
instanceKlass com/android/tools/r8/internal/wr0
instanceKlass com/android/tools/r8/dex/W
instanceKlass com/android/tools/r8/graph/F3
instanceKlass com/android/tools/r8/internal/Mh
instanceKlass com/android/tools/r8/graph/D3$f
instanceKlass com/android/tools/r8/graph/G3
instanceKlass com/android/tools/r8/dex/t
instanceKlass com/android/tools/r8/internal/U3
instanceKlass com/android/tools/r8/internal/qu
instanceKlass com/android/tools/r8/graph/m1
instanceKlass com/android/tools/r8/internal/MC
instanceKlass com/android/tools/r8/internal/l10
instanceKlass com/android/tools/r8/internal/n10
instanceKlass com/android/tools/r8/internal/H10
instanceKlass com/android/tools/r8/internal/w10
instanceKlass com/android/tools/r8/internal/B10
instanceKlass com/android/tools/r8/internal/N10
instanceKlass com/android/tools/r8/internal/p10
instanceKlass com/android/tools/r8/graph/o3
instanceKlass com/android/tools/r8/graph/n3
instanceKlass com/android/tools/r8/graph/J4
instanceKlass com/android/tools/r8/graph/K4
instanceKlass com/android/tools/r8/graph/J4$a
instanceKlass com/android/tools/r8/internal/gq0
instanceKlass com/android/tools/r8/graph/j1$a
instanceKlass com/android/tools/r8/internal/wj0
instanceKlass com/android/tools/r8/internal/r8
instanceKlass com/android/tools/r8/internal/Nt
instanceKlass com/android/tools/r8/internal/ZC
instanceKlass com/android/tools/r8/internal/Cc
instanceKlass com/android/tools/r8/internal/r
instanceKlass com/android/tools/r8/internal/UB
instanceKlass com/android/tools/r8/graph/C2
instanceKlass com/android/tools/r8/naming/V$c
instanceKlass com/android/tools/r8/internal/B40
instanceKlass com/android/tools/r8/internal/B40$a
instanceKlass com/android/tools/r8/internal/iV
instanceKlass com/android/tools/r8/graph/D3$h
instanceKlass com/android/tools/r8/graph/D3$g
instanceKlass com/android/tools/r8/androidapi/g
instanceKlass com/android/tools/r8/androidapi/e
instanceKlass com/android/tools/r8/kotlin/a0
instanceKlass com/android/tools/r8/kotlin/d0
instanceKlass com/android/tools/r8/kotlin/p
instanceKlass com/android/tools/r8/internal/bt
instanceKlass com/android/tools/r8/internal/fI
instanceKlass com/android/tools/r8/internal/h0
instanceKlass com/android/tools/r8/internal/i6
instanceKlass com/android/tools/r8/internal/iK
instanceKlass com/android/tools/r8/shaking/S2
instanceKlass com/android/tools/r8/kotlin/b0
instanceKlass com/android/tools/r8/internal/Gs
instanceKlass com/android/tools/r8/graph/g1$a
instanceKlass com/android/tools/r8/kotlin/G
instanceKlass com/android/tools/r8/kotlin/Q
instanceKlass com/android/tools/r8/shaking/b0
instanceKlass com/android/tools/r8/internal/yv
instanceKlass com/android/tools/r8/internal/aU
instanceKlass com/android/tools/r8/androidapi/f
instanceKlass com/android/tools/r8/internal/su
instanceKlass com/android/tools/r8/internal/hx
instanceKlass com/android/tools/r8/graph/P
instanceKlass com/android/tools/r8/internal/Ho0
instanceKlass com/android/tools/r8/internal/ol
instanceKlass com/android/tools/r8/internal/nX
instanceKlass com/android/tools/r8/internal/J90
instanceKlass com/android/tools/r8/internal/K90
instanceKlass com/android/tools/r8/internal/S90
instanceKlass com/android/tools/r8/internal/I9
instanceKlass com/android/tools/r8/internal/tu
instanceKlass com/android/tools/r8/graph/a4
instanceKlass com/android/tools/r8/internal/ac0
instanceKlass com/android/tools/r8/internal/xq0
instanceKlass com/android/tools/r8/internal/y4
instanceKlass java/util/function/ToIntFunction
instanceKlass com/android/tools/r8/internal/go0
instanceKlass com/android/tools/r8/internal/io0
instanceKlass com/android/tools/r8/internal/cd0
instanceKlass com/android/tools/r8/internal/Hi
instanceKlass com/android/tools/r8/internal/fo0
instanceKlass com/android/tools/r8/internal/Eh
instanceKlass com/android/tools/r8/graph/D3$i
instanceKlass com/android/tools/r8/graph/D3
instanceKlass com/android/tools/r8/graph/j4
instanceKlass com/android/tools/r8/internal/SV
instanceKlass com/android/tools/r8/internal/K2
instanceKlass com/android/tools/r8/internal/I30
instanceKlass com/android/tools/r8/internal/G90
instanceKlass com/android/tools/r8/internal/Xv
instanceKlass com/android/tools/r8/internal/GC
instanceKlass com/android/tools/r8/internal/iW
instanceKlass com/android/tools/r8/internal/Yg
instanceKlass com/android/tools/r8/internal/qP
instanceKlass com/android/tools/r8/internal/I4
instanceKlass com/android/tools/r8/internal/vd
instanceKlass java/util/concurrent/ForkJoinPool$DefaultForkJoinWorkerThreadFactory$1
instanceKlass jdk/internal/util/random/RandomSupport
instanceKlass java/util/Random
instanceKlass java/util/random/RandomGenerator
instanceKlass java/util/concurrent/ForkJoinTask$Aux
instanceKlass java/util/concurrent/ForkJoinTask
instanceKlass java/util/concurrent/RunnableFuture
instanceKlass java/util/concurrent/Future
instanceKlass java/util/concurrent/Callable
instanceKlass com/android/tools/r8/internal/lp0
instanceKlass com/android/tools/r8/synthesis/K
instanceKlass com/android/tools/r8/graph/E2$a
instanceKlass com/android/tools/r8/graph/D3$b
instanceKlass com/android/tools/r8/graph/D3$d
instanceKlass com/android/tools/r8/graph/f3
instanceKlass com/android/tools/r8/graph/k5
instanceKlass com/android/tools/r8/graph/U
instanceKlass com/android/tools/r8/graph/V
instanceKlass com/android/tools/r8/graph/k4
instanceKlass java/io/RandomAccessFile$1
instanceKlass com/android/tools/r8/internal/b20
instanceKlass com/android/tools/r8/ProgramResource
instanceKlass com/android/tools/r8/internal/gI
instanceKlass com/android/tools/r8/internal/P7
instanceKlass com/android/tools/r8/graph/B
instanceKlass com/android/tools/r8/graph/d4
instanceKlass com/android/tools/r8/graph/y0
instanceKlass java/util/concurrent/ConcurrentLinkedQueue$Node
instanceKlass com/android/tools/r8/internal/ud
instanceKlass com/android/tools/r8/internal/R0
instanceKlass com/android/tools/r8/internal/PR
instanceKlass com/android/tools/r8/internal/SW
instanceKlass com/android/tools/r8/dex/m
instanceKlass com/android/tools/r8/dex/a
instanceKlass com/android/tools/r8/internal/Ro0
instanceKlass java/util/concurrent/atomic/AtomicReference
instanceKlass com/android/tools/r8/graph/c0
instanceKlass com/android/tools/r8/graph/c1
instanceKlass com/android/tools/r8/dex/c
instanceKlass com/android/tools/r8/internal/Bp0
instanceKlass com/android/tools/r8/internal/Ep0
instanceKlass com/android/tools/r8/internal/Gp0
instanceKlass java/util/concurrent/ForkJoinPool$WorkQueue
instanceKlass java/util/concurrent/ForkJoinPool$DefaultCommonPoolForkJoinWorkerThreadFactory
instanceKlass java/util/concurrent/ForkJoinPool$1
instanceKlass java/util/concurrent/ForkJoinPool$DefaultForkJoinWorkerThreadFactory
instanceKlass java/util/concurrent/ForkJoinPool$ForkJoinWorkerThreadFactory
instanceKlass java/util/concurrent/AbstractExecutorService
instanceKlass java/util/concurrent/Executors
instanceKlass com/android/tools/r8/internal/fp0
instanceKlass com/android/tools/r8/threading/ThreadingModule
instanceKlass com/android/tools/r8/threading/providers/blocking/ThreadingModuleBlockingProvider
instanceKlass com/android/tools/r8/threading/ThreadingModuleProvider
instanceKlass com/android/tools/r8/threading/a
instanceKlass com/android/tools/r8/internal/ep0
instanceKlass com/android/tools/r8/internal/EG
instanceKlass com/android/tools/r8/internal/QR
instanceKlass com/android/tools/r8/internal/n4
instanceKlass com/android/tools/r8/internal/b60
instanceKlass java/util/Collections$SynchronizedCollection
instanceKlass java/util/Properties$EntrySet
instanceKlass com/android/tools/r8/internal/As$a
instanceKlass com/android/tools/r8/internal/As
instanceKlass com/android/tools/r8/dex/b
instanceKlass com/android/tools/r8/ClassConflictResolver
instanceKlass com/android/tools/r8/internal/Mc
instanceKlass com/android/tools/r8/internal/KC
instanceKlass com/android/tools/r8/inspector/Inspector
instanceKlass com/android/tools/r8/AssertionsConfiguration$Builder
instanceKlass com/android/tools/r8/AssertionsConfiguration
instanceKlass com/android/tools/r8/internal/z4
instanceKlass com/android/tools/r8/internal/eT
instanceKlass com/android/tools/r8/retrace/ProguardMapProducer
instanceKlass com/android/tools/r8/Y
instanceKlass com/android/tools/r8/internal/bl0
instanceKlass com/android/tools/r8/internal/wD
instanceKlass com/android/tools/r8/internal/Yi0
instanceKlass java/util/IdentityHashMap$IdentityHashMapIterator
instanceKlass com/android/tools/r8/internal/US
instanceKlass com/android/tools/r8/internal/VS
instanceKlass com/android/tools/r8/internal/XS
instanceKlass com/android/tools/r8/utils/w$q$b
instanceKlass com/android/tools/r8/utils/w$q$a
instanceKlass com/android/tools/r8/internal/kq0
instanceKlass com/android/tools/r8/internal/Ch
instanceKlass com/android/tools/r8/graph/y
instanceKlass com/android/tools/r8/shaking/V1
instanceKlass com/android/tools/r8/shaking/n1
instanceKlass com/android/tools/r8/internal/Ic0
instanceKlass com/android/tools/r8/internal/Jc0
instanceKlass com/android/tools/r8/dex/t0
instanceKlass com/android/tools/r8/dex/Y
instanceKlass com/android/tools/r8/internal/iA
instanceKlass com/android/tools/r8/internal/n3
instanceKlass com/android/tools/r8/internal/kA
instanceKlass com/android/tools/r8/internal/p3
instanceKlass com/android/tools/r8/utils/w$q
instanceKlass com/android/tools/r8/internal/U40
instanceKlass com/android/tools/r8/internal/Ll0
instanceKlass com/android/tools/r8/internal/q4
instanceKlass com/android/tools/r8/utils/w$k
instanceKlass com/android/tools/r8/utils/w$f
instanceKlass com/android/tools/r8/utils/w$a
instanceKlass com/android/tools/r8/utils/y
instanceKlass com/android/tools/r8/internal/Z90
instanceKlass com/android/tools/r8/utils/w$o
instanceKlass com/android/tools/r8/utils/w$l
instanceKlass com/android/tools/r8/internal/au0
instanceKlass com/android/tools/r8/utils/w$h
instanceKlass com/android/tools/r8/internal/wJ
instanceKlass com/android/tools/r8/internal/Wj0
instanceKlass java/util/function/BooleanSupplier
instanceKlass sun/util/logging/PlatformLogger
instanceKlass sun/util/logging/PlatformLogger$ConfigurableBridge$LoggerConfiguration
instanceKlass jdk/internal/logger/BootstrapLogger$RedirectedLoggers
instanceKlass jdk/internal/logger/LazyLoggers$LazyLoggerAccessor
instanceKlass jdk/internal/logger/LazyLoggers$LoggerAccessor
instanceKlass jdk/internal/logger/AbstractLoggerWrapper
instanceKlass java/util/ServiceLoader$ProviderImpl
instanceKlass java/util/ServiceLoader$Provider
instanceKlass java/util/ServiceLoader$1
instanceKlass sun/util/logging/internal/LoggingProviderImpl$LogManagerAccess
instanceKlass java/util/concurrent/CopyOnWriteArrayList$COWIterator
instanceKlass jdk/internal/loader/URLClassPath$1
instanceKlass java/lang/CompoundEnumeration
instanceKlass jdk/internal/loader/BuiltinClassLoader$1
instanceKlass java/util/Collections$EmptyEnumeration
instanceKlass java/util/ServiceLoader$3
instanceKlass java/util/ServiceLoader$2
instanceKlass java/util/ServiceLoader$LazyClassPathLookupIterator
instanceKlass java/util/Spliterators$1Adapter
instanceKlass java/util/Spliterators$ArraySpliterator
instanceKlass java/util/ServiceLoader$ModuleServicesLookupIterator
instanceKlass java/util/ServiceLoader
instanceKlass jdk/internal/logger/BootstrapLogger$DetectBackend$1
instanceKlass jdk/internal/logger/BootstrapLogger$DetectBackend
instanceKlass jdk/internal/logger/BootstrapLogger
instanceKlass sun/util/logging/PlatformLogger$ConfigurableBridge
instanceKlass sun/util/logging/PlatformLogger$Bridge
instanceKlass jdk/internal/logger/DefaultLoggerFinder$1
instanceKlass java/lang/System$LoggerFinder
instanceKlass jdk/internal/logger/LazyLoggers$LazyLoggerFactories
instanceKlass jdk/internal/logger/LazyLoggers$1
instanceKlass jdk/internal/logger/LazyLoggers
instanceKlass jdk/internal/misc/ThreadTracker
instanceKlass jdk/internal/event/EventHelper$ThreadTrackHolder
instanceKlass sun/net/www/MessageHeader
instanceKlass sun/net/www/protocol/jar/JarFileFactory
instanceKlass sun/net/www/protocol/jar/URLJarFile$URLJarFileCloseController
instanceKlass java/net/URLConnection
instanceKlass jdk/internal/loader/BuiltinClassLoader$2
instanceKlass com/android/tools/r8/internal/Tt0
instanceKlass com/android/tools/r8/Version
instanceKlass com/android/tools/r8/internal/Oo0
instanceKlass com/android/tools/r8/utils/w$i
instanceKlass com/android/tools/r8/utils/w$e
instanceKlass com/android/tools/r8/utils/w$d
instanceKlass com/android/tools/r8/utils/w$c
instanceKlass com/android/tools/r8/utils/w$p
instanceKlass com/android/tools/r8/internal/T1
instanceKlass com/android/tools/r8/utils/w$m
instanceKlass com/android/tools/r8/utils/z
instanceKlass java/lang/ProcessEnvironment$CheckedEntry
instanceKlass java/lang/ProcessEnvironment$CheckedEntrySet$1
instanceKlass java/lang/ProcessEnvironment$EntryComparator
instanceKlass java/lang/ProcessEnvironment$NameComparator
instanceKlass com/android/tools/r8/ResourceShrinkerConfiguration
instanceKlass java/util/concurrent/atomic/AtomicBoolean
instanceKlass com/android/tools/r8/internal/Vr
instanceKlass com/android/tools/r8/internal/pb
instanceKlass com/android/tools/r8/internal/BJ
instanceKlass com/android/tools/r8/internal/Cr0
instanceKlass com/android/tools/r8/graph/t4
instanceKlass com/android/tools/r8/graph/f0
instanceKlass com/android/tools/r8/graph/u4
instanceKlass com/android/tools/r8/graph/h0
instanceKlass com/android/tools/r8/graph/b4
instanceKlass com/android/tools/r8/graph/h
instanceKlass com/android/tools/r8/internal/QS
instanceKlass com/android/tools/r8/utils/w
instanceKlass com/android/tools/r8/shaking/L0
instanceKlass com/android/tools/r8/GlobalSyntheticsConsumer
instanceKlass com/android/tools/r8/synthesis/i
instanceKlass com/android/tools/r8/InputDependencyGraphConsumer
instanceKlass com/android/tools/r8/shaking/d3
instanceKlass com/android/tools/r8/internal/Dz
instanceKlass com/android/tools/r8/internal/Nz
instanceKlass com/android/tools/r8/internal/yz
instanceKlass com/android/tools/r8/kotlin/f
instanceKlass com/android/tools/r8/kotlin/e
instanceKlass com/android/tools/r8/kotlin/d
instanceKlass java/util/stream/Sink$ChainedInt
instanceKlass java/util/stream/Sink$OfInt
instanceKlass java/util/function/IntConsumer
instanceKlass java/util/function/IntFunction
instanceKlass java/util/stream/Streams$RangeIntSpliterator
instanceKlass java/util/stream/IntStream
instanceKlass com/android/tools/r8/internal/X0
instanceKlass com/android/tools/r8/kotlin/c
instanceKlass com/android/tools/r8/kotlin/g
instanceKlass java/util/stream/Sink$ChainedReference
instanceKlass java/util/stream/ReduceOps$AccumulatingSink
instanceKlass java/util/stream/TerminalSink
instanceKlass java/util/stream/Sink
instanceKlass java/util/stream/ReduceOps$Box
instanceKlass java/util/stream/ReduceOps$ReduceOp
instanceKlass java/util/stream/TerminalOp
instanceKlass java/util/stream/ReduceOps
instanceKlass java/util/function/BinaryOperator
instanceKlass java/util/function/BiConsumer
instanceKlass java/util/stream/Collectors$CollectorImpl
instanceKlass java/util/stream/Collector
instanceKlass java/util/stream/Collectors
instanceKlass sun/reflect/annotation/AnnotationParser
instanceKlass java/lang/Class$3
instanceKlass java/util/EnumMap$1
instanceKlass java/util/stream/StreamOpFlag$MaskBuilder
instanceKlass java/util/stream/Stream
instanceKlass java/util/stream/BaseStream
instanceKlass java/util/stream/PipelineHelper
instanceKlass java/util/stream/StreamSupport
instanceKlass java/util/Spliterators$IteratorSpliterator
instanceKlass java/util/Spliterator$OfDouble
instanceKlass java/util/Spliterator$OfLong
instanceKlass java/util/Spliterator$OfInt
instanceKlass java/util/Spliterator$OfPrimitive
instanceKlass java/util/Spliterators$EmptySpliterator
instanceKlass java/util/Spliterators
instanceKlass com/android/tools/r8/internal/Xy
instanceKlass com/android/tools/r8/internal/W10
instanceKlass com/android/tools/r8/internal/gz
instanceKlass com/android/tools/r8/synthesis/P
instanceKlass com/android/tools/r8/internal/cz
instanceKlass com/android/tools/r8/references/TypeReference
instanceKlass com/android/tools/r8/synthesis/Q$b
instanceKlass com/android/tools/r8/synthesis/Q
instanceKlass com/android/tools/r8/graph/o2
instanceKlass com/android/tools/r8/graph/P1
instanceKlass com/android/tools/r8/graph/l2
instanceKlass com/android/tools/r8/graph/f2
instanceKlass com/android/tools/r8/graph/W1
instanceKlass com/android/tools/r8/graph/j2
instanceKlass com/android/tools/r8/graph/h2
instanceKlass com/android/tools/r8/graph/A1
instanceKlass com/android/tools/r8/graph/i2
instanceKlass com/android/tools/r8/graph/N1
instanceKlass com/android/tools/r8/graph/e2
instanceKlass com/android/tools/r8/graph/T1
instanceKlass com/android/tools/r8/graph/R1
instanceKlass com/android/tools/r8/graph/S1
instanceKlass com/android/tools/r8/graph/g
instanceKlass com/android/tools/r8/graph/C5
instanceKlass com/android/tools/r8/graph/K1
instanceKlass com/android/tools/r8/graph/d2
instanceKlass com/android/tools/r8/graph/I1
instanceKlass com/android/tools/r8/graph/H1
instanceKlass com/android/tools/r8/graph/z1
instanceKlass com/android/tools/r8/graph/B1$d
instanceKlass com/android/tools/r8/graph/k2
instanceKlass com/android/tools/r8/graph/E1
instanceKlass com/android/tools/r8/graph/B1$b
instanceKlass com/android/tools/r8/graph/g2
instanceKlass com/android/tools/r8/graph/n2
instanceKlass com/android/tools/r8/internal/uA
instanceKlass com/android/tools/r8/graph/z4
instanceKlass com/android/tools/r8/graph/E4
instanceKlass com/android/tools/r8/graph/G0
instanceKlass java/lang/invoke/LambdaFormEditor$1
instanceKlass java/lang/StrictMath
instanceKlass com/android/tools/r8/internal/ez
instanceKlass com/android/tools/r8/internal/WG
instanceKlass com/android/tools/r8/internal/zG
instanceKlass com/android/tools/r8/internal/J10
instanceKlass com/android/tools/r8/internal/x10
instanceKlass com/android/tools/r8/internal/mb0
instanceKlass com/android/tools/r8/internal/kj0
instanceKlass com/android/tools/r8/internal/hJ
instanceKlass com/android/tools/r8/internal/v10
instanceKlass com/android/tools/r8/internal/w1
instanceKlass com/android/tools/r8/internal/Qe
instanceKlass com/android/tools/r8/internal/ko0
instanceKlass com/android/tools/r8/internal/mz
instanceKlass com/android/tools/r8/internal/iz
instanceKlass com/android/tools/r8/internal/T6
instanceKlass com/android/tools/r8/internal/sr0
instanceKlass com/android/tools/r8/internal/IF
instanceKlass com/android/tools/r8/internal/P
instanceKlass com/android/tools/r8/internal/xF
instanceKlass com/android/tools/r8/internal/vx
instanceKlass com/android/tools/r8/graph/b2
instanceKlass com/android/tools/r8/graph/B1
instanceKlass com/android/tools/r8/internal/D20
instanceKlass com/android/tools/r8/internal/yu$a
instanceKlass com/android/tools/r8/internal/r7
instanceKlass com/android/tools/r8/internal/es
instanceKlass com/android/tools/r8/internal/i30
instanceKlass com/android/tools/r8/internal/ad0
instanceKlass com/android/tools/r8/internal/w40
instanceKlass com/android/tools/r8/position/Position
instanceKlass com/android/tools/r8/shaking/K0
instanceKlass com/android/tools/r8/utils/ArchiveResourceProvider
instanceKlass com/android/tools/r8/DataResourceProvider
instanceKlass java/lang/invoke/MethodHandles$1
instanceKlass java/lang/Long$LongCache
instanceKlass com/android/tools/r8/a
instanceKlass com/android/tools/r8/internal/T40
instanceKlass com/android/tools/r8/internal/me
instanceKlass com/android/tools/r8/internal/F0
instanceKlass com/android/tools/r8/internal/Hx
instanceKlass com/android/tools/r8/internal/F20
instanceKlass com/android/tools/r8/internal/fB
instanceKlass com/android/tools/r8/internal/U5
instanceKlass com/android/tools/r8/internal/Nk
instanceKlass com/android/tools/r8/utils/E
instanceKlass java/util/zip/ZipFile$ZipEntryIterator
instanceKlass java/util/function/Predicate
instanceKlass com/android/tools/r8/internal/IH
instanceKlass com/android/tools/r8/internal/Zv
instanceKlass sun/nio/fs/WindowsPath$1
instanceKlass com/android/tools/r8/internal/Sn0
instanceKlass com/android/tools/r8/internal/vw
instanceKlass java/util/function/Consumer
instanceKlass com/android/tools/r8/internal/RA
instanceKlass java/util/Spliterator
instanceKlass com/android/tools/r8/p$a
instanceKlass com/android/tools/r8/p
instanceKlass java/util/function/BiPredicate
instanceKlass com/android/tools/r8/utils/j$a
instanceKlass com/android/tools/r8/DataResource
instanceKlass com/android/tools/r8/DataResourceProvider$Visitor
instanceKlass com/android/tools/r8/internal/Gd
instanceKlass com/android/tools/r8/utils/j
instanceKlass com/android/tools/r8/internal/bd0
instanceKlass com/android/tools/r8/o
instanceKlass com/android/tools/r8/ClassFileConsumer$ForwardingConsumer
instanceKlass com/android/tools/r8/ClassFileConsumer
instanceKlass com/android/tools/r8/DexFilePerClassFileConsumer$ForwardingConsumer
instanceKlass com/android/tools/r8/DexFilePerClassFileConsumer
instanceKlass com/android/tools/r8/U
instanceKlass com/android/tools/r8/DataResourceConsumer
instanceKlass com/android/tools/r8/DexIndexedConsumer$ForwardingConsumer
instanceKlass com/android/tools/r8/DexIndexedConsumer
instanceKlass com/android/tools/r8/ByteBufferProvider
instanceKlass com/android/tools/r8/ProgramConsumer
instanceKlass com/android/tools/r8/PartitionMapConsumer
instanceKlass com/android/tools/r8/internal/Kl
instanceKlass com/android/tools/r8/internal/iB
instanceKlass com/android/tools/r8/internal/Gs0
instanceKlass com/android/tools/r8/internal/lz
instanceKlass com/android/tools/r8/internal/MG
instanceKlass com/android/tools/r8/internal/NG
instanceKlass com/android/tools/r8/internal/KB
instanceKlass com/android/tools/r8/profile/art/ArtProfileProvider
instanceKlass com/android/tools/r8/profile/art/ArtProfileConsumer
instanceKlass com/android/tools/r8/StringConsumer
instanceKlass com/android/tools/r8/t0
instanceKlass com/android/tools/r8/Resource
instanceKlass com/android/tools/r8/ClassFileResourceProvider
instanceKlass com/android/tools/r8/m
instanceKlass com/android/tools/r8/naming/Q
instanceKlass com/android/tools/r8/I
instanceKlass com/android/tools/r8/internal/zs
instanceKlass com/android/tools/r8/DiagnosticsHandler
instanceKlass com/android/tools/r8/internal/yu
instanceKlass com/android/tools/r8/internal/zu
instanceKlass java/lang/PublicMethods$Key
instanceKlass java/lang/PublicMethods$MethodList
instanceKlass java/util/concurrent/ExecutorService
instanceKlass java/util/concurrent/Executor
instanceKlass com/android/tools/r8/internal/dh
instanceKlass com/android/tools/r8/internal/E1
instanceKlass com/android/tools/r8/internal/zf
instanceKlass com/android/tools/r8/internal/pR
instanceKlass com/android/tools/r8/graph/j5
instanceKlass com/android/tools/r8/graph/w0
instanceKlass com/android/tools/r8/ProgramResourceProvider
instanceKlass com/android/tools/r8/dex/k
instanceKlass com/android/tools/r8/Diagnostic
instanceKlass com/android/tools/r8/graph/x0
instanceKlass com/android/tools/r8/graph/d1
instanceKlass com/android/tools/r8/internal/ho0
instanceKlass com/android/tools/r8/internal/E20
instanceKlass com/android/tools/r8/internal/ru
instanceKlass com/android/tools/r8/graph/E5
instanceKlass com/android/tools/r8/graph/z5
instanceKlass com/android/tools/r8/graph/F5
instanceKlass com/android/tools/r8/graph/A5
instanceKlass com/android/tools/r8/graph/n1
instanceKlass com/android/tools/r8/graph/b0
instanceKlass com/android/tools/r8/graph/S
instanceKlass com/android/tools/r8/graph/o0
instanceKlass jdk/internal/reflect/ClassDefiner$1
instanceKlass jdk/internal/reflect/ClassDefiner
instanceKlass jdk/internal/reflect/MethodAccessorGenerator$1
instanceKlass jdk/internal/reflect/Label$PatchInfo
instanceKlass jdk/internal/reflect/Label
instanceKlass jdk/internal/reflect/UTF8
instanceKlass jdk/internal/reflect/ClassFileAssembler
instanceKlass jdk/internal/reflect/ByteVectorImpl
instanceKlass jdk/internal/reflect/ByteVector
instanceKlass jdk/internal/reflect/ByteVectorFactory
instanceKlass jdk/internal/reflect/AccessorGenerator
instanceKlass jdk/internal/reflect/ClassFileConstants
instanceKlass com/android/tools/r8/BaseCommand$Builder
instanceKlass com/android/tools/r8/origin/Origin
instanceKlass com/android/tools/r8/BaseCommand
instanceKlass com/android/tools/r8/D8
instanceKlass java/security/SecureClassLoader$DebugHolder
instanceKlass java/security/PermissionCollection
instanceKlass java/security/SecureClassLoader$1
instanceKlass java/security/SecureClassLoader$CodeSourceKey
instanceKlass java/util/zip/Checksum$1
instanceKlass java/util/zip/CRC32
instanceKlass java/util/zip/Checksum
instanceKlass sun/nio/ByteBuffered
instanceKlass sun/security/util/ManifestEntryVerifier$SunProviderHolder
instanceKlass java/lang/Package$VersionInfo
instanceKlass java/lang/NamedPackage
instanceKlass java/util/Base64$Encoder
instanceKlass java/util/Base64$Decoder
instanceKlass java/util/Base64
instanceKlass javax/crypto/SecretKey
instanceKlass sun/security/util/Length
instanceKlass sun/security/util/KeyUtil
instanceKlass java/security/interfaces/XECKey
instanceKlass java/security/interfaces/ECKey
instanceKlass sun/security/util/JarConstraintsParameters
instanceKlass sun/security/util/ConstraintsParameters
instanceKlass java/security/Timestamp
instanceKlass sun/security/timestamp/TimestampToken
instanceKlass java/security/cert/CertPath
instanceKlass java/math/MutableBigInteger
instanceKlass sun/security/rsa/RSAPadding
instanceKlass sun/security/rsa/RSACore
instanceKlass java/security/interfaces/RSAPrivateCrtKey
instanceKlass sun/security/pkcs/PKCS8Key
instanceKlass java/security/interfaces/RSAPrivateKey
instanceKlass java/security/PrivateKey
instanceKlass javax/security/auth/Destroyable
instanceKlass sun/security/jca/ServiceId
instanceKlass java/security/Signature$1
instanceKlass jdk/internal/access/JavaSecuritySignatureAccess
instanceKlass java/security/SignatureSpi
instanceKlass jdk/internal/icu/util/CodePointTrie$Data
instanceKlass jdk/internal/icu/util/CodePointTrie$1
instanceKlass jdk/internal/icu/util/CodePointMap
instanceKlass jdk/internal/icu/util/VersionInfo
instanceKlass jdk/internal/jimage/ImageLocation
instanceKlass jdk/internal/jimage/decompressor/Decompressor
instanceKlass jdk/internal/jimage/ImageStringsReader
instanceKlass jdk/internal/jimage/ImageStrings
instanceKlass jdk/internal/jimage/ImageHeader
instanceKlass jdk/internal/jimage/NativeImageBuffer$1
instanceKlass jdk/internal/jimage/NativeImageBuffer
instanceKlass jdk/internal/jimage/BasicImageReader$1
instanceKlass jdk/internal/jimage/BasicImageReader
instanceKlass jdk/internal/jimage/ImageReader
instanceKlass jdk/internal/jimage/ImageReaderFactory$1
instanceKlass java/nio/file/FileSystems$DefaultFileSystemHolder$1
instanceKlass java/nio/file/FileSystems$DefaultFileSystemHolder
instanceKlass java/nio/file/FileSystems
instanceKlass java/nio/file/Paths
instanceKlass jdk/internal/jimage/ImageReaderFactory
instanceKlass jdk/internal/module/SystemModuleFinders$SystemImage
instanceKlass jdk/internal/module/SystemModuleFinders$SystemModuleReader
instanceKlass java/lang/module/ModuleReader
instanceKlass jdk/internal/loader/BuiltinClassLoader$5
instanceKlass jdk/internal/module/Checks
instanceKlass jdk/internal/module/Resources
instanceKlass jdk/internal/icu/impl/ICUBinary$1
instanceKlass jdk/internal/icu/impl/ICUBinary
instanceKlass jdk/internal/icu/impl/NormalizerImpl$IsAcceptable
instanceKlass jdk/internal/icu/impl/ICUBinary$Authenticate
instanceKlass jdk/internal/icu/impl/NormalizerImpl
instanceKlass jdk/internal/icu/impl/Norm2AllModes$Norm2AllModesSingleton
instanceKlass jdk/internal/icu/impl/Norm2AllModes$NFKCSingleton
instanceKlass jdk/internal/icu/impl/Norm2AllModes
instanceKlass jdk/internal/icu/text/Normalizer2
instanceKlass jdk/internal/icu/text/NormalizerBase$ModeImpl
instanceKlass jdk/internal/icu/text/NormalizerBase$NFKDModeImpl
instanceKlass jdk/internal/icu/text/NormalizerBase$1
instanceKlass jdk/internal/icu/text/NormalizerBase$Mode
instanceKlass jdk/internal/icu/text/NormalizerBase
instanceKlass java/text/Normalizer
instanceKlass sun/security/x509/AVAKeyword
instanceKlass java/util/StringJoiner
instanceKlass sun/security/util/SignatureUtil
instanceKlass java/lang/constant/DynamicConstantDesc
instanceKlass java/lang/constant/DirectMethodHandleDesc$1
instanceKlass java/lang/constant/DirectMethodHandleDescImpl$1
instanceKlass java/lang/constant/DirectMethodHandleDescImpl
instanceKlass java/lang/constant/DirectMethodHandleDesc
instanceKlass java/lang/constant/MethodHandleDesc$1
instanceKlass java/lang/constant/MethodHandleDesc
instanceKlass java/lang/constant/MethodTypeDescImpl
instanceKlass java/lang/constant/MethodTypeDesc
instanceKlass java/lang/constant/ReferenceClassDescImpl
instanceKlass java/lang/constant/ConstantUtils
instanceKlass java/lang/constant/ClassDesc
instanceKlass java/lang/constant/ConstantDescs
instanceKlass java/lang/invoke/VarHandle$2
instanceKlass java/lang/invoke/VarHandle$TypesAndInvokers
instanceKlass java/lang/invoke/VarHandle$AccessDescriptor
instanceKlass java/lang/invoke/VarHandleByteArrayBase
instanceKlass sun/security/provider/ByteArrayAccess$BE
instanceKlass sun/security/provider/ByteArrayAccess
instanceKlass sun/security/util/MessageDigestSpi2
instanceKlass java/security/MessageDigestSpi
instanceKlass sun/security/pkcs/ESSCertId
instanceKlass sun/security/pkcs/SigningCertificateInfo
instanceKlass java/lang/Byte$ByteCache
instanceKlass sun/security/pkcs/PKCS9Attribute
instanceKlass sun/security/pkcs/PKCS9Attributes
instanceKlass java/time/Instant
instanceKlass java/time/zone/ZoneOffsetTransition
instanceKlass java/time/LocalTime
instanceKlass java/time/temporal/ValueRange
instanceKlass java/time/Duration
instanceKlass java/time/temporal/TemporalAmount
instanceKlass java/time/temporal/TemporalUnit
instanceKlass java/time/temporal/TemporalField
instanceKlass java/time/LocalDate
instanceKlass java/time/chrono/ChronoLocalDate
instanceKlass java/time/ZonedDateTime
instanceKlass java/time/chrono/ChronoZonedDateTime
instanceKlass java/time/LocalDateTime
instanceKlass java/time/chrono/ChronoLocalDateTime
instanceKlass java/time/temporal/Temporal
instanceKlass java/time/zone/ZoneOffsetTransitionRule
instanceKlass java/time/zone/ZoneRules
instanceKlass java/time/temporal/TemporalAdjuster
instanceKlass java/time/temporal/TemporalAccessor
instanceKlass java/time/ZoneId
instanceKlass java/util/regex/Pattern$BmpCharPredicate
instanceKlass java/util/regex/CharPredicates
instanceKlass sun/security/util/DisabledAlgorithmConstraints$Constraints$Holder
instanceKlass sun/security/util/DisabledAlgorithmConstraints$1
instanceKlass sun/security/util/DisabledAlgorithmConstraints$Constraint
instanceKlass java/util/StringTokenizer
instanceKlass java/security/spec/ECFieldF2m
instanceKlass java/security/spec/ECParameterSpec
instanceKlass java/security/spec/ECPoint
instanceKlass java/security/spec/EllipticCurve
instanceKlass java/security/spec/ECFieldFp
instanceKlass java/security/spec/ECField
instanceKlass sun/security/util/CurveDB
instanceKlass sun/security/util/DisabledAlgorithmConstraints$Constraints
instanceKlass java/util/regex/IntHashSet
instanceKlass java/util/regex/Matcher
instanceKlass java/util/regex/MatchResult
instanceKlass java/util/TreeMap$PrivateEntryIterator
instanceKlass java/util/NavigableSet
instanceKlass java/util/SortedSet
instanceKlass sun/security/util/AbstractAlgorithmConstraints$1
instanceKlass sun/security/util/AlgorithmDecomposer
instanceKlass sun/security/util/DisabledAlgorithmConstraints$JarHolder
instanceKlass java/util/regex/Pattern$TreeInfo
instanceKlass java/util/regex/Pattern$CharPredicate
instanceKlass java/util/regex/ASCII
instanceKlass java/util/regex/Pattern$Node
instanceKlass java/util/regex/Pattern
instanceKlass sun/security/util/AbstractAlgorithmConstraints
instanceKlass java/security/AlgorithmConstraints
instanceKlass sun/security/pkcs/SignerInfo
instanceKlass java/security/cert/PolicyQualifierInfo
instanceKlass sun/security/x509/CertificatePolicyId
instanceKlass sun/security/x509/PolicyInformation
instanceKlass sun/security/x509/DistributionPoint
instanceKlass sun/security/x509/DNSName
instanceKlass java/net/URI$Parser
instanceKlass sun/security/x509/URIName
instanceKlass sun/security/x509/GeneralName
instanceKlass sun/security/x509/AccessDescription
instanceKlass sun/security/x509/GeneralNames
instanceKlass java/lang/invoke/VarForm
instanceKlass java/lang/invoke/VarHandleGuards
instanceKlass jdk/internal/util/Preconditions$1
instanceKlass java/util/function/BiFunction
instanceKlass java/lang/invoke/VarHandle$1
instanceKlass java/lang/invoke/VarHandles
instanceKlass java/lang/System$Logger
instanceKlass jdk/internal/event/EventHelper
instanceKlass sun/security/jca/JCAUtil
instanceKlass sun/security/util/MemoryCache$CacheEntry
instanceKlass sun/security/x509/X509AttributeName
instanceKlass sun/security/x509/KeyIdentifier
instanceKlass java/util/TreeMap$Entry
instanceKlass sun/security/x509/OIDMap$OIDInfo
instanceKlass sun/security/x509/PKIXExtensions
instanceKlass sun/security/x509/OIDMap
instanceKlass sun/security/x509/Extension
instanceKlass java/security/cert/Extension
instanceKlass java/util/Collections$SynchronizedMap
instanceKlass java/util/NavigableMap
instanceKlass java/util/SortedMap
instanceKlass sun/security/x509/CertificateExtensions
instanceKlass sun/security/rsa/RSAUtil
instanceKlass sun/security/util/IOUtils
instanceKlass java/security/interfaces/RSAPublicKey
instanceKlass java/security/interfaces/RSAKey
instanceKlass java/security/spec/PSSParameterSpec
instanceKlass java/security/spec/AlgorithmParameterSpec
instanceKlass java/security/spec/RSAPrivateKeySpec
instanceKlass java/security/spec/RSAPublicKeySpec
instanceKlass java/security/KeyFactorySpi
instanceKlass sun/security/rsa/SunRsaSignEntries
instanceKlass sun/security/jca/ProviderList$ServiceList$1
instanceKlass java/security/KeyFactory
instanceKlass java/security/spec/EncodedKeySpec$1
instanceKlass jdk/internal/access/JavaSecuritySpecAccess
instanceKlass java/security/spec/EncodedKeySpec
instanceKlass java/security/spec/KeySpec
instanceKlass sun/security/util/BitArray
instanceKlass sun/security/x509/X509Key
instanceKlass java/security/PublicKey
instanceKlass java/security/Key
instanceKlass sun/security/x509/CertificateX509Key
instanceKlass java/util/Date
instanceKlass sun/util/calendar/CalendarUtils
instanceKlass sun/util/calendar/CalendarDate
instanceKlass sun/util/calendar/CalendarSystem$GregorianHolder
instanceKlass sun/util/calendar/CalendarSystem
instanceKlass sun/security/x509/CertificateValidity
instanceKlass sun/security/x509/AVA
instanceKlass sun/security/x509/RDN
instanceKlass javax/security/auth/x500/X500Principal
instanceKlass sun/security/x509/X500Name$1
instanceKlass sun/security/x509/X500Name
instanceKlass sun/security/x509/GeneralNameInterface
instanceKlass sun/security/x509/CertificateAlgorithmId
instanceKlass sun/security/x509/SerialNumber
instanceKlass sun/security/x509/CertificateSerialNumber
instanceKlass sun/security/x509/CertificateVersion
instanceKlass sun/security/x509/X509CertInfo
instanceKlass sun/security/x509/CertAttrSet
instanceKlass sun/security/util/Cache$EqualByteArray
instanceKlass java/security/cert/X509Extension
instanceKlass sun/security/jca/GetInstance$Instance
instanceKlass sun/security/util/Cache
instanceKlass jdk/internal/event/Event
instanceKlass sun/security/jca/GetInstance
instanceKlass java/security/cert/CertificateFactorySpi
instanceKlass java/security/cert/CertificateFactory
instanceKlass sun/security/x509/AlgorithmId
instanceKlass sun/security/util/ByteArrayTagOrder
instanceKlass sun/security/util/ByteArrayLexOrder
instanceKlass sun/security/util/DerEncoder
instanceKlass sun/security/util/DerValue
instanceKlass sun/security/util/ObjectIdentifier
instanceKlass sun/security/pkcs/ContentInfo
instanceKlass sun/security/util/DerInputStream
instanceKlass sun/security/pkcs/PKCS7
instanceKlass java/util/Collections$EmptyIterator
instanceKlass java/util/LinkedHashMap$LinkedHashIterator
instanceKlass sun/security/util/SecurityProviderConstants
instanceKlass java/security/Provider$UString
instanceKlass java/security/Provider$Service
instanceKlass sun/security/provider/NativePRNG$NonBlocking
instanceKlass sun/security/provider/NativePRNG$Blocking
instanceKlass sun/security/provider/NativePRNG
instanceKlass sun/security/provider/SunEntries$1
instanceKlass sun/security/provider/SunEntries
instanceKlass sun/security/util/SecurityConstants
instanceKlass java/security/Security$2
instanceKlass jdk/internal/access/JavaSecurityPropertiesAccess
instanceKlass java/util/concurrent/ConcurrentHashMap$MapEntry
instanceKlass java/io/FileInputStream$1
instanceKlass java/util/Properties$LineReader
instanceKlass java/security/Security$1
instanceKlass java/security/Security
instanceKlass sun/security/jca/ProviderList$2
instanceKlass jdk/internal/math/FloatingDecimal$ASCIIToBinaryBuffer
instanceKlass jdk/internal/math/FloatingDecimal$PreparedASCIIToBinaryBuffer
instanceKlass jdk/internal/math/FloatingDecimal$ASCIIToBinaryConverter
instanceKlass jdk/internal/math/FloatingDecimal$BinaryToASCIIBuffer
instanceKlass jdk/internal/math/FloatingDecimal$ExceptionalBinaryToASCIIBuffer
instanceKlass jdk/internal/math/FloatingDecimal$BinaryToASCIIConverter
instanceKlass jdk/internal/math/FloatingDecimal
instanceKlass javax/security/auth/login/Configuration$Parameters
instanceKlass java/security/Policy$Parameters
instanceKlass java/security/cert/CertStoreParameters
instanceKlass java/security/SecureRandomParameters
instanceKlass java/security/Provider$EngineDescription
instanceKlass java/security/Provider$ServiceKey
instanceKlass sun/security/jca/ProviderConfig
instanceKlass sun/security/jca/ProviderList
instanceKlass sun/security/jca/Providers
instanceKlass jdk/internal/org/objectweb/asm/FieldVisitor
instanceKlass java/lang/invoke/InvokerBytecodeGenerator$ClassData
instanceKlass jdk/internal/org/objectweb/asm/Frame
instanceKlass java/lang/invoke/LambdaFormBuffer
instanceKlass java/lang/invoke/LambdaFormEditor$TransformKey
instanceKlass java/lang/invoke/LambdaFormEditor
instanceKlass sun/invoke/util/Wrapper$1
instanceKlass java/lang/invoke/DelegatingMethodHandle$Holder
instanceKlass java/lang/invoke/DirectMethodHandle$2
instanceKlass sun/invoke/empty/Empty
instanceKlass sun/invoke/util/VerifyType
instanceKlass java/lang/invoke/ClassSpecializer$Factory
instanceKlass java/lang/invoke/ClassSpecializer$SpeciesData
instanceKlass java/lang/invoke/ClassSpecializer$1
instanceKlass java/lang/invoke/ClassSpecializer
instanceKlass java/lang/invoke/InnerClassLambdaMetafactory$1
instanceKlass java/lang/invoke/MethodHandles$Lookup$ClassDefiner
instanceKlass jdk/internal/org/objectweb/asm/ClassReader
instanceKlass java/lang/invoke/MethodHandles$Lookup$ClassFile
instanceKlass jdk/internal/org/objectweb/asm/AnnotationVisitor
instanceKlass jdk/internal/org/objectweb/asm/Attribute
instanceKlass jdk/internal/org/objectweb/asm/Handler
instanceKlass jdk/internal/org/objectweb/asm/Label
instanceKlass jdk/internal/org/objectweb/asm/MethodVisitor
instanceKlass java/lang/invoke/LambdaProxyClassArchive
instanceKlass jdk/internal/org/objectweb/asm/ByteVector
instanceKlass jdk/internal/org/objectweb/asm/Symbol
instanceKlass jdk/internal/org/objectweb/asm/SymbolTable
instanceKlass jdk/internal/org/objectweb/asm/ClassVisitor
instanceKlass java/lang/invoke/InfoFromMemberName
instanceKlass java/lang/invoke/MethodHandleInfo
instanceKlass jdk/internal/org/objectweb/asm/ConstantDynamic
instanceKlass sun/invoke/util/BytecodeDescriptor
instanceKlass jdk/internal/org/objectweb/asm/Handle
instanceKlass sun/security/action/GetBooleanAction
instanceKlass jdk/internal/org/objectweb/asm/Type
instanceKlass java/lang/invoke/AbstractValidatingLambdaMetafactory
instanceKlass java/lang/invoke/MethodHandleImpl$1
instanceKlass jdk/internal/access/JavaLangInvokeAccess
instanceKlass java/lang/invoke/Invokers$Holder
instanceKlass java/lang/invoke/BootstrapMethodInvoker
instanceKlass java/lang/invoke/InvokerBytecodeGenerator$2
instanceKlass java/lang/invoke/InvokerBytecodeGenerator
instanceKlass java/lang/invoke/LambdaForm$Holder
instanceKlass java/lang/invoke/LambdaForm$Name
instanceKlass java/lang/invoke/Invokers
instanceKlass java/lang/invoke/MethodHandleImpl
instanceKlass sun/invoke/util/ValueConversions
instanceKlass java/lang/invoke/DirectMethodHandle$Holder
instanceKlass java/lang/invoke/LambdaForm$NamedFunction
instanceKlass sun/invoke/util/Wrapper$Format
instanceKlass java/lang/invoke/MethodTypeForm
instanceKlass java/lang/Void
instanceKlass java/lang/invoke/MethodType$ConcurrentWeakInternSet
instanceKlass java/lang/invoke/LambdaMetafactory
instanceKlass sun/security/util/ManifestDigester$Section
instanceKlass sun/security/util/ManifestDigester$Entry
instanceKlass sun/security/util/ManifestDigester$Position
instanceKlass sun/security/util/ManifestDigester
instanceKlass sun/security/util/ManifestEntryVerifier
instanceKlass java/util/jar/Attributes$Name
instanceKlass java/util/jar/Attributes
instanceKlass java/security/CodeSigner
instanceKlass java/util/jar/JarVerifier
instanceKlass jdk/internal/loader/Resource
instanceKlass java/util/ArrayList$Itr
instanceKlass sun/security/action/GetIntegerAction
instanceKlass sun/security/util/Debug
instanceKlass sun/security/util/SignatureFileVerifier
instanceKlass java/util/zip/ZipFile$InflaterCleanupAction
instanceKlass java/util/zip/Inflater$InflaterZStreamRef
instanceKlass java/util/zip/Inflater
instanceKlass java/util/zip/ZipEntry
instanceKlass jdk/internal/util/jar/JarIndex
instanceKlass java/nio/Bits$1
instanceKlass jdk/internal/misc/VM$BufferPool
instanceKlass java/nio/Bits
instanceKlass sun/nio/ch/DirectBuffer
instanceKlass jdk/internal/perf/PerfCounter$CoreCounters
instanceKlass jdk/internal/perf/Perf
instanceKlass jdk/internal/perf/Perf$GetPerfAction
instanceKlass jdk/internal/perf/PerfCounter
instanceKlass java/nio/file/attribute/FileTime
instanceKlass java/util/zip/ZipUtils
instanceKlass java/util/zip/ZipFile$Source$End
instanceKlass java/io/RandomAccessFile$2
instanceKlass jdk/internal/access/JavaIORandomAccessFileAccess
instanceKlass java/io/RandomAccessFile
instanceKlass java/io/DataInput
instanceKlass java/io/DataOutput
instanceKlass sun/nio/fs/WindowsNativeDispatcher$CompletionStatus
instanceKlass sun/nio/fs/WindowsNativeDispatcher$AclInformation
instanceKlass sun/nio/fs/WindowsNativeDispatcher$Account
instanceKlass sun/nio/fs/WindowsNativeDispatcher$DiskFreeSpace
instanceKlass sun/nio/fs/WindowsNativeDispatcher$VolumeInformation
instanceKlass sun/nio/fs/WindowsNativeDispatcher$FirstStream
instanceKlass sun/nio/fs/WindowsNativeDispatcher$FirstFile
instanceKlass java/util/Enumeration
instanceKlass java/util/concurrent/ConcurrentHashMap$Traverser
instanceKlass java/util/concurrent/ConcurrentHashMap$CollectionView
instanceKlass jdk/internal/loader/NativeLibraries$NativeLibraryImpl
instanceKlass jdk/internal/loader/NativeLibrary
instanceKlass java/util/ArrayDeque$DeqIterator
instanceKlass jdk/internal/loader/NativeLibraries$1
instanceKlass jdk/internal/loader/NativeLibraries$LibraryPaths
instanceKlass sun/nio/fs/WindowsNativeDispatcher
instanceKlass sun/nio/fs/NativeBuffer$Deallocator
instanceKlass sun/nio/fs/NativeBuffer
instanceKlass java/lang/ThreadLocal$ThreadLocalMap
instanceKlass sun/nio/fs/NativeBuffers
instanceKlass sun/nio/fs/WindowsFileAttributes
instanceKlass java/nio/file/attribute/DosFileAttributes
instanceKlass sun/nio/fs/AbstractBasicFileAttributeView
instanceKlass sun/nio/fs/DynamicFileAttributeView
instanceKlass sun/nio/fs/WindowsFileAttributeViews
instanceKlass sun/nio/fs/Util
instanceKlass java/nio/file/attribute/BasicFileAttributeView
instanceKlass java/nio/file/attribute/FileAttributeView
instanceKlass java/nio/file/attribute/AttributeView
instanceKlass java/nio/file/Files
instanceKlass java/nio/file/CopyOption
instanceKlass java/nio/file/attribute/BasicFileAttributes
instanceKlass sun/nio/fs/WindowsPath
instanceKlass java/nio/file/Path
instanceKlass java/nio/file/Watchable
instanceKlass java/util/zip/ZipFile$Source$Key
instanceKlass sun/nio/fs/WindowsPathParser$Result
instanceKlass sun/nio/fs/WindowsPathParser
instanceKlass java/util/Collections$UnmodifiableCollection
instanceKlass java/util/Arrays$ArrayItr
instanceKlass java/nio/file/FileSystem
instanceKlass java/nio/file/OpenOption
instanceKlass java/nio/file/spi/FileSystemProvider
instanceKlass sun/nio/fs/DefaultFileSystemProvider
instanceKlass java/util/zip/ZipFile$Source
instanceKlass java/lang/ref/Cleaner$Cleanable
instanceKlass jdk/internal/ref/CleanerImpl
instanceKlass java/lang/ref/Cleaner$1
instanceKlass java/lang/ref/Cleaner
instanceKlass jdk/internal/ref/CleanerFactory$1
instanceKlass java/util/concurrent/ThreadFactory
instanceKlass jdk/internal/ref/CleanerFactory
instanceKlass java/util/zip/ZipCoder
instanceKlass java/util/zip/ZipFile$CleanableResource
instanceKlass java/lang/Runtime$Version
instanceKlass java/util/jar/JavaUtilJarAccessImpl
instanceKlass jdk/internal/access/JavaUtilJarAccess
instanceKlass java/nio/charset/CoderResult
instanceKlass java/lang/Readable
instanceKlass jdk/internal/loader/FileURLMapper
instanceKlass jdk/internal/loader/URLClassPath$JarLoader$1
instanceKlass java/util/zip/ZipFile$1
instanceKlass jdk/internal/access/JavaUtilZipFileAccess
instanceKlass java/util/zip/ZipFile
instanceKlass java/util/zip/ZipConstants
instanceKlass jdk/internal/loader/URLClassPath$Loader
instanceKlass jdk/internal/loader/URLClassPath$3
instanceKlass java/security/PrivilegedExceptionAction
instanceKlass sun/util/locale/LocaleObjectCache
instanceKlass sun/util/locale/BaseLocale$Key
instanceKlass sun/util/locale/LocaleUtils
instanceKlass sun/util/locale/BaseLocale
instanceKlass java/util/Locale
instanceKlass sun/net/util/URLUtil
instanceKlass sun/launcher/LauncherHelper
instanceKlass java/lang/reflect/Array
instanceKlass java/lang/invoke/StringConcatFactory$3
instanceKlass java/lang/invoke/StringConcatFactory$2
instanceKlass java/lang/invoke/StringConcatFactory$1
instanceKlass java/lang/invoke/StringConcatFactory
instanceKlass java/lang/ModuleLayer$Controller
instanceKlass java/util/concurrent/CopyOnWriteArrayList
instanceKlass jdk/internal/module/ServicesCatalog$ServiceProvider
instanceKlass jdk/internal/loader/AbstractClassLoaderValue$Memoizer
instanceKlass java/util/ImmutableCollections$ListItr
instanceKlass java/util/ListIterator
instanceKlass java/lang/ModuleLayer
instanceKlass jdk/internal/module/ModuleLoaderMap$Modules
instanceKlass jdk/internal/module/ModuleLoaderMap$Mapper
instanceKlass java/util/function/Function
instanceKlass jdk/internal/module/ModuleLoaderMap
instanceKlass java/util/AbstractMap$1$1
instanceKlass java/lang/module/ResolvedModule
instanceKlass java/lang/module/Configuration
instanceKlass jdk/internal/loader/BuiltinClassLoader$LoadedModule
instanceKlass jdk/internal/loader/AbstractClassLoaderValue
instanceKlass jdk/internal/module/ServicesCatalog
instanceKlass jdk/internal/util/Preconditions
instanceKlass sun/net/util/IPAddressUtil
instanceKlass java/net/URLStreamHandler
instanceKlass java/util/HexFormat
instanceKlass sun/net/www/ParseUtil
instanceKlass java/net/URL$3
instanceKlass jdk/internal/access/JavaNetURLAccess
instanceKlass java/net/URL$DefaultFactory
instanceKlass java/net/URLStreamHandlerFactory
instanceKlass jdk/internal/loader/URLClassPath
instanceKlass java/security/Principal
instanceKlass java/security/ProtectionDomain$Key
instanceKlass java/security/ProtectionDomain$JavaSecurityAccessImpl
instanceKlass jdk/internal/access/JavaSecurityAccess
instanceKlass java/lang/ClassLoader$ParallelLoaders
instanceKlass java/security/cert/Certificate
instanceKlass jdk/internal/loader/ArchivedClassLoaders
instanceKlass java/util/Deque
instanceKlass java/util/Queue
instanceKlass jdk/internal/loader/ClassLoaderHelper
instanceKlass jdk/internal/loader/NativeLibraries
instanceKlass jdk/internal/loader/BootLoader
instanceKlass java/util/Optional
instanceKlass jdk/internal/module/SystemModuleFinders$SystemModuleFinder
instanceKlass java/lang/module/ModuleFinder
instanceKlass jdk/internal/module/SystemModuleFinders$3
instanceKlass jdk/internal/module/ModuleHashes$HashSupplier
instanceKlass jdk/internal/module/SystemModuleFinders$2
instanceKlass java/util/function/Supplier
instanceKlass java/lang/module/ModuleReference
instanceKlass jdk/internal/module/ModuleResolution
instanceKlass java/util/Collections$UnmodifiableMap
instanceKlass jdk/internal/module/ModuleHashes$Builder
instanceKlass jdk/internal/module/ModuleHashes
instanceKlass jdk/internal/module/ModuleTarget
instanceKlass java/util/ImmutableCollections$Set12$1
instanceKlass java/lang/Enum
instanceKlass java/lang/module/ModuleDescriptor$Version
instanceKlass java/lang/module/ModuleDescriptor$Provides
instanceKlass java/lang/module/ModuleDescriptor$Opens
instanceKlass java/util/ImmutableCollections$SetN$SetNIterator
instanceKlass java/lang/module/ModuleDescriptor$Exports
instanceKlass java/lang/module/ModuleDescriptor$Requires
instanceKlass jdk/internal/module/Builder
instanceKlass jdk/internal/module/SystemModules$default
instanceKlass jdk/internal/module/SystemModules
instanceKlass jdk/internal/module/SystemModulesMap
instanceKlass java/net/URI$1
instanceKlass jdk/internal/access/JavaNetUriAccess
instanceKlass java/net/URI
instanceKlass jdk/internal/module/SystemModuleFinders
instanceKlass jdk/internal/module/ArchivedModuleGraph
instanceKlass jdk/internal/module/ArchivedBootLayer
instanceKlass jdk/internal/module/ModuleBootstrap$Counters
instanceKlass jdk/internal/module/ModulePatcher
instanceKlass java/io/FileSystem
instanceKlass java/io/DefaultFileSystem
instanceKlass java/io/File
instanceKlass java/lang/module/ModuleDescriptor$1
instanceKlass jdk/internal/access/JavaLangModuleAccess
instanceKlass sun/invoke/util/VerifyAccess
instanceKlass java/lang/module/ModuleDescriptor
instanceKlass jdk/internal/module/ModuleBootstrap
instanceKlass java/lang/invoke/MethodHandleStatics
instanceKlass java/util/Collections
instanceKlass sun/io/Win32ErrorMode
instanceKlass jdk/internal/misc/OSEnvironment
instanceKlass jdk/internal/misc/Signal$NativeHandler
instanceKlass java/util/Hashtable$Entry
instanceKlass jdk/internal/misc/Signal
instanceKlass java/lang/Terminator$1
instanceKlass jdk/internal/misc/Signal$Handler
instanceKlass java/lang/Terminator
instanceKlass java/nio/ByteOrder
instanceKlass java/nio/Buffer$1
instanceKlass jdk/internal/access/JavaNioAccess
instanceKlass jdk/internal/misc/ScopedMemoryAccess
instanceKlass sun/nio/cs/ArrayEncoder
instanceKlass java/nio/charset/CharsetEncoder
instanceKlass sun/security/action/GetPropertyAction
instanceKlass java/io/Writer
instanceKlass java/io/OutputStream
instanceKlass java/io/Flushable
instanceKlass java/io/FileDescriptor$1
instanceKlass jdk/internal/access/JavaIOFileDescriptorAccess
instanceKlass java/io/FileDescriptor
instanceKlass jdk/internal/util/StaticProperty
instanceKlass java/util/HashMap$HashIterator
instanceKlass java/lang/Integer$IntegerCache
instanceKlass java/lang/CharacterData
instanceKlass java/lang/VersionProps
instanceKlass java/lang/StringConcatHelper
instanceKlass java/lang/StringCoding
instanceKlass java/nio/charset/CodingErrorAction
instanceKlass sun/nio/cs/SingleByte
instanceKlass java/lang/StringUTF16
instanceKlass sun/nio/cs/MS1250$Holder
instanceKlass sun/nio/cs/ArrayDecoder
instanceKlass java/nio/charset/CharsetDecoder
instanceKlass java/lang/reflect/Modifier
instanceKlass java/lang/Class$1
instanceKlass java/lang/Class$Atomic
instanceKlass java/lang/Class$ReflectionData
instanceKlass jdk/internal/util/ArraysSupport
instanceKlass java/nio/charset/StandardCharsets
instanceKlass sun/nio/cs/HistoricallyNamedCharset
instanceKlass java/util/Arrays
instanceKlass java/lang/ThreadLocal
instanceKlass java/nio/charset/spi/CharsetProvider
instanceKlass java/nio/charset/Charset
instanceKlass jdk/internal/misc/VM
instanceKlass jdk/internal/util/SystemProps$Raw
instanceKlass jdk/internal/util/SystemProps
instanceKlass java/lang/System$2
instanceKlass jdk/internal/access/JavaLangAccess
instanceKlass java/lang/ref/Reference$1
instanceKlass jdk/internal/access/JavaLangRefAccess
instanceKlass java/lang/ref/ReferenceQueue$Lock
instanceKlass java/lang/ref/ReferenceQueue
instanceKlass jdk/internal/reflect/ReflectionFactory
instanceKlass jdk/internal/reflect/ReflectionFactory$GetReflectionFactoryAction
instanceKlass java/security/PrivilegedAction
instanceKlass java/util/concurrent/locks/LockSupport
instanceKlass java/util/concurrent/ConcurrentHashMap$Node
instanceKlass java/util/concurrent/ConcurrentHashMap$CounterCell
instanceKlass java/util/concurrent/locks/ReentrantLock
instanceKlass java/util/concurrent/locks/Lock
instanceKlass java/lang/Runtime
instanceKlass java/util/HashMap$Node
instanceKlass java/util/KeyValueHolder
instanceKlass java/util/Map$Entry
instanceKlass java/util/ImmutableCollections$MapN$MapNIterator
instanceKlass java/lang/Math
instanceKlass jdk/internal/reflect/Reflection
instanceKlass java/lang/invoke/MethodHandles$Lookup
instanceKlass java/lang/StringLatin1
instanceKlass java/security/Permission
instanceKlass java/security/Guard
instanceKlass java/lang/invoke/MemberName$Factory
instanceKlass java/lang/invoke/MethodHandles
instanceKlass jdk/internal/access/SharedSecrets
instanceKlass java/lang/reflect/ReflectAccess
instanceKlass jdk/internal/access/JavaLangReflectAccess
instanceKlass java/util/ImmutableCollections
instanceKlass java/util/Objects
instanceKlass java/util/Set
instanceKlass jdk/internal/misc/CDS
instanceKlass java/lang/Module$ArchivedData
instanceKlass java/lang/String$CaseInsensitiveComparator
instanceKlass java/util/Comparator
instanceKlass java/io/ObjectStreamField
instanceKlass jdk/internal/vm/vector/VectorSupport$VectorPayload
instanceKlass jdk/internal/vm/vector/VectorSupport
instanceKlass java/lang/reflect/RecordComponent
instanceKlass java/util/Iterator
instanceKlass java/lang/Number
instanceKlass java/lang/Character
instanceKlass java/lang/Boolean
instanceKlass java/util/concurrent/locks/AbstractOwnableSynchronizer
instanceKlass java/lang/LiveStackFrame
instanceKlass java/lang/StackFrameInfo
instanceKlass java/lang/StackWalker$StackFrame
instanceKlass java/lang/StackStreamFactory$AbstractStackWalker
instanceKlass java/lang/StackWalker
instanceKlass java/nio/Buffer
instanceKlass java/lang/StackTraceElement
instanceKlass java/util/RandomAccess
instanceKlass java/util/List
instanceKlass java/util/AbstractCollection
instanceKlass java/util/Collection
instanceKlass java/lang/Iterable
instanceKlass java/util/concurrent/ConcurrentMap
instanceKlass java/util/AbstractMap
instanceKlass java/security/CodeSource
instanceKlass jdk/internal/loader/ClassLoaders
instanceKlass java/util/jar/Manifest
instanceKlass java/net/URL
instanceKlass java/io/InputStream
instanceKlass java/io/Closeable
instanceKlass java/lang/AutoCloseable
instanceKlass jdk/internal/module/Modules
instanceKlass jdk/internal/misc/Unsafe
instanceKlass jdk/internal/misc/UnsafeConstants
instanceKlass java/lang/AbstractStringBuilder
instanceKlass java/lang/Appendable
instanceKlass java/lang/AssertionStatusDirectives
instanceKlass java/lang/invoke/MethodHandleNatives$CallSiteContext
instanceKlass jdk/internal/invoke/NativeEntryPoint
instanceKlass java/lang/invoke/CallSite
instanceKlass java/lang/invoke/MethodType
instanceKlass java/lang/invoke/TypeDescriptor$OfMethod
instanceKlass java/lang/invoke/LambdaForm
instanceKlass java/lang/invoke/MethodHandleNatives
instanceKlass java/lang/invoke/ResolvedMethodName
instanceKlass java/lang/invoke/MemberName
instanceKlass java/lang/invoke/VarHandle
instanceKlass java/lang/invoke/MethodHandle
instanceKlass jdk/internal/reflect/CallerSensitive
instanceKlass java/lang/annotation/Annotation
instanceKlass jdk/internal/reflect/FieldAccessor
instanceKlass jdk/internal/reflect/ConstantPool
instanceKlass jdk/internal/reflect/ConstructorAccessor
instanceKlass jdk/internal/reflect/MethodAccessor
instanceKlass jdk/internal/reflect/MagicAccessorImpl
instanceKlass java/lang/reflect/Parameter
instanceKlass java/lang/reflect/Member
instanceKlass java/lang/reflect/AccessibleObject
instanceKlass java/lang/Module
instanceKlass java/util/Map
instanceKlass java/util/Dictionary
instanceKlass java/lang/ThreadGroup
instanceKlass java/lang/Thread$UncaughtExceptionHandler
instanceKlass java/lang/Thread
instanceKlass java/lang/Runnable
instanceKlass java/lang/ref/Reference
instanceKlass java/lang/Record
instanceKlass java/security/AccessController
instanceKlass java/security/AccessControlContext
instanceKlass java/security/ProtectionDomain
instanceKlass java/lang/SecurityManager
instanceKlass java/lang/Throwable
instanceKlass java/lang/System
instanceKlass java/lang/ClassLoader
instanceKlass java/lang/Cloneable
instanceKlass java/lang/Class
instanceKlass java/lang/invoke/TypeDescriptor$OfField
instanceKlass java/lang/invoke/TypeDescriptor
instanceKlass java/lang/reflect/Type
instanceKlass java/lang/reflect/GenericDeclaration
instanceKlass java/lang/reflect/AnnotatedElement
instanceKlass java/lang/String
instanceKlass java/lang/constant/ConstantDesc
instanceKlass java/lang/constant/Constable
instanceKlass java/lang/CharSequence
instanceKlass java/lang/Comparable
instanceKlass java/io/Serializable
ciInstanceKlass java/lang/Object 1 1 92 100 1 10 12 1 1 10 7 12 1 1 1 10 100 12 1 1 1 10 12 1 1 8 1 10 12 1 1 10 100 12 1 1 1 10 12 1 10 12 1 1 100 1 8 1 10 12 1 3 8 1 100 1 5 0 1 1 1 1 1 1 1 1 1 1 1 1 1 1 1 1 100 1 1 1 100 1 1 1 1 1 1 1 100 1 1 1 1 1 1 1
ciMethod java/lang/Object equals (Ljava/lang/Object;)Z 536 0 72051 0 -1
ciMethod java/lang/Object hashCode ()I 256 0 128 0 -1
ciInstanceKlass java/lang/Class 1 1 1611 10 7 12 1 1 1 9 7 12 1 1 1 9 12 1 1 7 1 10 10 12 1 1 8 1 10 12 1 8 1 8 1 10 12 1 1 10 12 1 1 10 12 1 10 10 12 1 10 12 1 1 10 12 1 1 10 100 12 1 1 10 12 1 10 12 1 10 12 1 8 1 10 12 1 8 1 10 12 1 8 1 8 1 10 12 1 1 10 100 12 1 1 1 18 12 1 1 11 100 12 1 1 1 8 1 8 1 8 1 10 100 12 1 1 1 11 12 1 1 7 1 8 1 10 12 1 11 100 12 1 1 1 10 12 1 1 11 8 1 18 8 1 10 12 1 10 7 12 1 1 10 7 12 1 1 1 10 12 1 1 10 7 12 1 1 1 9 100 12 1 1 1 10 100 12 1 1 1 10 7 12 1 1 1 10 12 1 1 18 12 1 1 10 7 12 1 1 1 10 7 12 1 1 10 12 1 1 10 7 1 100 1 10 12 1 1 9 12 1 1 100 1 8 1 10 12 1 10 12 1 1 10 12 1 1 10 7 12 1 1 1 7 1 10 12 1 100 1 100 1 10 10 12 1 1 10 12 1 1 100 1 10 100 12 1 1 1 10 12 1 1 10 12 1 1 9 12 1 1 10 12 1 10 12 1 10 12 1 1 9 12 1 1 9 12 1 1 10 12 1 1 10 7 1 10 12 1 10 12 1 10 12 1 1 10 9 12 1 10 12 1 8 1 10 12 1 1 10 12 1 1 10 12 1 10 12 1 1 10 12 1 1 10 12 1 1 9 7 12 1 1 1 10 100 12 1 1 10 12 10 12 1 10 12 1 1 10 100 12 1 1 10 12 1 10 12 1 1 10 100 12 1 1 1 10 12 1 10 12 1 1 10 12 1 10 12 1 10 12 1 1 10 7 1 10 10 10 12 1 1 10 12 1 1 10 12 10 12 1 1 100 1 8 1 10 10 12 1 1 10 12 1 100 1 11 12 1 10 100 12 1 1 10 12 1 10 12 1 10 100 12 1 1 10 10 12 1 1 8 1 10 12 1 10 12 1 1 8 1 9 12 1 10 12 1 10 12 1 10 12 1 10 12 100 1 9 12 1 10 12 1 9 12 1 10 12 1 10 12 1 10 12 1 10 10 12 1 10 12 1 10 12 1 10 12 1 10 12 1 10 12 1 100 1 10 12 1 10 12 1 1 10 12 1 1 10 12 1 1 10 12 1 1 10 12 1 1 10 12 1 1 100 1 10 10 12 1 1 10 12 1 1 10 12 1 1 10 10 12 1 10 12 1 1 10 12 1 1 10 12 1 1 10 12 1 1 7 1 10 10 12 11 100 12 1 1 10 12 1 1 10 12 1 10 7 12 1 1 1 10 12 1 1 10 10 12 1 1 100 1 10 10 12 1 1 10 100 12 1 1 1 100 1 100 1 10 12 1 1 10 12 1 10 10 12 1 1 10 12 1 10 12 1 10 12 1 10 100 12 1 1 1 11 100 12 1 1 10 12 1 10 12 1 9 12 1 10 12 1 1 10 12 1 9 12 1 1 100 1 10 9 12 1 1 10 12 100 1 10 12 1 9 12 1 10 100 12 1 1 1 10 12 1 10 12 1 10 100 12 1 1 1 10 12 1 10 12 10 12 1 1 100 1 10 8 1 10 12 1 11 11 12 1 1 11 100 12 1 1 11 12 1 8 1 10 12 1 10 12 1 1 9 12 1 9 12 1 1 10 7 12 1 1 9 12 1 10 12 1 1 10 10 12 1 10 7 12 1 1 1 10 7 12 1 1 10 7 12 1 1 9 12 1 1 10 12 1 9 12 1 10 12 1 10 12 1 1 9 12 1 1 9 12 1 10 12 1 10 12 1 1 9 12 1 100 1 10 10 12 1 1 7 1 10 12 1 1 100 11 100 1 9 12 1 1 9 12 1 100 1 10 12 1 9 12 1 1 9 12 1 10 12 1 10 12 1 1 9 12 1 100 1 10 10 12 1 1 10 10 12 1 1 10 12 10 10 12 1 9 12 1 10 12 1 1 10 7 12 1 1 1 10 12 1 1 10 12 1 8 10 7 8 1 18 8 1 8 1 10 12 1 9 12 1 9 12 1 1 10 12 1 7 1 100 1 10 12 1 9 12 1 1 7 1 10 10 12 1 10 7 1 9 12 1 8 1 10 12 1 7 1 10 12 1 10 12 1 1 9 12 1 100 1 8 1 10 7 1 4 10 10 12 11 7 12 1 1 1 10 12 1 100 1 10 12 1 1 10 8 1 8 1 10 12 1 1 9 100 12 1 1 11 12 100 1 11 100 12 1 1 9 12 1 10 100 12 1 1 1 10 100 12 1 1 10 12 1 1 9 12 1 9 10 12 1 1 10 12 1 1 10 12 1 1 10 12 1 1 10 12 1 1 11 12 1 100 1 11 12 1 10 100 12 1 1 1 10 12 1 100 1 11 12 1 10 100 12 1 1 1 10 12 1 10 11 12 1 11 12 1 1 10 12 1 10 12 1 1 9 12 1 1 9 100 12 1 1 10 12 1 10 100 12 1 1 1 10 12 1 1 10 12 1 10 12 1 10 12 1 10 7 12 1 1 1 10 12 1 8 1 10 12 1 10 12 1 10 12 1 10 100 12 1 1 1 11 100 12 1 1 1 10 12 1 1 10 12 1 18 12 1 1 11 12 1 1 18 11 12 1 18 12 1 11 12 1 10 12 1 1 10 12 1 10 12 1 10 12 10 12 1 8 1 10 12 1 7 1 9 12 1 1 100 1 100 1 100 1 100 1 100 1 1 1 3 1 3 1 3 1 1 1 1 1 1 1 5 0 1 1 1 1 1 1 1 1 1 1 1 1 1 1 1 1 1 1 1 1 1 1 1 100 1 1 1 1 1 1 1 100 1 1 1 1 1 1 100 1 1 1 1 1 1 1 1 1 1 1 1 1 1 1 1 1 1 1 1 1 1 1 1 1 1 1 1 1 1 1 1 1 1 1 1 1 1 100 1 1 1 1 1 1 1 1 1 1 1 1 1 1 1 1 1 1 1 1 1 1 1 1 1 1 1 1 100 1 1 1 1 1 1 1 1 1 1 1 1 1 1 1 1 1 1 1 1 1 1 1 1 1 1 1 1 1 1 1 1 1 1 1 1 1 1 1 1 1 1 1 1 1 1 1 1 1 1 1 1 1 100 1 100 1 1 1 1 1 1 1 1 1 1 1 1 1 1 1 1 1 1 1 1 1 1 1 1 1 1 1 1 1 1 1 1 1 1 1 1 1 1 1 1 1 1 1 1 1 1 1 1 1 1 1 1 1 1 1 1 1 1 1 1 1 1 1 100 1 1 1 1 1 1 1 1 1 1 1 1 1 1 1 1 1 1 1 1 1 1 1 1 1 1 1 1 1 1 1 1 1 1 1 1 1 1 1 1 1 1 1 1 1 1 1 1 1 1 1 1 1 1 1 1 1 1 1 1 1 1 1 1 1 1 1 1 15 10 100 12 1 1 1 16 15 10 12 16 15 11 12 16 1 16 15 16 15 10 12 16 16 15 10 12 16 15 16 1 15 10 12 16 1 1 1 1 1 1 1 1 100 1 1 100 1 100 1 1 100 1 100 1 1
staticfield java/lang/Class EMPTY_CLASS_ARRAY [Ljava/lang/Class; 0 [Ljava/lang/Class;
staticfield java/lang/Class serialPersistentFields [Ljava/io/ObjectStreamField; 0 [Ljava/io/ObjectStreamField;
ciInstanceKlass java/io/Serializable 1 0 7 100 1 100 1 1 1
instanceKlass jdk/internal/vm/vector/VectorSupport$VectorShuffle
instanceKlass jdk/internal/vm/vector/VectorSupport$VectorMask
instanceKlass jdk/internal/vm/vector/VectorSupport$Vector
ciInstanceKlass jdk/internal/vm/vector/VectorSupport$VectorPayload 0 0 32 10 100 12 1 1 1 9 100 12 1 1 1 10 100 12 1 1 1 1 1 1 1 1 1 1 1 1 1 1 1 1
ciInstanceKlass jdk/internal/vm/vector/VectorSupport$VectorShuffle 0 0 28 10 100 12 1 1 1 100 1 1 1 1 1 1 1 1 1 1 1 1 1 1 1 100 1 1 1 1
ciInstanceKlass jdk/internal/vm/vector/VectorSupport$VectorMask 0 0 28 10 100 12 1 1 1 100 1 1 1 1 1 1 1 1 1 1 1 1 1 1 1 100 1 1 1 1
ciInstanceKlass jdk/internal/vm/vector/VectorSupport$Vector 0 0 28 10 100 12 1 1 1 100 1 1 1 1 1 1 1 1 1 1 1 1 1 1 1 100 1 1 1 1
ciInstanceKlass jdk/internal/vm/vector/VectorSupport 0 0 487 100 1 10 100 12 1 1 1 9 12 1 1 10 12 1 1 100 1 10 12 1 11 100 12 1 1 1 11 100 12 1 1 1 11 100 12 1 1 11 100 12 1 1 1 11 100 1 100 1 10 12 1 1 11 100 12 1 1 11 100 12 1 1 100 1 11 100 12 1 1 11 100 12 1 1 11 100 12 1 1 1 11 100 12 1 1 1 11 100 12 1 1 1 11 100 12 1 1 1 100 1 10 12 1 1 11 100 12 1 1 100 1 11 100 12 1 1 11 100 12 1 1 11 100 12 1 1 11 100 1 100 1 9 12 1 1 10 100 12 1 1 11 100 12 1 1 10 12 1 1 10 100 12 1 1 1 10 12 1 10 12 1 1 10 12 1 1 1 1 1 3 1 3 1 3 1 3 1 3 1 3 1 3 1 3 1 3 1 3 1 3 1 3 1 3 1 3 1 3 1 3 1 3 1 3 1 3 1 3 1 3 1 3 1 3 1 3 1 3 1 3 1 3 1 3 1 3 1 3 1 3 1 3 1 3 1 3 1 3 1 3 1 3 1 3 1 3 1 1 1 1 1 3 1 1 1 1 1 1 3 1 1 1 1 1 1 1 1 1 1 1 1 1 1 1 1 1 1 1 1 1 1 1 1 1 1 1 1 1 1 1 1 1 1 1 1 1 1 1 1 1 1 1 1 1 1 1 1 1 1 1 1 1 1 1 1 1 1 1 1 1 1 1 1 1 1 1 1 1 1 1 1 1 1 1 1 1 1 1 1 1 1 1 1 1 1 1 1 1 1 1 1 1 1 1 1 1 1 1 1 1 1 1 1 1 1 1 1 1 1 1 1 1 1 1 1 1 1 1 1 1 1 1 1 1 1 1 1 1 1 1 1 1 1 1 1 1 1 1 1 1 1 1 1 1 1 1 1 1 1 1 1 1 1 1 1 1 1 1 1 1 1 1 1 1 1 1 1 1 1 1 1 1 1 1 1 1 1 1 1 1 1 1 1 1 1 1 1 1 1 1 1 1 1 1 1 1 1 1 100 1 100 1 1 1 1 1 1 1 1 1 1 1 1 1 1 1 1 1 1 1 1 1 1 1 1
ciInstanceKlass java/lang/reflect/RecordComponent 0 0 196 10 100 12 1 1 1 9 100 12 1 1 1 9 12 1 1 9 12 1 10 12 1 1 10 12 1 1 10 100 12 1 1 1 10 12 1 1 9 12 1 1 10 12 1 1 10 12 1 1 10 12 1 10 100 12 1 1 10 100 12 1 1 9 12 1 1 10 100 12 1 1 1 11 100 12 1 1 1 10 9 100 12 1 1 1 10 100 12 1 1 1 9 12 1 1 10 100 12 1 1 1 10 12 1 1 11 100 12 1 1 10 100 12 1 1 100 1 9 12 1 9 12 1 1 9 12 1 10 100 12 1 1 1 10 12 1 1 10 12 1 1 100 1 10 10 12 1 10 12 1 1 8 1 10 12 1 10 12 1 9 12 1 100 1 1 1 1 1 1 1 1 1 1 1 1 1 1 1 1 1 1 1 1 1 1 100 1 1 1 1 1 1 100 1 1
ciInstanceKlass java/util/Iterator 1 1 53 100 1 8 1 10 12 1 1 10 7 12 1 1 1 11 7 12 1 1 1 11 12 1 1 11 7 12 1 1 1 100 1 1 1 1 1 1 1 1 1 1 1 1 1 1 1 1 1 1 1 1 1
ciInstanceKlass java/lang/Comparable 1 0 12 100 1 100 1 1 1 1 1 1 1 1
ciInstanceKlass java/lang/System 1 1 803 10 100 12 1 1 1 9 7 12 1 1 1 10 12 1 10 12 1 1 10 12 1 1 10 12 1 9 12 1 1 10 7 12 1 1 1 11 100 12 1 1 1 10 100 12 1 1 1 10 12 1 1 10 12 1 1 100 1 8 1 10 12 1 10 100 12 1 1 1 10 7 12 1 1 1 18 12 1 1 10 100 12 1 1 1 100 1 10 12 1 1 10 100 12 1 1 1 10 12 1 10 7 12 1 1 1 9 100 12 1 1 1 10 100 12 1 1 1 11 7 12 1 1 1 10 12 1 1 10 7 12 1 1 1 100 1 10 10 12 1 1 8 1 10 12 1 8 1 10 12 1 9 12 1 1 8 1 10 7 12 1 1 1 10 12 1 1 100 1 8 1 10 9 12 1 1 8 1 10 12 1 1 10 100 12 1 1 1 8 1 10 12 1 100 1 10 12 1 8 1 10 12 1 10 12 1 1 100 1 10 12 10 12 1 9 12 1 1 9 12 1 1 10 7 12 1 1 1 10 7 12 1 1 1 10 12 1 1 10 12 1 10 12 1 10 7 12 1 1 1 10 12 1 100 1 100 1 8 1 10 12 1 10 12 1 1 7 1 10 12 1 100 1 8 1 10 10 12 1 100 1 8 1 10 8 1 10 7 12 1 1 8 1 10 12 100 1 8 1 10 10 12 1 1 10 7 12 1 1 1 100 1 18 12 1 100 1 9 100 12 1 1 1 10 12 1 100 1 10 12 1 1 10 12 1 1 10 7 12 1 1 1 10 12 1 1 10 12 1 10 12 1 10 12 1 1 10 12 1 7 1 10 12 1 10 12 1 100 1 10 12 1 10 7 12 1 1 1 100 1 8 1 10 9 12 1 9 12 1 10 12 1 10 100 12 1 1 10 12 1 10 12 1 1 8 1 10 12 1 1 8 1 11 12 1 10 12 11 12 1 1 11 7 12 1 1 1 11 7 12 1 1 11 12 1 1 7 1 11 12 1 10 12 1 8 1 10 12 1 1 8 1 8 1 8 1 8 1 11 12 1 10 12 1 10 12 1 10 12 1 10 7 12 1 1 8 1 7 1 9 7 12 1 1 1 10 12 1 7 1 9 12 10 9 12 7 1 10 12 8 1 10 12 1 1 8 1 10 7 12 1 1 10 12 1 10 7 12 1 1 1 10 12 1 1 10 7 12 1 1 1 10 12 10 7 12 1 1 1 9 12 1 1 100 1 8 1 10 12 1 1 10 7 12 1 1 1 7 1 10 12 1 1 8 1 10 8 1 8 1 8 1 8 1 10 10 7 12 1 1 10 12 1 1 10 12 1 1 10 12 1 1 10 12 1 10 100 12 1 1 1 10 100 1 8 1 10 10 10 12 1 1 10 12 1 1 8 1 10 12 1 8 1 10 12 1 10 12 1 1 7 1 10 10 12 1 10 12 1 9 12 1 1 1 3 1 3 1 1 1 1 1 1 1 1 1 1 1 1 100 1 1 100 1 1 1 1 1 1 1 1 1 1 1 100 1 100 1 1 1 1 1 1 1 1 1 1 1 1 1 1 1 1 1 1 1 1 1 1 1 1 1 1 1 1 1 1 1 1 1 1 1 1 1 1 1 1 1 1 1 1 1 1 1 1 1 1 1 1 1 1 1 1 1 1 100 1 1 1 1 1 1 1 1 1 1 1 1 1 1 1 1 1 1 1 1 1 1 1 1 1 1 1 1 1 1 1 1 1 100 1 1 15 10 100 12 1 1 1 16 15 10 12 1 1 16 15 10 12 16 1 1 1 1 1 1 1 100 1 100 1 1
staticfield java/lang/System in Ljava/io/InputStream; java/io/BufferedInputStream
staticfield java/lang/System out Ljava/io/PrintStream; java/io/PrintStream
staticfield java/lang/System err Ljava/io/PrintStream; java/io/PrintStream
instanceKlass jdk/internal/reflect/DelegatingClassLoader
instanceKlass java/security/SecureClassLoader
ciInstanceKlass java/lang/ClassLoader 1 1 1098 9 7 12 1 1 1 10 7 12 1 1 1 9 12 1 1 10 7 12 1 1 1 7 1 10 12 1 1 10 12 1 1 9 12 1 1 10 12 1 1 100 1 10 12 1 10 12 1 1 10 7 12 1 1 1 100 1 8 1 10 12 1 10 7 12 1 1 1 10 100 12 1 10 7 1 10 7 1 7 1 7 1 10 12 1 10 12 1 9 12 1 1 10 10 7 12 1 1 1 9 12 1 1 9 12 1 9 12 1 1 9 12 1 9 12 1 1 9 12 1 1 7 1 10 12 1 9 12 1 1 10 12 1 1 10 7 12 1 1 1 9 12 1 9 12 1 1 9 12 1 10 12 1 1 9 12 10 12 1 1 7 1 10 8 1 10 12 1 1 10 12 1 10 7 1 7 1 10 12 1 1 10 7 12 1 1 1 8 1 10 12 1 10 12 1 10 12 1 1 10 12 1 1 10 12 1 1 10 12 1 1 10 12 1 1 10 12 1 100 1 10 12 1 10 100 12 1 1 1 10 12 1 1 10 12 1 10 12 1 10 12 1 10 12 1 10 12 1 1 10 10 12 1 10 12 1 10 100 12 1 1 10 12 1 1 10 12 1 1 10 12 1 100 1 10 12 1 100 1 10 12 1 10 100 12 1 1 1 10 10 12 1 1 10 12 1 1 100 1 8 1 10 8 1 10 12 1 10 12 1 100 1 8 1 10 12 1 1 10 12 1 1 10 10 12 1 1 10 12 1 1 10 12 1 1 10 7 1 10 12 1 1 10 12 1 1 10 12 1 1 10 12 1 1 10 12 1 1 10 12 1 1 10 12 1 10 100 12 1 1 1 10 12 1 10 12 1 10 12 1 1 10 12 1 10 12 1 10 12 1 10 12 1 1 10 12 1 10 12 1 1 8 1 9 12 1 10 12 1 1 8 1 8 1 10 7 12 1 1 100 1 10 10 12 10 12 1 10 12 1 10 12 1 10 12 1 1 10 7 12 1 1 10 12 1 10 7 1 7 1 10 12 1 1 10 12 1 10 7 1 10 12 1 100 1 18 12 1 10 100 12 1 1 1 10 100 12 1 1 1 10 7 12 1 1 10 12 1 1 10 12 1 10 12 1 1 100 1 10 12 1 10 12 1 1 10 7 12 1 1 10 12 1 8 1 100 1 10 10 12 1 9 12 1 10 7 12 1 1 10 12 1 100 1 8 1 10 12 1 10 8 1 8 1 10 12 1 1 10 12 1 1 10 12 1 1 10 100 12 1 1 1 100 1 100 1 10 12 1 1 100 1 100 1 10 100 12 1 1 10 12 1 10 12 1 1 10 12 1 10 12 1 1 10 12 1 1 9 100 12 1 1 1 10 12 1 1 10 12 1 10 12 1 10 12 1 1 10 12 1 8 1 10 12 1 7 1 18 12 1 1 10 12 1 1 10 12 1 10 12 1 10 12 1 8 1 10 12 1 10 12 1 18 12 1 11 100 12 1 1 1 100 1 10 12 1 1 10 12 1 10 11 12 1 1 10 18 10 12 1 1 11 100 12 1 18 12 1 11 12 1 1 10 12 10 12 1 1 10 12 1 1 100 1 8 1 10 10 12 1 8 1 8 1 10 100 12 1 1 10 12 1 100 1 10 10 12 1 8 1 8 1 8 1 10 12 1 10 12 1 1 10 12 1 10 100 12 1 1 1 11 100 12 1 1 100 1 10 11 10 12 1 10 12 1 10 12 1 1 9 100 12 1 1 9 12 1 1 9 12 9 12 1 9 12 1 9 12 1 8 10 12 1 1 10 7 12 1 1 1 10 12 1 1 10 12 1 1 10 12 1 10 10 12 1 11 12 1 1 10 100 12 1 1 1 100 1 10 12 1 10 12 1 10 12 1 1 1 1 1 1 1 1 1 1 1 1 1 1 1 1 1 1 1 1 1 1 1 1 1 1 1 1 100 1 1 1 1 1 1 1 1 1 1 1 1 1 1 1 1 1 1 1 1 1 100 1 1 1 1 1 1 1 1 1 1 100 1 1 1 1 1 1 1 1 1 1 1 1 1 1 1 1 1 1 1 1 1 1 1 1 1 1 1 1 1 1 1 1 1 1 1 1 1 1 1 1 1 100 1 1 1 1 1 1 1 1 1 1 1 1 1 1 1 1 1 1 100 1 1 1 1 1 1 1 1 1 1 1 1 1 1 1 1 1 1 1 1 1 1 1 1 1 1 1 1 1 1 1 1 1 1 1 1 1 1 1 1 1 1 1 1 1 1 1 1 1 1 1 100 1 1 1 1 1 1 1 1 1 1 1 1 1 1 1 1 1 1 1 1 1 1 1 1 1 1 1 1 1 1 1 1 1 1 1 1 1 1 1 1 1 1 1 1 1 1 15 10 100 12 1 1 1 16 1 15 10 12 16 1 16 15 10 12 16 1 16 1 15 10 12 16 15 10 12 16 15 10 12 16 1 1 100 1 100 1 1
staticfield java/lang/ClassLoader nocerts [Ljava/security/cert/Certificate; 0 [Ljava/security/cert/Certificate;
staticfield java/lang/ClassLoader $assertionsDisabled Z 1
ciInstanceKlass jdk/internal/reflect/DelegatingClassLoader 1 1 18 10 7 12 1 1 1 100 1 1 1 1 1 1 1 1 1 1
instanceKlass jdk/internal/loader/BuiltinClassLoader
ciInstanceKlass java/security/SecureClassLoader 1 1 102 10 7 12 1 1 1 7 1 10 12 1 9 7 12 1 1 1 10 12 1 10 12 1 10 12 1 1 10 12 1 1 10 12 1 7 1 10 7 1 10 12 1 7 1 10 12 1 11 7 12 1 1 1 7 1 11 12 1 10 12 1 1 1 1 1 1 1 1 1 1 1 1 1 1 1 1 1 1 1 1 1 1 1 1 1 1 1 1 1 1 1 1 1 1 1 1 100 1 1 1 1
instanceKlass jdk/internal/loader/ClassLoaders$BootClassLoader
instanceKlass jdk/internal/loader/ClassLoaders$PlatformClassLoader
instanceKlass jdk/internal/loader/ClassLoaders$AppClassLoader
ciInstanceKlass jdk/internal/loader/BuiltinClassLoader 1 1 737 9 7 12 1 1 1 10 7 12 1 1 1 10 7 12 1 1 1 9 12 1 1 9 12 1 1 7 1 10 12 1 9 12 1 10 12 1 9 12 1 10 7 12 1 1 1 10 7 12 1 1 1 10 7 12 1 1 1 11 7 12 1 1 1 100 1 100 1 10 10 12 1 1 8 1 10 12 1 10 12 7 1 10 12 1 10 12 1 1 11 7 12 1 1 1 11 7 12 1 1 1 11 12 1 1 7 1 8 1 8 1 10 9 12 1 1 10 7 12 1 1 11 12 1 1 10 12 1 1 10 12 1 1 10 12 1 1 10 7 12 1 1 1 10 12 1 10 100 12 1 1 1 10 12 1 1 11 7 12 1 1 1 10 7 12 1 1 7 1 10 7 12 1 1 1 10 12 1 100 1 8 1 10 12 1 1 10 8 1 10 12 1 1 10 12 1 1 10 12 1 1 11 7 12 1 1 11 12 1 7 1 10 11 12 1 1 11 10 12 1 1 7 1 10 12 1 10 7 12 1 10 12 1 7 1 10 12 1 10 7 12 1 1 1 100 1 10 12 1 1 11 12 1 100 1 100 1 10 12 1 10 12 1 1 100 1 100 1 10 12 1 10 12 1 18 12 1 1 10 12 1 10 12 1 1 18 100 1 10 7 12 1 1 1 100 1 10 10 12 1 1 10 12 1 1 10 12 1 1 10 12 1 9 12 1 1 100 1 10 10 12 1 1 10 12 1 1 10 12 1 10 12 10 12 1 1 10 12 1 1 10 12 1 1 10 12 1 10 12 1 1 18 12 1 7 1 10 12 1 1 10 12 1 10 12 1 1 10 12 1 100 1 10 12 1 100 1 10 12 1 10 7 12 1 1 1 10 12 1 11 12 1 100 1 10 12 1 7 1 100 1 10 12 1 10 12 1 11 12 1 1 10 12 1 1 10 12 1 1 10 12 1 1 10 12 1 1 10 12 1 10 12 1 10 12 1 10 12 1 8 1 10 12 1 1 10 7 12 1 1 10 12 1 100 1 8 1 8 1 10 10 12 1 8 1 8 1 10 7 12 1 1 1 11 7 12 1 1 1 9 7 12 1 1 1 10 7 12 1 1 1 9 12 1 9 12 1 9 12 1 9 12 1 9 12 1 9 12 1 10 7 12 1 1 1 8 1 10 12 1 7 1 10 12 1 1 10 12 1 7 1 10 11 12 1 1 10 12 10 12 1 10 12 1 100 1 10 12 1 10 12 1 10 10 12 1 10 7 12 1 1 8 1 10 7 12 1 1 10 12 1 1 1 1 1 1 1 1 1 1 1 1 1 1 1 1 1 1 1 1 1 1 1 1 1 1 1 1 1 1 1 1 1 1 1 1 1 1 1 1 1 1 1 1 1 1 1 1 1 1 1 1 1 1 1 1 100 1 1 1 1 1 1 1 1 1 1 1 1 1 1 1 1 1 1 100 1 100 1 1 1 1 1 1 1 1 1 1 1 1 1 1 1 1 1 1 1 1 1 1 1 1 1 1 1 1 1 1 1 1 1 1 1 1 1 1 1 1 1 1 1 1 1 1 1 1 1 1 1 100 1 1 15 10 100 12 1 1 1 16 15 10 12 16 15 10 12 16 15 10 12 16 1 1 1 100 1 1 1 1 1 100 1 100 1 1
staticfield jdk/internal/loader/BuiltinClassLoader packageToModule Ljava/util/Map; java/util/concurrent/ConcurrentHashMap
staticfield jdk/internal/loader/BuiltinClassLoader $assertionsDisabled Z 1
ciInstanceKlass java/security/AccessController 1 1 295 10 100 12 1 1 1 10 7 12 1 1 1 10 7 12 1 1 1 10 12 1 1 10 12 1 1 10 7 12 1 1 1 10 12 1 1 10 12 1 10 12 1 1 10 12 1 100 1 8 1 10 12 1 10 12 1 10 12 1 1 10 12 1 100 1 100 1 10 12 1 1 10 12 1 10 12 1 10 12 1 1 10 7 12 1 1 1 10 12 1 1 9 100 12 1 1 1 10 100 12 1 1 1 10 12 1 10 12 1 9 100 12 1 1 1 10 12 1 10 12 1 1 9 12 1 1 10 100 1 10 11 7 12 1 1 1 10 7 12 1 1 11 7 1 100 1 10 12 1 10 12 1 10 12 1 8 1 10 12 1 1 8 1 10 100 12 1 1 1 8 1 100 1 10 10 12 1 1 10 12 1 10 7 12 1 1 1 10 12 1 8 1 10 100 12 1 1 8 1 8 1 10 12 1 8 1 10 12 1 10 12 1 1 10 12 1 1 1 1 1 1 1 1 1 1 1 1 1 1 1 1 1 1 1 1 1 1 1 1 1 1 1 1 100 1 1 1 1 1 1 1 1 1 1 1 1 1 1 1 1 1 1 1 1 1 1 1 1 1 1 1 1 1 1 1 1 1 1 100 1 100 1 1 1 1 1 1 1 1 1 3 1 1 1
staticfield java/security/AccessController $assertionsDisabled Z 1
instanceKlass jdk/internal/reflect/GeneratedConstructorAccessor2
instanceKlass jdk/internal/reflect/BootstrapConstructorAccessorImpl
instanceKlass jdk/internal/reflect/GeneratedConstructorAccessor1
instanceKlass jdk/internal/reflect/DelegatingConstructorAccessorImpl
instanceKlass jdk/internal/reflect/NativeConstructorAccessorImpl
ciInstanceKlass jdk/internal/reflect/ConstructorAccessorImpl 1 1 27 10 7 12 1 1 1 100 1 100 1 1 1 1 1 1 1 1 1 100 1 100 1 100 1 1 1
instanceKlass jdk/internal/reflect/FieldAccessorImpl
instanceKlass jdk/internal/reflect/ConstructorAccessorImpl
instanceKlass jdk/internal/reflect/MethodAccessorImpl
ciInstanceKlass jdk/internal/reflect/MagicAccessorImpl 1 1 16 10 7 12 1 1 1 100 1 1 1 1 1 1 1 1
instanceKlass jdk/internal/reflect/DelegatingMethodAccessorImpl
instanceKlass jdk/internal/reflect/NativeMethodAccessorImpl
ciInstanceKlass jdk/internal/reflect/MethodAccessorImpl 1 1 25 10 7 12 1 1 1 100 1 100 1 1 1 1 1 1 1 1 1 100 1 100 1 1 1
ciInstanceKlass java/lang/Module 1 1 959 10 7 12 1 1 1 9 7 12 1 1 1 10 7 12 1 1 1 9 12 1 9 12 1 1 9 12 1 1 10 12 1 1 10 12 1 10 12 1 1 10 7 12 1 1 1 7 1 10 7 12 1 1 1 10 12 1 1 11 7 12 1 1 1 10 12 1 1 10 7 12 1 1 1 10 12 1 1 10 7 12 1 1 1 9 100 12 1 1 1 10 100 12 1 1 1 10 12 1 8 1 10 7 12 1 1 1 10 7 12 1 1 1 9 12 1 1 9 12 1 1 10 12 1 9 12 1 1 11 12 1 9 100 12 1 1 10 100 12 1 1 1 10 100 12 1 1 1 10 12 1 1 100 1 100 1 10 10 12 1 1 8 1 10 12 1 10 12 10 12 1 10 12 1 1 10 12 1 1 10 12 1 1 9 100 12 1 1 1 10 12 1 1 10 12 1 1 9 12 1 10 12 1 10 12 1 9 12 1 1 11 7 12 1 1 10 12 1 1 9 12 1 9 12 1 10 12 1 10 12 1 100 1 8 1 10 10 12 1 1 10 12 1 8 1 10 12 1 1 8 1 8 1 10 12 1 1 10 12 1 10 12 1 1 18 12 1 1 10 12 1 1 11 12 1 9 12 1 11 12 10 100 12 1 1 100 1 8 1 10 7 1 11 12 1 1 10 12 1 10 12 1 10 12 1 1 11 12 1 1 11 7 12 1 1 11 12 1 1 9 12 1 11 12 1 10 12 1 1 10 12 1 1 9 12 1 10 12 10 7 12 1 1 10 7 12 1 1 10 7 1 18 12 1 1 11 100 12 1 1 1 18 12 1 11 12 1 1 10 100 12 1 1 1 11 12 1 1 10 7 12 1 1 4 7 1 11 12 1 7 1 7 1 10 10 7 12 1 1 1 10 11 7 12 1 8 1 10 10 12 1 1 10 7 12 1 1 10 12 1 10 12 1 7 1 10 12 1 10 11 12 1 1 10 12 10 12 1 1 9 12 1 100 1 10 10 12 1 1 11 100 1 10 12 1 1 11 12 1 10 10 12 1 11 10 12 1 1 10 12 1 1 10 12 1 1 10 7 12 1 1 10 12 1 10 12 1 1 10 10 12 1 1 10 12 1 18 12 1 11 12 1 18 12 1 10 12 1 10 12 1 10 12 7 1 10 12 1 10 12 1 10 12 1 9 12 1 7 1 10 10 10 10 12 1 10 12 1 10 12 1 10 12 1 1 10 12 1 1 10 12 1 9 12 1 18 12 1 1 10 100 12 1 1 1 100 1 8 1 10 12 1 1 10 12 1 1 10 100 12 1 1 100 1 10 12 1 1 100 1 8 1 100 1 10 100 1 100 1 3 10 12 1 100 1 10 12 1 10 12 1 1 10 12 1 1 100 1 10 12 1 10 12 1 1 100 1 100 1 10 12 8 1 10 12 1 1 10 12 1 1 10 100 12 1 1 10 12 1 1 10 12 1 10 12 10 12 1 1 100 1 10 10 12 1 1 10 100 12 1 1 1 100 1 8 1 10 12 1 1 10 100 12 1 1 8 1 10 12 1 8 1 10 12 1 10 12 10 12 1 8 1 10 10 100 12 1 1 100 1 10 10 12 1 10 7 12 1 1 9 12 1 9 12 1 9 12 1 9 12 1 10 12 11 12 1 10 12 1 100 1 1 1 1 1 1 1 1 1 1 1 1 1 1 1 1 100 1 1 1 1 1 1 1 1 1 1 1 1 1 1 1 1 1 1 1 1 1 1 1 1 1 1 1 1 1 1 1 1 1 1 1 1 1 1 1 1 1 1 1 1 1 1 1 1 1 1 1 1 1 1 1 1 1 1 1 1 1 1 1 1 1 1 1 1 1 1 1 1 1 1 1 1 1 1 1 1 1 1 1 100 100 1 1 1 1 1 1 1 1 1 1 1 1 1 1 1 1 1 1 1 1 1 1 1 1 1 1 1 1 1 1 1 1 1 1 100 1 100 1 100 1 1 1 1 1 1 1 1 1 1 1 1 1 1 1 1 1 1 1 1 1 1 1 1 1 1 1 1 15 10 100 12 1 1 1 16 15 10 12 16 16 15 10 12 16 16 15 10 16 1 15 10 12 16 1 15 10 12 16 1 16 15 10 12 16 1 1 1 1 1 1 1 100 1 100 1 1
staticfield java/lang/Module ALL_UNNAMED_MODULE Ljava/lang/Module; java/lang/Module
staticfield java/lang/Module ALL_UNNAMED_MODULE_SET Ljava/util/Set; java/util/ImmutableCollections$Set12
staticfield java/lang/Module EVERYONE_MODULE Ljava/lang/Module; java/lang/Module
staticfield java/lang/Module EVERYONE_SET Ljava/util/Set; java/util/ImmutableCollections$Set12
staticfield java/lang/Module $assertionsDisabled Z 1
ciInstanceKlass java/util/ArrayList 1 1 492 10 7 12 1 1 1 7 1 9 7 12 1 1 1 9 12 1 100 1 100 1 10 8 1 10 12 1 1 10 12 1 10 12 1 1 10 12 1 9 12 1 11 7 12 1 1 1 9 12 1 1 10 12 1 1 7 10 7 12 1 1 1 9 12 1 10 12 1 10 12 1 1 10 7 12 1 1 1 10 7 12 1 1 1 10 12 1 1 10 12 1 1 10 12 1 1 10 12 1 10 12 1 1 100 1 100 1 10 12 1 10 7 12 1 1 1 10 7 12 1 1 10 12 1 10 12 10 12 1 1 10 12 1 1 10 12 1 1 100 1 10 12 1 1 10 12 1 1 10 12 1 100 1 10 11 12 1 1 11 100 12 1 1 1 11 12 1 10 12 1 10 12 1 10 12 1 1 100 1 10 12 1 1 10 10 12 1 1 10 12 1 8 1 8 1 8 1 8 1 10 12 1 1 10 12 1 1 11 12 1 100 1 10 100 12 1 1 10 12 1 10 12 1 1 10 100 12 1 1 10 12 1 10 100 12 1 1 1 11 100 12 1 1 1 10 12 1 100 1 8 1 10 7 1 10 12 1 7 1 10 12 1 10 12 1 1 7 1 10 12 1 10 12 1 1 11 7 12 1 1 7 1 10 12 1 10 12 1 1 11 100 12 1 1 10 12 1 1 10 12 1 1 10 12 1 1 10 12 1 1 11 100 12 1 1 10 12 1 1 100 1 100 1 100 1 1 1 1 5 0 1 3 1 1 1 1 1 1 1 1 1 1 1 1 1 1 1 1 1 1 1 1 1 1 1 1 1 1 1 1 1 1 1 1 1 1 1 1 1 1 1 1 1 1 1 1 1 1 1 1 1 1 1 1 1 1 1 1 1 1 1 1 1 1 1 1 1 1 1 1 1 1 1 1 1 1 1 1 1 1 1 1 1 1 1 1 1 1 1 1 1 1 1 1 1 1 1 1 100 1 1 1 1 100 1 1 1 1 1 1 1 1 1 1 1 1 1 1 1 1 1 1 1 1 1 1 1 1 1 1 1 1 1 100 1 1 1 1 1 1 1 1 1 1 1 1 1 1 1 1 1 1 100 1 100 1 1 1 1 1 1
staticfield java/util/ArrayList EMPTY_ELEMENTDATA [Ljava/lang/Object; 0 [Ljava/lang/Object;
staticfield java/util/ArrayList DEFAULTCAPACITY_EMPTY_ELEMENTDATA [Ljava/lang/Object; 0 [Ljava/lang/Object;
ciInstanceKlass java/util/concurrent/ConcurrentHashMap 1 1 1210 7 1 7 1 3 10 12 1 1 3 7 1 10 7 12 1 1 1 7 1 10 7 12 1 1 1 7 1 11 12 1 1 11 12 1 11 12 1 1 9 12 1 1 9 12 1 1 9 12 1 10 7 12 1 1 1 7 1 10 12 1 1 10 12 1 1 10 7 12 1 1 1 4 10 12 1 9 12 1 10 12 1 1 100 1 10 5 0 10 12 1 10 12 1 1 5 0 10 12 1 1 10 12 1 9 12 1 1 10 12 1 1 9 12 1 9 12 1 1 10 12 1 1 9 12 1 10 12 1 1 9 12 1 1 10 12 1 1 100 1 10 7 1 10 12 1 10 12 1 1 10 12 1 1 10 12 1 1 10 12 1 10 12 1 1 10 12 1 1 7 1 10 12 1 1 7 1 100 1 8 1 10 12 1 10 12 1 1 10 12 1 1 11 7 12 1 1 10 12 1 1 11 12 1 1 11 7 12 1 1 1 11 7 12 1 1 1 11 12 1 7 1 11 12 1 11 12 1 10 12 1 1 10 12 1 1 9 12 1 1 10 7 12 1 1 1 9 10 12 1 1 9 12 1 10 12 1 1 5 0 9 12 1 1 7 1 10 12 1 9 12 1 1 7 1 10 12 1 9 12 1 7 1 10 100 1 10 10 12 1 1 8 1 10 12 1 10 12 1 1 11 100 1 10 12 1 10 100 12 1 1 1 8 1 10 100 12 1 1 1 8 1 10 12 1 8 1 10 12 1 10 12 1 1 10 100 12 1 1 10 12 1 10 12 1 10 12 1 9 12 1 9 10 12 1 9 12 1 1 11 7 12 1 1 1 11 100 12 1 1 1 100 1 10 12 11 100 12 1 1 10 11 7 12 1 10 12 1 100 1 10 12 1 100 1 10 10 9 7 12 1 1 1 10 12 3 10 7 12 1 1 9 12 1 10 12 1 1 9 12 1 1 9 12 1 10 12 1 1 10 7 12 1 1 9 12 1 9 7 12 1 1 10 12 1 1 10 12 1 3 9 12 1 9 12 1 10 12 1 1 7 1 9 3 9 12 1 100 1 10 12 1 9 12 1 10 12 1 9 12 1 10 12 1 9 12 1 10 100 12 1 1 1 100 10 12 1 100 1 5 0 10 100 12 1 1 100 1 10 12 1 1 10 12 1 10 12 1 100 1 10 12 1 10 100 1 100 1 10 10 12 1 10 100 1 10 12 1 10 100 1 10 12 1 10 100 1 10 12 1 1 100 1 10 12 1 10 10 12 1 100 1 10 12 1 10 10 12 1 100 1 10 12 1 10 100 1 10 12 1 10 100 1 10 12 1 10 100 1 10 12 1 10 100 1 10 12 1 10 100 1 10 12 1 10 100 1 10 12 1 10 100 1 10 12 1 10 100 1 10 10 100 1 10 10 100 1 10 10 100 1 10 12 1 10 100 1 10 12 1 10 100 1 10 12 1 10 100 1 10 12 1 10 100 1 10 12 1 10 100 1 10 10 100 1 10 10 100 1 10 10 100 1 10 12 1 10 100 1 10 12 1 10 100 1 10 12 1 10 100 1 10 12 1 10 100 1 10 12 1 10 10 12 1 10 7 12 1 1 1 10 12 1 7 1 7 1 10 12 1 9 12 1 1 9 12 1 1 10 12 1 1 8 10 12 1 1 8 8 8 8 7 10 12 1 1 10 12 1 100 1 8 1 10 7 1 100 1 100 1 1 1 5 0 1 1 3 1 3 1 1 1 1 3 1 3 1 3 1 1 1 1 1 3 1 3 1 3 1 1 1 1 1 1 1 1 1 1 1 1 1 1 1 1 1 1 1 1 1 1 1 1 1 100 1 1 1 1 1 1 1 1 1 1 1 1 1 1 1 1 1 1 1 1 1 1 1 1 1 1 1 1 1 1 1 1 1 1 1 1 1 1 1 1 1 1 1 1 1 1 1 1 1 1 1 1 1 1 1 1 1 1 1 1 1 1 1 1 1 1 1 1 1 1 1 1 1 1 1 1 1 1 1 1 1 1 1 1 100 1 1 1 1 1 1 1 1 1 1 1 100 1 1 1 1 1 1 1 1 1 1 1 1 1 1 1 1 1 1 1 1 1 1 1 1 1 1 1 1 1 1 1 1 1 1 1 1 1 1 1 1 1 1 1 1 1 1 1 1 1 1 1 1 1 1 1 1 1 1 1 1 1 1 1 1 1 1 1 1 1 1 1 1 1 1 1 1 1 1 1 1 1 1 1 1 1 1 1 1 1 1 1 1 1 1 1 1 1 1 1 1 1 1 1 1 1 1 1 1 1 1 1 1 1 1 1 1 1 1 1 1 1 1 1 1 1 1 1 1 1 1 1 1 1 1 1 1 1 1 1 1 1 1 1 1 1 1 1 1 1 1 1 1 1 1 1 1 1 1 1 1 1 1 1 1 1 1 1 1 1 1 1 1 1 1 1 1 1 1 1 1 1 1 1 1 1 1 1 1 1 1 1 1 1 1 1 1 1 1 1 1 1 1 1 1 1 1 1 1 1 1 1 1 1 1 1 1 1 1 1 1 1 1 1 100 1 100 1 100 1 100 1 100 1 100 1 100 1 100 1 100 1 1 1 1 1 1 1 1 1 1 1 1 1 1 1 1 1 1 1 1 1 1 1 1 1 1 1 1 1 1 1 1 1 1 1 1 1 1 1 1 1 1 1 1 1 1 1 1 1 1 1 1 1 1 1 1 1 1
staticfield java/util/concurrent/ConcurrentHashMap NCPU I 8
staticfield java/util/concurrent/ConcurrentHashMap serialPersistentFields [Ljava/io/ObjectStreamField; 3 [Ljava/io/ObjectStreamField;
staticfield java/util/concurrent/ConcurrentHashMap U Ljdk/internal/misc/Unsafe; jdk/internal/misc/Unsafe
staticfield java/util/concurrent/ConcurrentHashMap SIZECTL J 20
staticfield java/util/concurrent/ConcurrentHashMap TRANSFERINDEX J 32
staticfield java/util/concurrent/ConcurrentHashMap BASECOUNT J 24
staticfield java/util/concurrent/ConcurrentHashMap CELLSBUSY J 36
staticfield java/util/concurrent/ConcurrentHashMap CELLVALUE J 144
staticfield java/util/concurrent/ConcurrentHashMap ABASE I 16
staticfield java/util/concurrent/ConcurrentHashMap ASHIFT I 2
ciInstanceKlass java/lang/String 1 1 1396 10 7 12 1 1 1 8 1 9 7 12 1 1 1 9 12 1 1 9 12 1 1 10 12 1 10 12 1 1 10 12 1 1 9 12 1 1 10 7 12 1 1 1 10 7 1 10 7 12 1 1 1 10 12 1 1 10 12 1 1 10 12 1 10 12 1 1 10 12 1 10 7 12 1 1 1 9 7 12 1 1 1 10 7 12 1 1 1 10 12 1 1 10 12 1 1 10 12 1 1 10 12 1 1 10 12 1 1 9 7 12 1 1 10 12 9 7 12 1 1 3 10 7 12 1 1 1 7 1 11 12 1 1 11 12 1 11 12 1 1 10 100 12 1 1 1 10 12 1 1 9 100 12 1 1 1 10 12 1 1 10 12 1 11 12 1 1 10 12 1 1 10 12 10 12 1 1 10 100 12 1 1 1 10 7 12 1 1 1 10 12 1 1 100 1 100 1 10 12 1 10 12 1 10 12 1 1 100 1 10 12 1 1 100 1 10 12 1 1 10 12 1 1 10 10 12 1 100 1 100 1 100 1 10 12 1 10 12 1 1 10 12 1 1 10 12 1 10 12 1 1 10 12 1 1 10 7 12 1 1 7 1 11 11 12 1 11 12 1 10 12 1 1 10 12 1 10 12 10 12 1 1 10 10 100 12 1 1 1 10 100 12 1 1 10 12 1 1 10 100 12 1 1 10 12 1 10 12 1 1 10 12 1 1 10 12 1 10 12 1 10 12 1 1 100 1 10 12 1 1 10 12 10 12 1 10 12 1 1 10 100 12 1 1 1 10 12 1 10 12 1 1 10 12 1 10 12 1 3 3 10 12 1 10 12 1 1 10 12 1 1 10 12 1 1 10 12 1 10 12 1 1 10 12 1 1 10 12 1 10 12 1 10 12 1 10 12 1 1 10 12 1 10 12 1 10 12 1 10 12 1 10 12 1 10 12 1 10 100 1 10 8 1 10 12 1 1 10 12 1 8 1 10 12 1 1 10 12 10 12 1 8 1 10 10 12 1 1 10 12 1 1 10 12 1 10 12 1 1 10 12 10 100 1 10 10 12 1 10 12 1 10 12 1 10 10 12 1 10 12 1 1 10 12 1 100 1 10 10 12 1 100 1 10 10 12 1 10 12 1 1 10 12 1 10 12 1 1 10 10 12 1 1 10 100 1 10 10 12 1 10 12 1 1 10 12 1 1 10 100 1 10 12 1 10 12 1 10 12 1 10 12 1 1 10 12 1 11 7 1 11 12 10 12 1 10 12 1 1 10 12 1 1 10 10 12 1 10 12 1 9 12 1 1 11 7 12 1 1 1 10 10 12 1 10 12 1 1 10 10 12 1 10 12 1 10 12 1 1 9 12 1 10 12 1 1 10 10 12 1 1 10 12 10 10 12 1 10 12 10 10 12 10 10 12 1 10 12 1 10 12 10 10 12 10 12 1 10 12 10 12 10 10 12 1 10 12 1 1 10 12 1 10 10 12 1 10 7 12 1 1 1 10 12 1 1 10 10 100 12 1 1 1 11 10 12 1 10 12 1 1 10 12 1 1 10 100 12 1 1 1 10 12 1 10 10 12 1 10 12 1 10 12 1 10 100 12 1 1 10 12 1 100 1 100 1 8 1 10 10 10 12 1 8 1 10 12 1 3 3 7 1 10 10 12 1 10 12 1 10 12 1 1 10 12 1 1 11 7 12 1 1 1 7 1 10 12 1 1 10 12 1 10 12 1 1 10 12 1 1 8 1 10 12 1 1 10 12 1 11 100 12 1 1 1 11 100 12 1 1 11 12 1 1 10 12 1 10 12 1 1 10 10 7 12 1 1 1 10 12 1 10 12 1 10 10 12 10 12 1 1 10 10 12 1 10 10 12 1 10 10 12 1 10 10 12 1 10 12 1 1 10 10 12 1 8 1 10 12 1 1 18 12 1 1 11 100 12 1 1 1 100 1 3 18 12 1 18 12 1 8 1 10 100 12 1 1 1 11 12 1 1 10 12 10 10 12 1 10 11 12 1 1 10 12 1 1 11 12 1 18 3 11 10 12 1 11 11 10 12 1 10 12 1 1 8 1 10 12 1 10 12 1 10 12 1 1 10 10 12 1 11 100 12 1 100 1 100 1 10 12 1 100 1 10 10 100 12 1 1 1 100 1 10 100 1 10 10 12 1 10 10 12 1 8 1 10 10 12 1 8 1 8 1 10 12 1 10 12 1 10 10 12 10 100 12 1 1 10 100 12 1 1 10 100 12 1 1 8 1 10 12 1 10 12 1 1 10 10 12 8 1 8 1 10 8 1 8 1 8 1 8 1 10 12 1 10 12 1 8 1 10 100 12 1 1 1 10 12 10 12 1 1 10 12 10 10 12 10 12 7 1 9 12 1 1 7 1 10 100 1 100 1 100 1 100 1 1 1 1 1 1 5 0 1 1 1 1 1 3 1 3 1 1 1 1 1 1 1 1 1 1 1 1 1 1 1 100 1 1 1 100 1 1 1 1 1 1 1 1 1 1 1 1 1 1 1 1 1 1 1 1 1 1 1 1 1 1 1 100 1 1 1 1 1 1 1 1 1 100 1 1 1 1 1 1 1 1 1 1 1 1 1 1 1 1 1 1 1 1 1 1 1 1 1 1 1 1 1 1 1 1 1 1 1 1 1 1 1 1 1 1 1 1 1 1 1 1 1 1 1 1 1 1 1 1 1 1 1 1 1 1 1 1 1 1 1 1 1 1 1 1 1 1 1 1 1 1 1 1 1 1 1 1 1 1 1 1 1 1 1 1 1 1 1 1 1 1 1 1 1 1 1 1 1 1 1 1 1 1 1 1 1 1 1 1 1 1 1 1 1 1 1 1 1 1 1 1 1 1 1 1 1 1 1 1 1 1 1 1 1 1 1 1 1 1 1 1 1 1 1 1 1 1 1 1 1 1 1 1 1 1 1 1 1 1 1 1 1 100 1 1 1 1 1 1 1 1 1 1 1 1 1 1 1 1 1 1 1 1 1 1 1 1 100 1 1 1 1 1 1 1 1 1 1 1 1 1 100 1 1 1 1 1 1 1 1 1 1 1 1 1 1 1 15 10 100 12 1 1 1 16 15 10 12 16 15 10 12 15 10 12 15 10 12 1 1 1 1 100 1 100 1 1 1
staticfield java/lang/String COMPACT_STRINGS Z 1
staticfield java/lang/String serialPersistentFields [Ljava/io/ObjectStreamField; 0 [Ljava/io/ObjectStreamField;
staticfield java/lang/String CASE_INSENSITIVE_ORDER Ljava/util/Comparator; java/lang/String$CaseInsensitiveComparator
ciInstanceKlass java/security/ProtectionDomain 1 1 324 10 7 12 1 1 1 9 7 12 1 1 1 7 1 10 9 12 1 1 9 12 1 1 9 12 1 1 10 7 12 1 1 7 1 9 12 1 9 12 1 1 7 1 9 12 1 1 9 12 1 10 100 12 1 1 10 100 12 1 1 1 10 12 1 1 10 12 1 9 12 1 9 100 12 1 1 10 12 1 1 10 100 1 10 12 1 1 8 1 100 1 8 1 10 12 1 10 10 100 12 1 1 1 10 12 1 1 8 1 11 8 1 10 12 1 8 1 8 1 10 12 1 1 10 12 1 10 12 1 1 10 12 1 8 1 10 12 1 8 1 8 1 10 100 12 1 1 1 9 100 12 1 1 1 10 12 1 1 9 100 12 1 1 1 10 100 12 1 1 1 100 1 100 1 10 12 1 10 100 12 1 1 1 10 100 1 10 12 1 10 12 1 1 11 100 12 1 1 11 12 1 100 1 11 100 12 1 1 1 10 12 1 10 11 12 1 1 11 12 1 1 10 12 1 10 7 12 1 1 10 100 12 1 1 11 12 1 10 12 8 1 8 1 10 7 12 1 1 1 7 1 10 10 7 12 1 1 1 1 1 1 1 1 1 1 100 1 1 100 1 1 1 1 1 1 1 1 1 1 1 1 1 1 1 1 1 1 1 1 1 1 1 1 1 1 1 1 1 1 1 1 1 1 1 1 1 1 1 1 1 1 100 1 1 1 1 1 100 1 1 1 1 1
staticfield java/security/ProtectionDomain filePermCompatInPD Z 0
ciInstanceKlass java/security/CodeSource 1 1 395 10 7 12 1 1 1 9 7 12 1 1 1 9 12 1 1 9 12 1 1 9 12 1 1 10 7 12 1 1 1 9 12 1 1 10 7 12 1 1 10 7 10 100 12 1 1 1 10 100 12 1 1 1 10 12 1 1 7 1 10 10 7 12 1 1 1 10 7 12 1 1 1 10 12 1 1 10 12 1 7 1 10 12 1 1 10 12 1 1 10 12 1 1 10 12 1 10 10 10 12 1 1 10 100 12 1 1 1 10 12 1 10 12 1 10 12 1 8 1 10 12 1 10 12 1 10 12 1 1 10 12 1 8 1 10 12 1 1 10 100 1 10 10 12 1 1 8 1 10 12 1 10 12 1 10 12 1 8 1 8 1 9 12 1 1 100 1 8 1 10 12 1 10 12 1 1 8 1 10 12 1 8 1 8 1 8 1 10 100 12 1 1 10 12 1 1 10 12 1 10 12 1 1 10 12 1 1 10 12 1 1 100 1 100 1 10 12 1 10 12 10 12 1 1 10 100 12 1 1 10 12 1 100 1 10 12 10 8 1 10 12 1 10 12 1 10 12 1 1 100 1 10 12 1 1 100 1 100 1 8 1 8 1 10 10 12 1 1 10 100 12 1 1 1 100 1 10 12 10 12 1 1 11 100 12 1 1 10 10 12 1 11 10 12 1 8 1 100 1 10 12 1 10 12 1 1 10 12 1 11 12 1 1 11 100 1 1 1 1 5 0 1 1 1 1 1 1 1 1 1 1 1 1 1 1 1 1 1 1 1 1 1 1 1 1 1 1 1 1 1 1 1 1 1 1 1 1 1 1 1 1 1 1 1 1 1 1 1 1 1 1 1 1 1 1 1 1 1 1 1 1 1 1 1 1 1 100 1 1 1 1 1 1 1
ciInstanceKlass java/lang/StringBuilder 1 1 409 10 7 12 1 1 1 10 12 1 10 12 1 10 12 1 1 10 7 12 1 1 1 10 7 12 1 1 1 10 12 1 10 12 1 10 12 1 10 12 1 10 12 1 10 12 1 10 12 1 10 12 1 10 12 1 10 12 1 10 12 1 10 12 1 10 12 1 10 12 1 1 10 12 1 10 12 1 1 10 12 1 1 10 12 1 10 12 1 10 12 1 10 12 1 10 12 1 10 12 1 10 12 1 10 12 10 12 1 10 12 1 10 12 1 10 12 1 1 10 12 1 10 12 1 10 12 10 12 1 1 10 12 1 1 9 12 1 1 9 12 1 1 10 7 12 1 1 1 10 100 1 10 100 12 1 1 1 10 12 1 10 12 1 1 10 12 1 1 10 10 12 1 1 10 100 12 1 1 10 12 1 10 12 1 1 100 1 100 1 8 1 10 10 12 1 1 10 12 1 1 10 12 1 10 12 1 10 12 1 10 12 1 10 12 1 10 12 1 10 12 1 10 12 1 10 12 1 10 12 1 10 12 1 10 12 1 10 12 1 10 12 1 10 12 1 1 10 12 1 1 10 12 1 10 12 1 10 12 1 10 12 10 12 10 12 1 10 12 1 10 12 1 10 12 10 12 1 10 12 1 10 12 1 10 12 1 10 12 1 10 12 1 10 12 1 10 12 1 10 12 1 1 10 12 1 10 12 1 1 10 12 1 10 12 1 1 10 12 1 10 12 1 1 10 12 1 10 12 1 10 12 1 10 10 12 1 10 12 1 100 1 100 1 100 1 1 1 1 5 0 1 1 1 1 1 1 1 1 1 1 1 1 1 1 1 1 1 1 1 1 1 1 1 1 1 1 1 1 1 1 1 1 1 1 1 1 1 1 1 1 1 1 1 100 1 1 1 100 1 1 1 1 1 1 1 1 1 1
ciInstanceKlass jdk/internal/loader/ClassLoaders 1 1 183 10 100 12 1 1 1 10 7 12 1 1 1 10 12 1 1 10 100 12 1 1 1 9 7 12 1 1 1 9 12 1 1 9 12 1 1 7 1 11 100 12 1 1 1 100 1 11 12 1 1 11 12 1 1 10 100 12 1 1 1 10 100 12 1 1 1 100 1 100 1 10 7 12 1 1 1 9 12 1 1 10 12 1 1 7 1 10 12 1 1 10 12 1 7 1 8 1 10 7 12 1 1 1 10 12 1 1 7 1 10 12 1 10 12 1 10 12 1 8 1 10 7 12 1 1 8 1 8 1 10 12 1 7 1 10 12 1 10 12 1 10 12 1 1 1 1 1 1 1 1 1 1 1 1 1 1 1 1 1 1 1 1 100 1 1 1 1 1 1 1 1 1 1 1 1 1 1 1 1 1 1 1
staticfield jdk/internal/loader/ClassLoaders JLA Ljdk/internal/access/JavaLangAccess; java/lang/System$2
staticfield jdk/internal/loader/ClassLoaders BOOT_LOADER Ljdk/internal/loader/ClassLoaders$BootClassLoader; jdk/internal/loader/ClassLoaders$BootClassLoader
staticfield jdk/internal/loader/ClassLoaders PLATFORM_LOADER Ljdk/internal/loader/ClassLoaders$PlatformClassLoader; jdk/internal/loader/ClassLoaders$PlatformClassLoader
staticfield jdk/internal/loader/ClassLoaders APP_LOADER Ljdk/internal/loader/ClassLoaders$AppClassLoader; jdk/internal/loader/ClassLoaders$AppClassLoader
ciInstanceKlass jdk/internal/misc/Unsafe 1 1 1285 10 7 12 1 1 1 9 7 12 1 1 1 9 12 1 1 10 12 1 1 10 7 12 1 1 1 10 12 1 1 10 12 1 1 10 12 1 1 10 12 1 1 10 12 1 1 10 12 1 1 10 12 1 1 10 12 1 1 10 12 1 1 10 12 1 1 10 12 1 1 10 12 1 1 10 12 1 1 10 12 1 10 12 1 100 1 10 10 12 1 1 10 12 1 1 5 0 10 12 1 1 10 12 1 1 10 7 12 1 1 1 10 12 1 1 10 12 1 10 12 1 10 12 1 1 10 12 1 1 10 12 1 10 12 1 100 1 100 1 10 8 1 10 12 1 1 10 12 1 8 1 10 12 1 1 10 12 1 10 12 1 10 12 1 1 10 12 1 10 12 1 1 10 12 1 1 10 12 1 10 12 1 10 12 1 10 12 1 1 10 12 1 10 12 1 10 12 1 1 10 12 1 5 0 5 0 5 0 10 12 1 10 12 1 10 12 1 10 12 1 10 12 1 10 12 1 10 12 1 10 12 1 10 12 1 1 10 12 1 10 12 1 100 1 8 1 10 100 1 10 10 12 1 1 10 12 1 1 10 12 1 10 12 1 1 10 12 1 1 10 12 1 10 12 1 1 10 12 1 9 7 12 1 1 9 12 1 100 1 10 10 12 1 1 8 1 10 8 1 8 1 10 12 1 1 9 7 12 1 1 1 9 100 1 9 100 1 9 7 1 9 9 100 1 9 100 1 9 100 1 10 12 1 1 10 12 1 1 10 12 1 1 10 12 1 1 5 0 5 0 9 12 1 1 10 12 1 10 12 1 10 12 1 1 10 12 1 1 10 12 1 8 1 3 10 12 1 1 10 12 1 1 10 12 1 10 12 1 1 10 12 1 1 10 12 1 10 12 1 10 12 1 10 12 1 10 12 1 10 12 1 1 10 12 1 1 10 12 1 10 12 1 10 12 1 10 12 1 10 12 1 10 12 1 1 10 12 1 1 10 12 1 10 12 1 10 12 1 10 12 1 10 12 1 10 12 1 1 10 12 1 1 10 12 1 1 10 12 1 1 10 12 1 10 12 1 10 12 1 10 12 1 10 12 1 10 12 1 10 12 1 1 10 12 1 1 10 12 1 10 12 1 10 12 1 10 12 1 10 12 1 10 12 1 10 12 1 1 10 12 1 1 10 12 1 10 12 1 10 12 1 10 12 1 10 12 1 10 12 1 10 12 1 10 12 1 1 10 12 1 10 12 1 10 12 1 10 12 1 10 12 1 1 10 12 1 10 12 1 10 12 1 10 12 1 10 12 1 10 12 1 10 12 1 10 12 1 1 10 12 1 10 12 1 10 12 1 10 12 1 10 12 1 10 12 1 1 10 12 1 10 12 1 10 12 1 1 10 12 1 10 12 1 10 12 1 10 12 1 10 12 1 10 12 1 10 12 1 10 12 1 10 12 1 10 12 1 10 12 1 10 12 1 10 12 1 10 12 1 10 12 1 10 12 1 10 12 1 10 12 1 10 12 1 10 12 1 10 12 1 10 12 1 100 1 10 100 1 10 9 12 1 5 0 10 12 1 1 5 0 10 12 1 5 0 10 12 1 10 12 1 10 12 1 1 10 12 1 1 10 12 1 10 12 1 10 12 1 10 12 1 1 10 12 1 10 12 1 10 12 1 10 12 1 10 12 1 1 10 12 1 10 12 1 10 12 1 10 12 1 1 10 12 1 10 12 1 10 12 1 1 10 12 1 10 12 1 10 12 1 10 12 1 1 10 12 1 10 10 12 1 1 10 12 1 10 12 1 1 10 12 1 10 12 5 0 5 0 5 0 10 12 1 1 10 12 1 10 12 1 10 12 10 100 12 1 1 8 1 100 1 11 12 1 1 8 1 11 12 1 1 10 100 12 1 1 10 12 1 10 12 1 10 12 1 10 12 1 10 12 1 1 10 12 1 10 12 1 10 12 1 10 12 1 10 12 1 10 12 1 10 7 1 10 12 1 9 12 1 7 1 9 12 1 7 1 9 12 1 7 1 9 12 1 7 1 9 12 1 7 1 9 12 1 7 1 9 12 1 7 1 9 12 1 7 1 9 12 1 10 12 1 9 12 1 9 12 1 9 12 1 9 12 1 9 12 1 9 12 1 9 12 1 9 12 1 9 12 1 9 12 1 1 1 3 1 1 1 1 1 1 1 1 1 1 1 1 1 1 1 1 1 1 1 1 1 1 1 1 1 1 1 1 1 1 1 1 1 1 1 1 1 1 1 1 1 1 1 1 1 1 1 1 1 1 1 1 1 1 1 1 1 1 1 1 1 1 1 1 1 1 1 1 1 1 1 1 1 1 1 1 1 1 1 1 1 1 1 1 1 1 1 1 1 100 1 1 1 1 1 1 1 1 1 1 1 1 1 1 1 1 1 1 1 1 1 1 1 1 1 1 1 1 1 1 1 1 1 1 1 1 1 1 1 1 1 1 1 1 1 1 1 1 1 1 1 1 1 1 1 1 1 1 1 1 1 1 1 1 1 1 1 1 1 1 1 1 1 1 1 1 1 1 1 1 1 1 1 1 1 1 1 1 1 1 1 1 1 1 1 1 1 1 1 1 1 1 1 1 1 1 1 1 1 1 1 1 1 1 1 1 1 1 1 1 1 1 1 1 1 1 1 1 1 1 1 1 1 1 1 1 1 1 1 1 1 1 1 1 1 1 1 1 1 1 1 1 1 1 1 1 1 1 1 1 1 1 1 1 1 1 1 1 1 1 1 1 1 1 1 1 1 1 1 1 1 1 1 1 1 1 1 1 1 1 1 1 1 1 1 1 1 1 1 1 1 1 1 1 1 1 1 3 1 1 1 1 1 1 1 1 1 1 1 1 1 1 1 1 1 1 1 1 1
staticfield jdk/internal/misc/Unsafe theUnsafe Ljdk/internal/misc/Unsafe; jdk/internal/misc/Unsafe
staticfield jdk/internal/misc/Unsafe ARRAY_BOOLEAN_BASE_OFFSET I 16
staticfield jdk/internal/misc/Unsafe ARRAY_BYTE_BASE_OFFSET I 16
staticfield jdk/internal/misc/Unsafe ARRAY_SHORT_BASE_OFFSET I 16
staticfield jdk/internal/misc/Unsafe ARRAY_CHAR_BASE_OFFSET I 16
staticfield jdk/internal/misc/Unsafe ARRAY_INT_BASE_OFFSET I 16
staticfield jdk/internal/misc/Unsafe ARRAY_LONG_BASE_OFFSET I 16
staticfield jdk/internal/misc/Unsafe ARRAY_FLOAT_BASE_OFFSET I 16
staticfield jdk/internal/misc/Unsafe ARRAY_DOUBLE_BASE_OFFSET I 16
staticfield jdk/internal/misc/Unsafe ARRAY_OBJECT_BASE_OFFSET I 16
staticfield jdk/internal/misc/Unsafe ARRAY_BOOLEAN_INDEX_SCALE I 1
staticfield jdk/internal/misc/Unsafe ARRAY_BYTE_INDEX_SCALE I 1
staticfield jdk/internal/misc/Unsafe ARRAY_SHORT_INDEX_SCALE I 2
staticfield jdk/internal/misc/Unsafe ARRAY_CHAR_INDEX_SCALE I 2
staticfield jdk/internal/misc/Unsafe ARRAY_INT_INDEX_SCALE I 4
staticfield jdk/internal/misc/Unsafe ARRAY_LONG_INDEX_SCALE I 8
staticfield jdk/internal/misc/Unsafe ARRAY_FLOAT_INDEX_SCALE I 4
staticfield jdk/internal/misc/Unsafe ARRAY_DOUBLE_INDEX_SCALE I 8
staticfield jdk/internal/misc/Unsafe ARRAY_OBJECT_INDEX_SCALE I 4
staticfield jdk/internal/misc/Unsafe ADDRESS_SIZE I 8
ciInstanceKlass java/util/Map 1 1 259 11 7 12 1 1 1 11 12 1 1 10 7 12 1 1 11 12 1 1 11 7 12 1 1 1 11 7 12 1 1 1 11 12 1 1 7 1 11 12 1 11 12 1 100 1 100 1 10 12 1 1 11 7 12 1 1 1 11 7 12 1 1 1 11 12 1 11 12 1 10 12 1 1 11 12 1 11 7 12 1 9 7 12 1 1 1 100 1 10 12 7 1 7 1 10 12 1 7 1 10 7 1 11 12 1 1 7 1 11 12 1 1 1 1 1 1 1 1 1 1 1 1 1 1 1 1 1 1 1 1 1 1 1 1 1 1 1 1 1 1 1 1 1 1 1 1 1 1 1 1 1 1 1 1 1 1 1 1 1 1 1 1 1 1 1 1 1 1 1 1 1 1 1 1 1 1 1 1 1 1 1 1 1 1 1 1 1 1 1 1 1 1 1 1 1 1 1 1 1 1 1 1 1 1 1 1 1 1 1 1 1 1 1 1 1 1 1 1 1 1 1 1 1 1 1 1 1 1 1 1 1 1 1 1 1 1 1 1 1 100 1 1 1 1 1 1 1 1 1 1 1 1 1 1 1 1 1 1
ciInstanceKlass java/lang/ThreadGroup 1 1 293 10 7 12 1 1 1 9 7 12 1 1 1 8 1 9 12 1 1 7 1 9 12 1 9 12 1 1 10 12 1 1 10 12 1 1 10 12 1 10 12 1 1 10 12 1 9 12 1 1 10 12 1 1 10 12 1 9 12 1 10 100 12 1 1 1 9 12 1 9 12 1 1 10 7 12 1 1 1 100 10 12 1 1 10 7 12 1 1 1 10 100 12 1 9 12 1 10 12 1 1 10 12 1 1 9 12 1 1 10 12 1 1 10 12 1 10 12 1 10 12 1 1 10 12 1 1 10 12 1 10 12 1 10 10 12 1 10 12 1 10 100 1 10 10 12 1 10 12 1 10 12 1 7 10 12 1 9 12 1 1 10 12 1 1 8 1 10 100 12 1 1 1 10 12 1 1 10 12 1 1 10 12 1 1 11 100 1 100 1 9 12 1 100 1 10 8 1 10 12 1 1 10 12 1 1 8 1 10 12 1 10 100 12 1 1 1 10 12 1 1 10 100 1 8 1 10 8 1 10 12 1 8 1 1 1 1 1 1 1 1 1 1 1 1 1 1 1 1 1 3 1 1 1 1 1 1 1 1 1 1 1 1 1 1 1 1 1 1 1 1 1 1 1 1 1 1 1 1 1 1 1 1 1 1 1 1 1 1 1 1 1 1
instanceKlass java/security/Provider
ciInstanceKlass java/util/Properties 1 1 651 10 7 12 1 1 1 100 1 10 7 12 1 1 7 1 10 12 1 9 12 1 1 9 12 1 1 9 12 1 1 10 7 12 1 1 1 10 12 1 1 8 1 10 7 12 1 1 1 7 1 10 12 1 10 12 1 1 8 1 10 12 1 7 1 10 12 10 12 1 1 9 12 1 1 10 12 1 1 7 1 10 12 1 10 12 1 10 12 1 1 100 1 8 1 10 12 1 10 12 1 10 12 1 1 10 12 1 100 1 3 10 10 100 12 1 1 1 10 12 1 10 12 1 1 8 1 10 12 1 10 12 1 1 8 1 10 100 12 1 1 10 12 1 1 10 12 1 10 12 1 1 100 1 10 12 1 10 12 1 1 100 1 9 100 12 1 1 1 10 12 1 10 12 1 1 100 1 10 10 10 12 1 1 11 7 12 1 1 1 11 7 12 1 1 1 11 12 1 1 7 1 11 12 1 11 12 1 10 12 1 1 8 1 10 12 1 10 12 1 100 1 10 10 12 1 1 10 100 12 1 1 9 100 12 1 1 10 12 1 1 10 100 12 1 1 1 100 1 100 1 100 1 10 8 1 8 1 10 12 1 10 12 1 10 12 1 1 10 10 12 1 1 10 12 1 1 7 1 10 10 12 1 11 7 12 1 1 10 7 12 1 1 1 8 1 10 100 12 1 1 11 8 1 10 100 1 11 10 12 1 10 12 1 10 12 1 10 12 1 1 10 12 1 1 10 12 1 1 10 12 1 10 12 1 10 10 12 1 10 12 1 10 12 1 10 10 12 1 1 10 12 1 1 7 1 10 10 12 1 10 12 1 10 12 1 10 12 1 10 12 1 1 10 12 1 1 10 12 1 10 12 1 10 12 1 1 10 12 10 12 1 1 10 12 1 1 10 12 1 10 12 1 1 10 12 1 1 10 12 100 1 10 11 100 12 1 1 4 11 10 12 1 1 10 100 12 1 1 11 12 1 10 12 1 1 10 100 12 1 1 10 12 1 100 1 8 1 10 12 1 10 10 100 12 1 1 1 100 1 6 0 10 12 1 1 11 100 12 1 1 1 10 12 1 10 12 1 1 1 1 1 5 0 1 1 1 1 1 1 1 1 1 1 1 1 1 1 1 1 1 1 1 1 1 1 1 1 1 1 1 1 1 1 1 1 1 1 1 1 1 1 1 1 100 1 1 1 1 1 1 1 1 1 1 1 1 1 1 1 1 1 1 1 1 100 1 1 1 1 1 1 1 100 1 100 1 1 1 1 100 1 1 1 1 1 1 1 1 1 1 1 1 1 1 1 1 1 1 1 1 1 1 1 1 1 1 1 1 1 1 1 1 1 1 1 1 1 1 1 1 1 1 1 1 1 1 1 1 1 1 1 1 1 1 1 1 1 1 1 1 1 1 1 1 1 1 1 1 1 1 1 1 1 1 1 1 100 1 1 1 1 1 1 1 1 1 100 1 1 1
staticfield java/util/Properties UNSAFE Ljdk/internal/misc/Unsafe; jdk/internal/misc/Unsafe
instanceKlass java/util/Hashtable
ciInstanceKlass java/util/Dictionary 1 1 36 10 7 12 1 1 1 100 1 1 1 1 1 1 1 1 1 1 1 1 1 1 1 1 1 1 1 1 1 1 1 1 1 1 1 1
instanceKlass java/util/Properties
ciInstanceKlass java/util/Hashtable 1 1 512 100 1 10 7 12 1 1 1 9 7 12 1 1 1 100 1 100 1 10 8 1 10 12 1 1 10 12 1 10 12 1 1 10 12 1 10 7 12 1 1 1 8 1 10 12 1 9 12 1 1 7 1 9 12 1 1 4 10 7 12 1 1 1 9 12 1 4 10 12 1 11 100 12 1 1 1 10 12 1 1 10 12 1 1 9 12 1 10 12 1 1 100 1 10 9 12 1 1 10 7 12 1 1 1 9 12 1 1 10 12 1 10 12 1 3 9 12 1 9 12 1 3 10 12 1 10 12 1 10 12 1 1 11 12 1 1 11 100 12 1 1 1 11 100 12 1 1 1 11 12 1 100 1 11 12 1 11 12 1 10 12 1 1 10 12 1 1 10 12 1 9 12 1 1 9 12 9 12 1 1 10 100 1 100 1 10 12 1 10 8 1 10 10 12 1 8 1 10 8 1 10 100 12 1 1 1 7 1 10 12 1 10 12 1 100 1 10 12 1 10 12 1 1 100 1 10 100 1 10 10 12 1 1 11 12 1 1 11 12 1 100 1 10 10 10 100 12 1 1 11 100 12 1 1 1 100 1 10 11 100 12 1 1 11 100 12 1 10 12 1 10 12 1 1 10 100 12 1 1 10 12 1 1 10 12 1 1 10 12 1 1 10 100 12 1 1 1 8 10 100 12 1 1 100 1 8 1 10 4 10 12 4 10 12 1 8 1 10 12 10 100 12 1 1 1 100 1 11 100 12 1 1 1 10 100 12 1 1 1 10 12 1 10 12 1 1 10 100 1 100 1 1 1 1 1 1 5 0 1 1 1 1 1 3 1 3 1 3 1 1 1 1 1 1 1 1 1 1 1 1 1 1 1 1 1 1 1 1 1 1 1 1 1 100 1 1 1 1 1 1 1 1 1 1 1 1 1 1 1 1 1 1 1 1 1 1 1 1 1 1 1 1 1 100 1 1 1 1 1 1 1 1 1 1 1 1 1 1 1 1 1 1 1 1 1 1 1 1 1 1 1 1 1 1 1 1 1 1 1 1 1 1 1 1 1 1 1 1 1 1 1 1 1 1 1 1 1 1 1 1 1 1 100 1 1 1 100 1 1 1 1 1 100 1 1 1 1 1 1 1 1 1 1 1 1 1 1 1 1 1 1
ciInstanceKlass java/util/Set 1 1 140 100 1 10 100 12 1 1 1 9 7 12 1 1 1 7 1 10 12 1 1 10 12 1 7 1 7 1 10 12 1 7 1 7 1 100 1 10 12 1 10 12 1 1 11 12 1 1 100 1 1 1 1 1 1 1 1 1 1 1 1 1 1 1 1 1 1 1 1 1 1 1 1 1 1 1 1 1 1 1 1 1 1 1 1 1 1 1 1 1 1 1 1 1 1 1 1 1 1 1 1 1 1 1 1 1 1 1 1 1 1 1 1 1 1 1 1 1 1 1 1 1 1 1 1 1 1 1 1 1 1 1 1 1 1 1 1 1 1 1
instanceKlass java/util/jar/JarVerifier$VerifierStream
instanceKlass java/util/zip/ZipFile$ZipFileInputStream
instanceKlass java/io/FilterInputStream
instanceKlass java/io/FileInputStream
instanceKlass java/io/ByteArrayInputStream
ciInstanceKlass java/io/InputStream 1 1 184 100 1 10 7 12 1 1 1 100 1 10 10 7 12 1 1 1 10 7 12 1 1 1 10 12 1 100 1 3 10 12 1 1 100 1 8 1 10 12 1 10 7 12 1 1 1 3 100 1 8 1 10 10 7 12 1 1 1 7 1 10 11 7 12 1 1 1 10 12 1 1 11 12 1 1 11 7 12 1 1 1 11 12 1 1 7 1 10 7 12 1 1 1 5 0 10 12 1 10 12 1 1 100 1 10 8 1 10 8 1 8 1 10 12 1 1 10 100 12 1 1 1 100 1 1 1 1 3 1 3 1 1 1 1 1 1 1 1 1 1 1 1 1 1 1 1 1 1 1 1 1 1 1 1 1 1 1 1 1 1 1 1 1 1 1 1 1 1 1 1 1 1 1 1 1 1 1 1 1 1 1 1 1
ciInstanceKlass java/io/ByteArrayInputStream 1 1 96 10 7 12 1 1 1 9 7 12 1 1 1 9 12 1 1 9 12 1 9 12 1 10 100 12 1 1 1 10 7 12 1 1 1 10 7 12 1 1 1 10 100 12 1 1 1 10 12 1 1 10 100 12 1 1 1 1 1 1 1 1 1 1 1 1 1 1 1 1 1 1 1 1 1 1 1 1 1 1 1 100 1 1 1 1 1 1 1 1 1 1 1 1 1 1
instanceKlass java/util/logging/LogManager$Cleaner
instanceKlass java/util/concurrent/ForkJoinWorkerThread
instanceKlass jdk/internal/misc/InnocuousThread
instanceKlass java/lang/ref/Finalizer$FinalizerThread
instanceKlass java/lang/ref/Reference$ReferenceHandler
ciInstanceKlass java/lang/Thread 1 1 612 9 7 12 1 1 1 9 12 1 1 10 12 1 1 9 12 1 1 9 12 1 1 100 1 8 1 10 12 1 1 3 8 1 100 1 5 0 10 12 1 1 10 7 12 1 1 9 12 1 1 9 12 1 9 12 1 1 9 12 1 100 1 8 1 10 9 12 1 1 10 7 12 1 1 1 10 100 12 1 1 1 10 10 7 12 1 1 10 12 1 1 10 12 1 1 9 100 12 1 1 1 10 12 1 1 10 12 1 9 12 1 1 10 12 1 1 10 12 1 1 9 12 1 10 12 1 1 9 12 1 1 10 7 12 1 1 1 9 12 1 1 9 12 1 1 10 12 1 1 10 100 12 1 1 1 9 12 1 10 12 1 1 9 12 1 100 1 10 100 1 10 8 1 10 12 1 1 10 12 1 10 12 1 10 12 1 1 10 12 1 10 12 1 9 12 1 100 1 10 10 12 1 1 10 12 1 10 12 1 100 1 11 7 12 1 1 9 100 12 1 1 1 10 12 1 10 12 1 10 12 9 12 1 1 10 9 12 1 10 12 1 100 1 10 10 12 1 1 9 12 1 10 12 1 11 100 12 1 1 10 12 1 9 12 1 10 12 1 10 12 1 10 10 12 1 10 12 1 10 12 1 10 12 1 10 12 1 1 100 1 10 10 12 1 10 12 1 10 12 1 9 100 12 1 1 1 10 12 1 1 10 12 1 100 1 8 1 10 10 12 1 10 12 8 1 10 12 1 8 1 10 8 1 8 1 10 100 12 1 1 10 100 12 1 1 1 100 1 8 1 10 9 12 1 9 12 1 1 10 12 1 1 10 10 12 1 1 9 12 1 10 12 1 1 100 1 10 12 11 100 12 1 1 1 9 100 12 1 1 1 9 12 1 1 10 12 1 1 100 1 10 12 1 11 100 12 1 1 1 100 1 10 12 1 10 12 1 1 11 12 1 10 12 1 100 1 10 12 1 10 12 1 1 10 100 12 1 1 1 8 1 9 12 1 10 12 1 1 11 100 12 1 1 1 10 100 12 1 1 1 11 12 1 10 12 1 7 1 1 1 1 3 1 3 1 3 1 1 1 1 1 1 1 1 1 1 1 1 1 1 1 1 1 1 1 100 1 1 1 1 1 1 1 1 1 1 1 1 100 1 100 1 1 1 1 1 1 1 1 1 1 1 1 1 1 1 1 1 1 1 1 1 1 1 1 1 1 1 1 1 1 1 1 1 1 1 1 1 1 1 1 1 1 1 100 100 1 1 1 1 1 1 1 1 1 100 1 1 1 1 1 1 1 1 1 1 1 1 1 1 1 1 1 1 1 1 1 1 1 1 1 1 1 1 100 1 1 1 1 1 1 100 1 1 100 1 1 1 1 1 1
staticfield java/lang/Thread EMPTY_STACK_TRACE [Ljava/lang/StackTraceElement; 0 [Ljava/lang/StackTraceElement;
ciMethod java/lang/System arraycopy (Ljava/lang/Object;ILjava/lang/Object;II)V 256 0 128 0 -1
instanceKlass java/lang/Exception
instanceKlass java/lang/Error
ciInstanceKlass java/lang/Throwable 1 1 393 10 7 12 1 1 1 9 7 12 1 1 1 9 12 1 1 9 12 1 9 12 1 1 9 12 1 10 12 1 1 9 12 1 1 10 12 1 1 10 12 1 100 1 100 1 10 8 1 10 12 1 1 8 1 10 100 12 1 1 10 10 12 1 100 1 8 1 10 10 12 1 1 10 7 12 1 1 10 12 1 8 1 9 100 12 1 1 1 10 12 1 1 100 1 10 12 10 12 1 100 1 10 10 7 12 1 1 1 11 100 12 1 1 1 10 100 12 1 1 1 10 12 1 1 10 12 1 1 8 1 10 12 1 10 12 1 1 8 1 8 1 10 12 1 1 10 12 1 8 1 8 1 9 12 1 1 10 100 12 1 1 100 1 10 11 12 1 8 1 8 1 10 7 12 1 1 8 1 10 12 1 8 1 100 1 10 12 1 9 12 1 1 10 12 1 10 100 12 1 9 12 1 1 10 12 1 1 100 1 8 1 10 12 1 10 100 12 1 1 10 12 1 1 100 1 10 100 12 1 1 1 10 12 1 11 100 12 1 1 1 11 100 12 1 1 1 11 12 1 8 1 10 12 1 1 8 1 10 10 9 100 12 1 1 1 8 1 10 12 1 1 10 100 1 8 1 10 11 12 1 1 8 1 9 12 1 10 100 12 1 1 11 9 12 1 1 11 12 1 1 100 10 12 1 10 12 1 1 100 1 1 1 1 5 0 1 1 1 1 1 1 1 1 1 1 1 1 1 100 1 1 1 1 1 1 1 1 1 1 1 1 1 1 1 1 1 1 1 1 1 1 1 1 1 1 1 1 1 1 1 1 1 1 1 1 1 1 1 1 1 1 100 1 100 1 1 1 1 1 1 1 1 1 1 1 1 1 1 1 1 1 1
staticfield java/lang/Throwable UNASSIGNED_STACK [Ljava/lang/StackTraceElement; 0 [Ljava/lang/StackTraceElement;
staticfield java/lang/Throwable SUPPRESSED_SENTINEL Ljava/util/List; java/util/Collections$EmptyList
staticfield java/lang/Throwable EMPTY_THROWABLE_ARRAY [Ljava/lang/Throwable; 0 [Ljava/lang/Throwable;
staticfield java/lang/Throwable $assertionsDisabled Z 1
instanceKlass java/security/GeneralSecurityException
instanceKlass java/lang/InterruptedException
instanceKlass com/android/tools/r8/shaking/T3
instanceKlass java/lang/CloneNotSupportedException
instanceKlass com/android/tools/r8/internal/vc0
instanceKlass sun/nio/fs/WindowsException
instanceKlass com/android/tools/r8/ResourceException
instanceKlass com/android/tools/r8/CompilationFailedException
instanceKlass java/util/concurrent/ExecutionException
instanceKlass java/io/IOException
instanceKlass java/lang/ReflectiveOperationException
instanceKlass java/lang/RuntimeException
ciInstanceKlass java/lang/Exception 1 1 40 10 7 12 1 1 1 10 12 1 10 12 1 10 12 1 10 12 1 100 1 1 1 1 5 0 1 1 1 1 1 1 1 1 1 1 1 1 1 1
instanceKlass java/lang/NoSuchFieldException
instanceKlass java/lang/NoSuchMethodException
instanceKlass java/lang/ClassNotFoundException
ciInstanceKlass java/lang/ReflectiveOperationException 0 0 34 10 100 12 1 1 1 10 12 1 10 12 1 10 12 1 100 1 1 1 1 5 0 1 1 1 1 1 1 1 1 1 1 1
instanceKlass java/lang/AssertionError
instanceKlass java/lang/VirtualMachineError
instanceKlass java/lang/LinkageError
instanceKlass java/lang/ThreadDeath
ciInstanceKlass java/lang/Error 1 1 40 10 7 12 1 1 1 10 12 1 10 12 1 10 12 1 10 12 1 100 1 1 1 1 5 0 1 1 1 1 1 1 1 1 1 1 1 1 1 1
ciInstanceKlass java/lang/ThreadDeath 0 0 21 10 100 12 1 1 1 100 1 1 1 1 5 0 1 1 1 1 1 1 1
ciInstanceKlass java/lang/ClassNotFoundException 0 0 96 100 1 10 100 12 1 1 1 10 12 1 10 12 1 1 10 100 12 1 1 1 8 1 10 100 12 1 1 1 10 100 12 1 1 10 100 12 1 1 1 10 100 12 1 1 1 10 12 1 1 100 1 10 12 1 9 12 1 1 1 1 1 5 0 1 1 1 1 1 1 1 1 1 1 1 1 1 1 1 1 1 1 100 1 1 1 1 1 1 1 1 1 1 1 1
instanceKlass java/lang/ClassFormatError
instanceKlass java/lang/IncompatibleClassChangeError
instanceKlass java/lang/BootstrapMethodError
instanceKlass java/lang/NoClassDefFoundError
ciInstanceKlass java/lang/LinkageError 1 1 31 10 7 12 1 1 1 10 12 1 10 12 1 100 1 1 1 1 5 0 1 1 1 1 1 1 1 1 1 1 1
instanceKlass jdk/internal/misc/ThreadTracker$ThreadRef
instanceKlass sun/security/pkcs/SignerInfo$AlgorithmInfo
ciInstanceKlass java/lang/Record 1 1 22 10 7 12 1 1 1 100 1 1 1 1 1 1 1 1 1 1 1 1 1 1
ciInstanceKlass java/lang/Math 1 1 395 10 100 12 1 1 1 10 7 12 1 1 1 10 12 1 10 12 1 10 12 1 10 12 1 10 12 1 7 1 6 0 6 0 10 12 1 10 12 1 10 12 1 10 12 1 10 12 1 10 12 1 1 10 12 1 10 12 1 10 12 1 10 12 1 10 12 1 10 7 12 1 1 1 100 1 3 3 3 10 7 12 1 1 1 100 1 5 0 5 0 5 0 5 0 5 0 9 100 12 1 1 1 10 100 12 1 1 1 100 1 8 1 10 12 1 8 1 10 12 1 1 10 12 1 1 100 1 5 0 5 0 100 1 3 5 0 3 5 0 10 12 1 10 12 1 8 1 10 12 1 8 1 9 12 1 1 9 12 1 10 12 1 1 6 0 10 12 1 9 12 1 1 100 1 10 10 12 1 100 1 10 12 1 10 12 1 1 10 12 1 10 12 1 10 12 1 10 12 1 1 10 12 1 1 10 12 1 1 10 12 6 0 10 12 1 1 10 12 1 1 10 12 10 12 1 4 10 12 1 1 10 12 1 10 12 1 10 12 10 12 1 10 12 1 10 12 1 10 12 1 10 12 1 10 12 1 10 12 1 5 0 6 0 4 6 0 4 6 0 4 10 12 1 1 9 12 1 1 10 12 1 9 12 1 10 7 12 1 1 1 4 6 0 1 1 6 0 1 6 0 1 1 1 1 1 1 1 1 1 1 1 1 1 1 1 1 1 1 1 1 1 1 1 1 1 1 1 1 1 1 1 1 1 1 1 1 1 1 1 1 1 1 1 1 1 1 1 1 1 1 1 1 1 1 1 1 1 1 1 1 1 1 1 1 1 1 1 1 1 1 1 1 1 1 1 1 1 1 1 1 1 1 1 1 1 1 1 1 1 1 1 1 1 1
staticfield java/lang/Math negativeZeroFloatBits J -2147483648
staticfield java/lang/Math negativeZeroDoubleBits J -9223372036854775808
staticfield java/lang/Math $assertionsDisabled Z 1
ciInstanceKlass java/util/Arrays 1 1 988 10 7 12 1 1 1 10 100 12 1 1 1 10 7 12 1 1 1 10 12 1 10 12 1 10 12 1 10 12 1 10 12 1 10 12 1 10 100 12 1 1 1 100 1 100 1 10 8 1 10 12 1 1 10 12 1 8 1 8 1 10 12 1 1 10 12 1 100 1 10 12 1 9 100 12 1 1 1 10 7 12 1 1 100 1 10 12 1 1 10 7 12 1 1 10 7 12 1 1 1 100 1 10 12 1 10 12 1 1 7 1 9 7 12 1 1 1 10 12 1 1 10 100 12 1 1 10 12 1 10 12 1 1 10 12 1 10 12 1 1 100 1 11 12 1 1 10 12 1 10 7 12 1 1 1 10 12 10 12 1 10 12 1 10 12 10 12 1 11 100 12 1 1 1 10 7 12 1 1 1 100 1 10 12 1 10 100 1 10 12 1 10 100 1 10 12 1 10 100 1 10 12 1 10 10 12 1 1 10 12 1 10 12 1 10 12 1 10 12 1 10 12 1 10 100 12 1 1 1 10 12 1 10 100 12 1 1 1 10 12 1 10 12 1 10 7 12 1 1 1 10 12 1 10 12 1 10 12 1 10 12 1 10 12 1 10 12 1 10 12 1 10 12 1 10 12 1 10 12 1 10 12 1 10 12 1 10 12 1 10 12 1 10 12 1 10 12 1 1 10 12 1 1 10 7 12 1 1 1 10 12 1 8 1 7 1 10 12 10 12 1 10 12 1 1 10 12 1 1 9 100 12 1 1 1 100 1 10 12 1 9 100 1 100 1 10 12 1 9 100 1 100 1 10 12 1 9 100 1 100 1 10 12 1 9 100 1 100 1 10 12 1 9 100 1 100 1 10 12 1 9 100 1 10 12 1 100 1 10 12 1 10 12 1 9 12 1 100 1 10 10 12 1 1 10 12 1 10 12 1 10 12 1 10 12 1 10 12 1 10 12 1 10 12 1 10 12 1 10 12 1 8 1 8 1 10 12 1 10 12 1 8 1 10 12 1 10 12 1 10 12 1 10 100 12 1 1 1 3 10 100 1 10 10 12 1 1 11 100 12 1 1 10 12 1 1 10 12 1 10 12 1 10 12 1 10 12 1 10 12 1 10 12 1 10 12 1 10 12 1 11 12 1 8 1 10 11 12 1 11 100 12 1 1 1 11 100 12 1 1 1 11 12 1 1 18 12 1 1 11 12 1 1 11 100 12 1 1 1 18 12 1 11 100 12 1 1 1 18 12 1 11 100 12 1 1 1 18 12 1 100 1 10 100 12 1 1 1 10 12 1 10 12 1 10 12 1 10 12 1 10 12 1 10 12 1 10 12 1 10 12 1 1 10 12 1 10 100 12 1 1 10 12 1 10 12 1 10 12 1 1 10 12 1 10 12 1 10 12 1 1 10 12 1 10 12 1 10 12 1 1 10 12 1 10 12 1 10 12 1 10 12 1 10 12 10 12 1 10 12 10 12 10 12 1 10 12 10 12 1 10 12 1 10 12 1 1 1 1 3 1 3 1 1 1 1 1 1 1 1 1 1 1 1 1 1 1 1 1 1 1 1 1 1 1 1 1 1 1 1 1 1 1 1 1 1 1 1 1 1 1 1 1 1 1 1 1 1 1 1 1 1 1 1 1 1 1 1 1 1 1 1 1 1 1 1 1 1 1 1 1 1 1 1 1 1 1 1 1 1 1 1 1 1 1 1 1 1 1 1 1 1 1 1 1 1 1 1 1 1 1 1 1 1 1 1 1 1 1 1 1 1 1 1 1 1 1 1 1 1 1 1 1 1 1 1 1 1 1 1 1 1 1 1 1 1 1 1 1 1 1 1 1 1 1 1 1 1 1 1 1 1 1 1 1 1 1 1 1 1 1 1 1 1 1 1 1 1 1 1 1 1 1 1 1 1 1 1 1 1 1 1 1 1 1 1 1 1 1 1 1 1 1 1 1 1 1 1 1 1 1 1 1 1 1 1 1 1 1 1 1 1 1 1 1 1 1 1 1 1 1 1 1 1 1 1 1 1 1 1 1 1 1 1 1 1 1 1 1 1 1 1 1 1 1 1 1 1 1 1 1 1 1 1 1 1 1 1 1 1 1 1 1 100 1 1 15 10 100 12 1 1 1 16 15 10 12 15 10 12 15 10 12 15 10 12 1 1 100 1 100 1 1 1 1 100 1 1 1 1 1 1 100 1 1 100 1 1 100 1 1 1 100 1 100 1 1
staticfield java/util/Arrays $assertionsDisabled Z 1
ciInstanceKlass java/lang/Boolean 1 1 151 10 7 12 1 1 1 9 7 12 1 1 1 10 12 1 1 10 12 1 8 1 10 7 12 1 1 9 12 1 1 9 12 1 8 1 10 12 1 1 10 12 1 1 10 7 12 1 1 1 100 1 100 1 10 12 1 1 9 100 12 1 1 9 12 10 100 12 1 1 1 10 12 1 1 8 1 10 7 12 1 1 1 9 12 1 1 100 1 100 1 100 1 1 1 1 1 1 5 0 1 1 1 1 1 1 1 1 1 1 3 1 1 1 1 1 1 1 1 1 1 1 1 1 1 1 1 1 1 1 1 100 1 1 1 1 1 1 1 1 1 1 100 1 1 1 1 1 1 1 1
staticfield java/lang/Boolean TRUE Ljava/lang/Boolean; java/lang/Boolean
staticfield java/lang/Boolean FALSE Ljava/lang/Boolean; java/lang/Boolean
staticfield java/lang/Boolean TYPE Ljava/lang/Class; java/lang/Class
instanceKlass java/util/concurrent/locks/AbstractQueuedSynchronizer
ciInstanceKlass java/util/concurrent/locks/AbstractOwnableSynchronizer 1 1 32 10 7 12 1 1 1 9 7 12 1 1 1 100 1 1 1 1 5 0 1 1 1 1 1 1 1 1 1 1 1 1
instanceKlass java/math/BigInteger
instanceKlass java/util/concurrent/atomic/AtomicLong
instanceKlass java/util/concurrent/atomic/AtomicInteger
instanceKlass java/lang/Long
instanceKlass java/lang/Integer
instanceKlass java/lang/Short
instanceKlass java/lang/Byte
instanceKlass java/lang/Double
instanceKlass java/lang/Float
ciInstanceKlass java/lang/Number 1 1 37 10 7 12 1 1 1 10 100 12 1 1 1 100 1 1 1 1 5 0 1 1 1 1 1 1 1 1 1 1 1 1 1 1 1 1 1
instanceKlass java/lang/LiveStackFrameInfo
ciInstanceKlass java/lang/StackFrameInfo 0 0 132 10 100 12 1 1 1 9 100 12 1 1 1 9 100 1 9 12 1 1 11 100 12 1 1 1 9 12 1 1 11 12 1 1 10 12 1 1 10 100 12 1 1 1 10 12 1 11 12 1 11 12 1 1 11 12 1 10 12 1 1 9 12 1 1 10 12 1 1 10 100 12 1 1 10 12 1 1 11 12 1 1 10 12 1 9 12 1 1 10 12 1 1 100 1 8 1 10 12 1 10 100 12 1 1 1 100 1 1 1 1 1 1 1 1 1 1 1 1 1 1 1 1 1 1 100 1 1 1 1 1 1
ciInstanceKlass java/lang/LiveStackFrameInfo 0 0 97 10 100 12 1 1 1 9 100 12 1 1 1 9 12 1 9 12 1 9 12 1 9 12 1 1 100 1 10 12 1 1 10 12 1 8 1 10 12 1 1 8 1 8 1 8 1 10 100 1 10 12 1 100 1 10 12 1 100 1 100 1 1 1 3 1 3 1 1 1 1 1 1 1 1 1 1 1 1 1 1 1 1 1 1 1 1 1 1 1 1 1 1 1 100 1 1
ciInstanceKlass java/lang/Character 1 1 576 7 1 100 1 100 1 9 12 1 1 8 1 9 12 1 1 100 1 9 12 1 1 10 100 12 1 1 1 10 100 12 1 1 1 10 100 12 1 1 1 10 7 12 1 1 1 9 7 12 1 1 1 10 12 1 10 12 1 1 10 12 1 1 10 7 12 1 1 10 12 1 1 3 3 3 3 3 10 12 1 1 10 12 1 3 11 7 12 1 1 1 11 12 1 1 10 12 1 1 10 12 1 1 100 1 10 10 12 1 3 10 12 1 1 10 12 1 10 12 1 1 100 1 8 1 10 12 1 1 10 12 1 10 12 1 10 12 1 10 12 1 10 12 1 1 10 12 1 10 7 12 1 1 10 10 12 1 10 10 12 1 10 12 1 1 10 12 1 10 10 12 1 10 12 1 10 12 1 10 12 1 10 12 1 10 12 1 10 12 1 10 12 10 10 12 10 10 12 1 10 10 12 1 10 10 12 1 10 10 12 1 10 10 12 1 10 10 12 1 10 10 12 1 1 10 10 12 1 10 5 0 10 12 1 10 12 1 10 10 12 1 10 10 12 1 1 10 10 12 1 10 10 12 1 9 12 1 1 100 1 10 10 12 1 10 12 1 1 3 10 100 12 1 1 1 10 12 1 10 100 12 1 1 100 1 10 10 12 1 1 10 12 1 1 10 12 1 1 8 1 10 12 1 9 100 12 1 1 1 10 12 1 10 10 12 1 10 12 1 1 10 12 1 10 10 12 1 1 10 10 12 1 1 100 1 8 1 10 12 1 1 10 7 12 1 1 1 8 1 10 12 1 1 9 12 1 1 100 1 100 1 100 1 1 1 1 3 1 3 1 3 1 3 1 1 1 1 1 3 1 1 3 1 3 1 3 1 3 1 3 1 3 1 3 1 3 1 3 1 3 1 3 1 3 1 3 1 3 1 3 1 3 1 3 1 3 1 3 1 3 1 3 1 3 1 3 1 3 1 3 1 3 1 3 1 3 1 1 1 1 1 1 1 1 1 1 1 1 1 1 1 1 1 1 1 3 1 1 1 1 1 1 1 3 1 1 3 1 1 1 1 1 3 1 1 5 0 1 1 1 1 1 1 1 1 1 1 1 1 1 1 1 1 1 1 1 1 1 1 1 1 1 1 1 1 1 1 1 1 1 1 1 1 1 1 1 1 1 1 1 1 1 1 1 1 1 1 1 1 1 1 1 1 1 1 1 1 1 1 1 1 1 1 1 1 1 1 1 1 1 1 1 1 1 1 1 1 1 1 1 1 1 1 1 1 1 100 1 100 1 1 1 1 1 1
staticfield java/lang/Character TYPE Ljava/lang/Class; java/lang/Class
staticfield java/lang/Character $assertionsDisabled Z 1
ciInstanceKlass java/lang/Float 1 1 223 7 1 100 1 10 100 12 1 1 1 10 100 12 1 1 1 4 100 1 10 12 1 1 10 12 1 1 8 1 8 1 10 100 12 1 1 1 10 12 1 1 10 12 1 1 10 4 4 4 10 7 12 1 1 9 12 1 1 10 12 1 1 10 12 1 10 12 1 10 12 1 1 10 12 1 10 12 1 3 10 12 1 1 10 12 1 1 10 12 1 10 100 12 1 1 1 10 12 1 1 10 12 1 1 8 1 10 7 12 1 1 1 9 12 1 1 100 1 100 1 100 1 1 1 1 1 4 1 1 1 4 1 1 3 1 3 1 3 1 3 1 1 1 1 5 0 1 1 1 1 1 1 1 1 1 1 100 1 1 1 1 1 1 1 1 1 1 1 1 1 3 1 1 1 1 1 1 1 1 1 1 1 1 1 1 1 1 1 1 1 1 1 1 1 1 1 1 1 1 1 1 1 1 1 1 1 1 1 1 100 1 1 1 1 1 1 1 100 1 100 1 1
staticfield java/lang/Float TYPE Ljava/lang/Class; java/lang/Class
ciInstanceKlass java/lang/Double 1 1 285 7 1 100 1 10 7 12 1 1 1 10 12 1 1 10 12 1 100 1 10 12 1 1 10 100 12 1 1 1 6 0 8 1 10 12 1 1 8 1 10 12 1 1 8 1 6 0 10 12 1 1 100 1 5 0 5 0 8 1 8 1 10 100 12 1 1 1 10 100 12 1 1 1 8 1 10 12 1 1 8 1 8 1 8 1 10 12 1 1 10 12 1 10 12 1 1 10 12 1 10 12 1 10 12 1 1 10 12 1 10 6 0 6 0 6 0 10 7 12 1 1 9 12 1 1 10 12 1 10 12 1 10 12 1 10 12 1 5 0 10 12 1 1 10 12 1 10 12 1 10 100 12 1 1 1 10 12 1 1 10 12 1 1 8 1 10 7 12 1 1 1 9 12 1 1 100 1 100 1 100 1 1 1 1 1 6 0 1 1 1 6 0 1 1 3 1 3 1 3 1 3 1 1 1 1 5 0 1 1 1 1 1 1 1 1 1 1 1 1 1 1 1 1 100 1 1 1 1 1 1 1 1 1 1 1 1 3 1 1 1 1 1 1 1 1 1 1 1 1 1 1 1 1 1 1 1 1 1 1 1 1 1 1 1 1 1 1 1 1 1 1 100 1 1 1 1 1 1 1 100 1 100 1 1
staticfield java/lang/Double TYPE Ljava/lang/Class; java/lang/Class
ciInstanceKlass java/lang/Byte 1 1 215 7 1 100 1 10 100 12 1 1 1 9 12 1 1 8 1 9 12 1 1 100 1 10 12 1 1 10 12 1 1 10 100 12 1 1 1 10 100 12 1 1 1 9 7 12 1 1 1 10 12 1 1 100 1 100 1 10 12 1 1 8 1 10 12 1 1 8 1 10 12 1 10 12 1 10 12 1 10 12 1 1 10 12 1 10 12 1 10 12 1 1 10 8 1 8 1 10 7 1 9 12 1 1 10 12 1 10 12 1 1 10 12 1 1 10 12 1 1 10 12 1 5 0 10 12 1 1 8 1 10 7 12 1 1 1 9 12 1 1 100 1 100 1 1 1 3 1 3 1 1 1 1 3 1 3 1 1 5 0 1 1 1 1 1 1 1 1 1 1 1 1 1 1 1 1 1 1 1 1 1 1 1 1 1 1 1 1 1 1 1 1 1 1 1 1 1 1 1 1 1 1 1 1 1 1 1 1 1 1 1 1 1 1 1
staticfield java/lang/Byte TYPE Ljava/lang/Class; java/lang/Class
ciInstanceKlass java/lang/Short 1 1 224 7 1 100 1 100 1 10 100 12 1 1 1 10 12 1 1 100 1 100 1 10 12 1 1 8 1 10 12 1 1 8 1 10 12 1 10 12 1 10 12 1 10 12 1 1 10 12 1 1 10 12 1 9 12 1 1 8 1 9 12 1 1 100 1 10 12 1 1 10 12 1 10 100 12 1 1 1 10 100 12 1 1 1 9 100 12 1 1 1 10 12 1 10 12 1 1 10 8 1 8 1 10 100 1 9 12 1 1 10 12 1 10 12 1 1 10 12 1 1 10 12 1 1 10 12 1 3 3 5 0 10 12 1 1 8 1 10 7 12 1 1 1 9 12 1 1 100 1 100 1 1 1 3 1 3 1 1 1 1 3 1 3 1 1 5 0 1 1 1 1 1 1 1 1 1 1 1 1 1 1 1 1 1 1 1 1 1 1 1 1 1 1 1 3 1 1 1 1 1 1 1 1 1 1 1 1 1 1 1 1 1 1 1 1 1 1 1 1 1 1 1 1 1
staticfield java/lang/Short TYPE Ljava/lang/Class; java/lang/Class
ciInstanceKlass java/lang/Integer 1 1 445 7 1 100 1 7 1 7 1 10 12 1 1 9 12 1 1 9 12 1 1 10 100 12 1 1 1 10 12 1 1 10 100 12 1 1 1 10 10 12 1 1 10 100 12 1 1 1 10 12 1 10 12 1 1 10 7 12 1 1 1 10 12 1 1 10 12 1 1 10 12 1 10 12 1 10 12 1 1 10 10 12 1 9 12 1 1 9 12 1 100 1 8 1 10 12 1 100 1 10 12 1 8 1 10 12 1 1 10 12 1 8 1 10 12 1 8 1 10 12 1 1 3 10 12 1 1 3 10 12 1 1 10 12 1 1 10 7 12 1 1 1 11 7 1 100 1 10 11 10 12 1 1 8 1 10 12 1 1 8 1 100 1 10 12 1 1 10 12 1 1 5 0 8 1 10 12 1 10 12 1 10 12 1 10 12 1 1 7 1 9 12 1 1 9 12 1 1 10 12 1 10 7 1 9 12 1 10 12 1 10 12 1 10 12 1 1 10 7 12 1 1 1 100 1 100 1 10 12 1 1 10 12 1 1 8 1 8 1 10 12 1 1 8 1 8 1 8 1 8 1 8 1 8 1 10 12 1 10 12 1 10 12 1 5 0 3 3 3 3 10 12 1 3 10 12 1 10 100 12 1 1 1 10 12 1 1 10 12 1 1 8 1 10 7 12 1 1 1 9 12 1 1 3 3 3 3 3 3 9 12 1 1 100 1 100 1 100 1 1 1 1 1 1 1 3 1 3 1 1 5 0 1 1 1 1 1 1 1 1 1 100 1 1 1 1 1 1 1 1 1 1 1 1 1 1 1 1 1 1 1 1 1 1 1 1 1 1 1 1 1 1 1 1 1 1 1 1 1 1 1 3 1 1 1 1 1 1 1 1 1 1 1 1 1 1 1 1 100 1 1 1 1 1 1 1 1 1 1 1 1 1 1 1 1 1 1 1 1 1 1 1 1 1 1 1 1 1 1 1 100 1 1 1 1 1 1 1 1 1 100 1 100 1 1
staticfield java/lang/Integer TYPE Ljava/lang/Class; java/lang/Class
staticfield java/lang/Integer digits [C 36
staticfield java/lang/Integer DigitTens [B 100
staticfield java/lang/Integer DigitOnes [B 100
staticfield java/lang/Integer sizeTable [I 10
ciMethod java/lang/Integer intValue ()I 270 0 135 0 -1
ciInstanceKlass java/lang/Integer$IntegerCache 1 1 93 10 100 12 1 1 1 7 1 10 7 12 1 1 1 9 7 12 1 1 1 8 1 10 7 12 1 1 1 10 12 1 1 10 100 12 1 1 1 3 10 12 1 100 1 9 12 1 1 10 7 12 1 1 1 9 12 1 1 10 12 1 9 12 1 100 1 10 1 1 3 1 1 1 1 1 1 1 1 1 1 1 1 1 1 100 1 100 1 1 1 1 1
staticfield java/lang/Integer$IntegerCache high I 127
staticfield java/lang/Integer$IntegerCache cache [Ljava/lang/Integer; 256 [Ljava/lang/Integer;
staticfield java/lang/Integer$IntegerCache $assertionsDisabled Z 1
ciMethod java/lang/Integer <init> (I)V 514 0 131764 0 -1
ciMethod java/lang/Integer valueOf (I)Ljava/lang/Integer; 16350 0 805408 0 -1
ciInstanceKlass java/lang/Long 1 1 506 7 1 100 1 7 1 7 1 10 12 1 1 9 12 1 1 9 7 12 1 1 1 10 100 12 1 1 1 10 12 1 1 10 100 12 1 1 1 10 10 12 10 12 1 10 12 1 10 12 1 5 0 5 0 100 1 10 12 1 1 10 12 1 1 10 12 1 10 12 1 10 12 1 10 12 1 1 10 100 12 1 1 10 12 1 10 12 1 1 10 12 1 1 10 12 1 1 10 12 1 1 10 100 12 1 1 1 10 12 1 1 10 12 1 10 12 1 10 12 1 10 12 1 1 10 10 12 1 5 0 5 0 9 12 1 1 9 12 1 5 0 100 1 8 1 10 12 1 8 1 10 12 1 8 1 8 1 10 12 1 1 5 0 10 12 1 1 5 0 10 12 1 1 10 12 1 1 10 100 12 1 1 1 11 100 1 100 1 10 11 10 12 1 1 8 1 10 12 1 1 8 1 100 1 10 12 1 1 10 12 1 8 1 8 1 11 12 1 1 10 12 1 10 12 1 10 12 1 5 0 5 0 9 7 12 1 1 1 10 12 1 10 12 1 1 8 1 8 1 10 12 1 1 8 1 8 1 8 1 8 1 8 1 8 1 10 12 1 10 12 1 10 12 1 1 10 7 1 9 12 1 1 10 12 1 10 12 1 1 10 100 12 1 1 1 100 1 100 1 10 12 1 1 10 12 1 1 5 0 10 12 1 10 12 1 5 0 5 0 5 0 10 12 1 1 5 0 5 0 10 12 1 10 12 1 10 100 12 1 1 1 10 12 1 1 10 12 1 1 8 1 10 7 12 1 1 1 9 12 1 1 100 1 100 1 100 1 1 1 1 5 0 1 1 1 1 3 1 3 1 5 0 1 1 1 1 1 1 1 1 1 100 1 1 1 1 1 1 1 1 1 1 1 1 1 1 1 1 1 1 1 1 1 1 1 1 1 1 1 1 1 1 1 1 1 1 1 1 1 1 1 1 1 1 1 1 1 1 1 1 1 1 1 1 1 1 3 1 1 1 1 1 1 1 1 1 1 1 1 1 1 1 100 1 1 1 1 1 1 1 1 1 1 1 1 1 1 1 1 1 1 1 1 1 1 1 1 1 1 1 100 1 1 1 1 1 1 1 1 1 100 1 100 1 1
staticfield java/lang/Long TYPE Ljava/lang/Class; java/lang/Class
instanceKlass java/lang/ref/PhantomReference
instanceKlass java/lang/ref/FinalReference
instanceKlass java/lang/ref/WeakReference
instanceKlass java/lang/ref/SoftReference
ciInstanceKlass java/lang/ref/Reference 1 1 195 9 7 12 1 1 1 9 7 12 1 1 10 12 1 1 10 12 1 1 9 12 1 1 10 12 1 1 9 12 1 1 9 12 1 1 7 1 10 12 1 10 7 12 1 1 10 12 1 10 12 1 1 10 12 1 9 12 1 10 12 1 1 10 12 1 10 12 1 9 12 1 100 1 100 1 10 12 1 9 12 1 9 12 1 100 1 10 10 12 1 10 10 7 12 1 1 10 7 12 1 1 1 10 12 1 1 10 7 12 1 1 7 1 8 1 10 12 1 10 12 1 1 10 12 1 1 10 12 1 7 1 10 10 7 12 1 1 1 1 1 1 1 1 1 1 1 1 1 1 1 1 1 1 1 100 1 1 1 100 1 1 1 1 1 1 1 1 1 1 1 1 1 1 1 1 1 1 1 1 1 1 1 1 1 1 1 1 1 1 1 1 1 1 1
staticfield java/lang/ref/Reference processPendingLock Ljava/lang/Object; java/lang/Object
staticfield java/lang/ref/Reference $assertionsDisabled Z 1
instanceKlass sun/security/util/MemoryCache$SoftCacheEntry
instanceKlass java/lang/invoke/LambdaFormEditor$Transform
instanceKlass sun/util/locale/LocaleObjectCache$CacheEntry
ciInstanceKlass java/lang/ref/SoftReference 1 1 47 10 7 12 1 1 1 9 7 12 1 1 1 9 12 1 10 12 1 10 12 1 1 1 1 1 1 1 1 1 1 1 1 1 1 1 1 1 1 1 1 100 1 1 1 1 1
ciInstanceKlass java/util/TreeMap$KeyIterator 1 1 48 9 7 12 1 1 1 10 7 12 1 1 1 10 12 1 1 9 7 12 1 1 1 1 1 1 1 1 1 1 1 1 1 1 1 1 1 1 1 1 1 1 100 1 1 1 1 1
instanceKlass java/util/TreeMap$EntryIterator
instanceKlass java/util/TreeMap$KeyIterator
ciInstanceKlass java/util/TreeMap$PrivateEntryIterator 1 1 97 9 7 12 1 1 1 10 7 12 1 1 1 9 7 12 1 1 1 9 12 1 9 12 1 1 9 12 1 100 1 10 100 1 10 10 12 1 1 10 12 1 100 1 10 9 7 12 1 1 9 12 1 10 12 1 1 100 1 1 1 1 1 1 1 1 1 1 1 1 1 1 1 1 1 1 1 1 1 1 1 1 1 1 1 1 1 1 100 1 8 1 1 12 10 1 1
ciInstanceKlass java/util/TreeMap$KeySet 1 1 183 10 7 12 1 1 1 9 7 12 1 1 1 7 1 10 12 1 1 100 1 10 10 12 1 10 11 100 12 1 1 1 11 12 1 1 11 12 1 1 11 12 1 11 12 1 1 11 12 1 11 12 1 11 12 1 11 12 1 1 11 12 1 11 12 1 1 11 12 1 1 11 100 12 1 1 11 12 1 10 11 12 1 11 12 1 1 10 12 1 11 12 1 1 11 12 1 10 12 1 1 10 12 1 1 10 12 1 11 12 1 1 10 12 1 1 100 1 1 1 1 1 1 1 1 1 1 1 1 1 1 1 1 1 1 1 1 1 1 1 1 1 1 1 1 1 1 1 1 1 100 1 1 1 1 1 1 1 1 1 1 1 1 1 1 1 1 1 1 1 1 1 1 1 1 1 1 1 1 1 100 1 1
ciMethod java/util/TreeMap$KeyIterator next ()Ljava/lang/Object; 4096 0 23769 0 -1
ciMethod java/util/TreeMap$PrivateEntryIterator hasNext ()Z 4186 0 35085 0 -1
instanceKlass java/util/logging/LogManager$LoggerWeakRef
instanceKlass java/util/logging/Level$KnownLevel
instanceKlass java/lang/invoke/MethodType$ConcurrentWeakInternSet$WeakEntry
instanceKlass java/lang/ThreadLocal$ThreadLocalMap$Entry
instanceKlass java/util/WeakHashMap$Entry
ciInstanceKlass java/lang/ref/WeakReference 1 1 31 10 7 12 1 1 1 10 12 1 100 1 1 1 1 1 1 1 1 1 1 1 1 1 1 1 1 1 1 1 1
instanceKlass java/lang/ref/Finalizer
ciInstanceKlass java/lang/ref/FinalReference 1 1 47 10 100 12 1 1 1 10 100 12 1 1 1 10 12 1 1 100 1 8 1 10 12 1 1 1 1 1 1 1 1 1 1 1 1 1 1 1 1 1 1 1 1 1 1 1 1
ciInstanceKlass java/lang/ref/Finalizer 1 1 152 9 7 12 1 1 1 10 100 12 1 1 1 9 12 1 1 9 12 1 1 9 12 1 9 12 1 10 12 1 10 12 1 1 9 12 1 1 100 1 10 12 1 100 1 11 100 12 1 1 100 1 10 12 1 100 1 10 12 1 10 100 12 1 1 1 10 100 12 1 1 1 100 1 10 10 12 1 10 7 12 1 1 1 7 1 10 7 1 10 10 7 12 1 1 1 10 12 1 1 10 7 12 1 1 7 1 10 12 1 10 12 1 1 10 12 1 1 10 12 1 1 1 1 1 1 1 1 1 1 1 1 1 1 1 1 1 1 1 1 1 1 1 1 1 1 1 1 1 1 1 1
staticfield java/lang/ref/Finalizer lock Ljava/lang/Object; java/lang/Object
staticfield java/lang/ref/Finalizer $assertionsDisabled Z 1
instanceKlass jdk/internal/ref/PhantomCleanable
instanceKlass jdk/internal/ref/Cleaner
ciInstanceKlass java/lang/ref/PhantomReference 1 1 39 10 100 12 1 1 1 10 7 12 1 1 1 1 1 1 1 1 1 1 1 1 1 1 1 1 1 1 1 1 1 1 1 1 1 1 1 1 1
instanceKlass java/lang/reflect/Executable
instanceKlass java/lang/reflect/Field
ciInstanceKlass java/lang/reflect/AccessibleObject 1 1 398 10 7 12 1 1 1 9 100 12 1 1 1 10 100 12 1 1 1 10 7 12 1 1 10 7 12 1 1 1 10 100 12 1 1 1 10 12 1 1 10 12 1 1 9 12 1 1 100 1 10 7 12 1 1 1 11 12 1 100 1 10 12 1 7 1 100 1 10 12 1 10 12 1 1 7 1 10 100 12 1 1 1 10 12 1 1 100 1 10 12 1 1 100 1 10 10 10 7 12 1 1 1 10 12 1 1 10 12 1 10 12 1 10 12 1 1 10 12 1 8 1 100 1 10 10 12 1 1 8 1 10 12 1 10 12 1 8 1 8 1 8 1 8 1 8 1 8 1 100 1 10 12 1 10 12 1 9 12 1 1 10 12 1 1 10 12 1 10 11 100 1 100 1 8 1 10 10 12 1 10 12 1 1 8 1 10 12 1 8 1 10 12 1 1 10 100 1 8 1 10 11 7 12 1 1 10 12 1 1 10 12 1 1 10 12 1 1 9 12 1 1 100 1 10 12 1 7 1 10 12 1 10 12 1 1 10 100 1 10 12 1 10 12 10 12 1 10 12 1 1 10 12 1 10 12 1 1 10 12 1 9 12 1 10 100 12 1 1 8 1 10 100 12 1 1 1 8 1 10 100 12 1 1 1 9 12 1 100 1 10 7 1 10 10 7 12 1 1 1 7 1 10 10 7 12 1 1 1 7 1 9 12 1 1 1 1 1 1 1 1 1 1 1 1 1 1 1 1 1 1 1 1 1 1 1 1 1 1 1 1 1 1 1 1 1 1 1 1 1 1 1 1 1 1 1 1 1 1 1 1 1 1 1 1 1 1 1 1 1 1 1 1 1 1 1 1 1 1 1 1 1 1 1 1 1 1 1 1 1 1 1 1 1 1 1 1 1
staticfield java/lang/reflect/AccessibleObject reflectionFactory Ljdk/internal/reflect/ReflectionFactory; jdk/internal/reflect/ReflectionFactory
instanceKlass java/lang/reflect/Constructor
instanceKlass java/lang/reflect/Method
ciInstanceKlass java/lang/reflect/Executable 1 1 548 10 7 12 1 1 1 10 7 12 1 1 1 10 7 12 1 1 1 11 7 12 1 1 1 10 7 12 1 1 1 10 12 1 1 10 100 12 1 1 1 10 100 12 1 1 1 10 12 1 8 1 10 10 12 1 1 10 12 1 1 10 100 12 1 1 1 18 12 1 1 11 100 12 1 1 1 8 1 8 1 8 1 10 100 12 1 1 1 11 12 1 1 100 1 8 1 8 1 10 12 1 100 1 8 1 10 12 1 8 1 11 100 12 1 1 1 100 1 10 12 1 1 11 12 1 8 1 18 8 1 10 12 1 10 12 1 1 18 8 1 10 12 1 100 1 10 12 1 10 12 1 11 100 12 1 1 10 12 1 1 8 1 8 1 10 12 1 1 10 12 1 1 10 10 12 1 100 1 10 10 12 1 10 12 1 1 10 100 12 1 1 10 12 1 10 12 1 10 12 1 1 10 100 12 1 1 10 12 1 10 12 1 10 100 12 1 1 1 10 12 1 8 1 10 12 1 10 12 1 3 100 1 8 1 10 12 1 10 12 1 10 10 12 1 10 12 1 1 8 1 8 1 8 1 9 12 1 10 12 1 100 1 8 1 9 12 1 10 12 1 10 12 1 1 10 12 1 1 10 12 1 10 12 10 12 1 100 1 10 12 1 10 12 1 1 100 1 10 100 12 1 1 1 100 1 10 7 12 1 1 1 10 12 1 1 11 7 12 1 1 10 7 12 1 1 10 100 12 1 1 1 10 12 1 1 9 12 1 10 12 1 1 10 12 1 10 12 1 1 9 100 12 1 1 1 10 100 12 1 1 1 10 12 1 10 12 1 1 9 12 1 10 10 10 10 100 12 1 1 1 10 12 1 9 12 1 10 12 1 1 9 12 1 100 1 100 1 1 1 1 1 1 1 1 1 1 1 1 1 1 1 1 1 1 1 1 1 1 1 1 1 1 1 1 1 1 1 1 1 1 100 1 1 1 1 1 1 1 1 100 1 1 1 1 1 1 1 1 1 1 1 1 100 1 1 1 1 1 1 1 1 1 1 1 1 1 1 1 1 1 1 1 1 1 1 1 1 1 1 1 1 1 1 1 1 1 1 1 1 1 1 1 1 1 100 1 1 1 1 1 1 1 1 1 1 1 1 1 1 1 1 1 1 1 1 1 100 1 100 1 1 15 10 100 12 1 1 1 16 15 16 1 16 1 15 10 12 16 1 100 1 1 100 1 100 1 1
ciInstanceKlass java/lang/reflect/Constructor 1 1 433 10 100 12 1 1 1 10 100 12 1 1 9 7 12 1 1 1 10 12 1 1 10 12 1 1 10 100 12 1 1 9 12 1 1 10 7 12 1 1 1 9 12 1 1 9 12 1 1 9 12 1 9 12 1 1 9 12 1 9 12 1 1 9 12 1 1 9 12 1 100 1 8 1 10 12 1 10 12 1 9 12 1 1 10 7 12 1 1 10 7 12 1 1 1 10 12 1 1 10 12 1 1 10 12 1 7 1 100 1 8 1 10 10 12 1 10 12 1 10 12 1 1 10 12 1 1 9 100 12 1 1 1 10 7 12 1 1 10 12 1 1 10 12 1 10 12 1 1 10 100 12 1 1 1 10 100 12 1 1 10 12 1 1 10 12 1 10 100 12 1 1 1 8 1 10 10 12 1 100 1 8 1 10 12 1 10 12 1 1 10 12 1 1 10 12 1 10 12 1 10 12 1 1 10 12 1 1 9 12 1 1 10 12 1 1 10 12 1 1 10 12 1 8 1 10 12 1 1 11 7 12 1 1 1 10 12 1 1 10 12 1 10 12 1 9 12 1 1 10 7 12 1 1 1 10 12 1 1 10 12 1 1 10 12 1 1 10 12 1 1 10 12 1 9 100 12 1 1 10 12 1 10 12 1 10 12 1 100 1 8 1 10 10 12 1 1 10 12 1 10 10 12 1 1 10 12 1 1 10 100 12 1 1 1 11 100 12 1 1 1 10 12 1 1 9 100 12 1 1 1 10 100 12 1 1 1 10 12 1 1 1 1 1 1 1 1 1 1 1 1 1 1 1 1 1 1 1 1 1 1 1 1 1 1 1 1 1 1 1 1 1 1 1 1 1 1 1 1 1 1 1 1 1 1 1 1 1 1 1 100 1 100 1 100 1 100 1 1 1 1 1 1 1 1 1 1 1 1 1 1 1 1 1 1 1 1 1 1 1 1 1 1 1 1 1 1 1 1 1 100 1 1
ciInstanceKlass java/lang/reflect/Method 1 1 450 9 7 12 1 1 1 10 100 12 1 1 1 10 100 12 1 1 9 12 1 1 10 12 1 1 10 12 1 1 10 100 12 1 1 10 7 12 1 1 1 9 12 1 1 9 12 1 9 12 1 1 9 12 1 9 12 1 9 12 1 1 9 12 1 9 12 1 1 9 12 1 9 12 1 9 12 1 1 100 1 8 1 10 12 1 10 12 1 9 12 1 1 8 1 10 7 12 1 1 10 7 12 1 1 1 10 12 1 1 10 12 1 1 10 12 1 10 12 1 1 10 12 1 1 9 100 12 1 1 1 10 12 1 1 10 12 10 100 12 1 1 10 12 1 1 10 12 1 10 12 1 10 12 1 10 100 12 1 1 1 10 12 1 1 10 100 1 10 100 12 1 1 1 10 100 12 1 1 10 12 1 1 10 12 1 1 10 12 1 10 100 12 1 1 1 10 12 1 10 8 1 10 12 1 10 12 1 100 1 8 1 8 1 8 1 10 12 1 10 12 1 1 10 12 1 1 10 10 12 1 1 10 12 1 11 100 1 9 12 1 1 10 12 1 1 10 12 1 10 12 1 1 10 12 1 1 11 7 12 1 1 1 10 12 1 10 12 1 10 12 1 10 12 1 10 12 1 9 12 1 1 10 7 12 1 1 1 10 12 1 1 10 100 12 1 1 1 10 100 12 1 1 1 10 100 12 1 1 1 11 100 12 1 1 1 10 100 12 1 1 1 100 1 100 1 100 1 10 12 1 10 12 1 1 10 12 1 100 1 8 1 10 12 1 10 10 12 1 1 10 12 1 1 10 12 1 1 10 12 1 1 8 1 10 12 1 1 1 1 1 1 1 1 1 1 1 1 1 1 1 1 1 1 1 1 1 1 1 1 1 1 1 1 1 1 1 1 1 1 1 1 1 1 1 1 1 1 1 1 1 1 1 1 1 1 1 1 1 100 1 100 1 100 1 1 1 1 1 1 1 1 1 1 1 1 1 1 1 1 1 1 1 1 1 1 1 1 1 1
ciInstanceKlass java/lang/reflect/Field 1 1 437 9 7 12 1 1 1 10 12 1 1 10 100 12 1 1 1 10 100 12 1 1 9 12 1 1 10 12 1 1 10 12 1 1 10 100 12 1 1 10 7 12 1 1 1 9 12 1 1 9 12 1 9 12 1 9 12 1 1 9 12 1 1 9 12 1 9 12 1 1 9 12 1 1 100 1 8 1 10 12 1 10 12 1 9 12 1 1 9 12 1 10 12 1 10 7 12 1 1 10 12 1 1 10 12 1 1 10 12 1 10 12 1 1 100 1 10 12 1 1 10 12 1 1 10 12 1 1 10 12 1 10 12 1 10 100 1 10 100 12 1 1 100 1 10 8 1 10 12 1 1 10 12 1 1 8 1 10 12 10 12 1 8 1 8 1 10 11 100 1 9 12 1 10 12 1 1 10 12 1 1 11 100 12 1 1 1 11 12 1 1 11 12 1 1 11 12 1 1 11 12 1 1 11 12 1 1 11 12 1 1 11 12 1 1 11 12 1 1 11 12 1 1 11 12 1 1 11 12 1 1 11 12 1 1 11 12 1 1 11 12 1 1 11 12 1 1 11 12 1 1 11 12 1 1 10 12 1 10 100 12 1 1 10 12 1 10 12 1 1 10 12 9 12 1 1 10 100 12 1 1 1 10 12 1 1 10 100 12 1 1 10 12 1 1 11 100 1 10 12 1 100 1 10 100 12 1 1 1 10 100 12 1 1 1 9 12 1 10 100 12 1 1 1 11 100 12 1 1 1 10 12 1 1 10 12 1 1 9 100 12 1 1 1 10 100 12 1 1 1 10 12 1 1 100 1 1 1 1 1 1 1 1 1 1 1 1 1 1 1 1 1 1 1 1 1 1 1 1 1 1 1 1 1 1 1 1 1 1 1 100 1 1 1 1 1 1 1 1 1 1 1 1 1 1 1 1 1 1 1 1 1 1 1 1 1 1 1 1 1 1 1 1 1 1 100 1 1 1 1 1 1 1 1 100 1 1
ciInstanceKlass java/lang/reflect/Parameter 0 0 226 10 100 12 1 1 1 9 100 12 1 1 1 9 12 1 1 9 12 1 1 9 12 1 10 12 1 1 10 12 1 1 10 100 12 1 1 1 100 1 10 10 12 1 1 11 100 12 1 1 1 10 12 1 10 100 12 1 1 1 10 12 1 1 10 12 1 10 12 1 8 1 8 1 10 100 12 1 1 1 10 12 1 10 12 10 12 1 8 1 10 12 1 9 12 1 1 10 12 1 1 9 12 1 1 10 12 1 1 10 12 1 1 10 12 1 1 10 12 1 10 10 12 1 10 100 12 1 1 1 10 12 1 1 11 100 12 1 1 10 100 12 1 1 100 1 10 100 12 1 1 1 10 12 1 1 10 12 1 1 10 12 1 1 10 12 1 1 9 12 1 100 1 10 11 12 1 1 11 12 1 1 100 1 1 1 1 1 1 1 1 1 1 1 1 1 1 1 1 1 1 1 1 1 1 1 1 1 1 1 1 1 1 1 1 1 1 1 1 1 1 100 1 1 1 1
ciInstanceKlass java/lang/reflect/Array 1 1 83 10 100 12 1 1 1 10 7 12 1 1 1 10 12 1 1 1 1 1 1 1 1 1 1 1 1 1 1 1 100 1 1 1 1 1 100 1 1 1 1 1 1 1 1 100 1 1 1 1 1 1 1 1 1 1 1 1 1 1 1 1 1 1 1 1 1 1 1 1 1 1 1 1 1 1 1 1 1 1 1 1 1
ciMethod java/lang/reflect/Array newInstance (Ljava/lang/Class;I)Ljava/lang/Object; 154 0 76879 0 -1
ciInstanceKlass java/lang/StringBuffer 0 0 470 10 100 12 1 1 1 10 12 1 10 12 1 10 12 1 1 9 100 12 1 1 1 10 12 1 1 10 12 1 10 12 1 1 9 12 1 1 10 12 1 10 12 1 1 10 12 1 1 10 12 1 10 12 1 1 10 12 1 10 12 1 1 10 12 1 1 10 100 12 1 1 1 10 12 1 1 10 12 1 10 12 1 10 12 1 10 12 1 10 12 1 10 12 1 10 12 1 10 12 1 10 12 1 10 12 1 10 12 1 10 12 1 10 12 1 10 12 1 1 10 12 1 10 12 1 1 10 12 1 1 10 10 12 1 1 10 12 1 10 12 1 10 12 1 10 12 1 10 12 1 10 12 1 10 12 10 12 1 10 12 1 10 12 1 10 12 1 1 10 12 1 10 12 1 10 10 12 1 1 10 12 1 1 9 12 1 1 10 100 12 1 1 1 10 100 1 10 10 100 12 1 1 1 10 10 12 1 10 8 10 100 12 1 1 1 8 10 12 1 8 1 10 12 1 10 12 1 10 100 12 1 1 1 10 100 12 1 1 1 100 1 10 12 100 1 8 1 10 10 12 1 1 10 12 1 1 10 12 1 1 10 12 1 10 12 1 10 12 1 10 12 1 10 12 1 10 12 1 10 12 1 10 12 1 10 12 1 10 12 1 10 12 1 10 12 1 10 12 1 10 12 1 10 12 1 10 12 1 10 12 10 12 10 12 1 10 12 1 10 12 1 10 12 10 12 1 10 12 1 10 12 1 10 12 1 10 12 1 10 12 1 10 12 1 10 12 1 10 12 1 10 12 1 10 12 1 100 1 10 12 1 9 100 12 1 1 1 9 100 1 9 12 1 1 100 1 100 1 100 1 1 1 1 5 0 1 1 1 1 1 1 1 1 1 1 1 1 1 1 1 1 1 1 1 1 1 1 1 1 1 1 1 1 1 1 1 1 1 1 1 1 1 1 1 1 1 1 1 1 1 1 1 1 1 1 1 1 1 1 1 1 1 1 1 1 100 1 1 1 1 1 100 1 1 1 1 1 1 1 1 1 1 1 1 1 1 1 1 1
instanceKlass java/lang/StringBuilder
instanceKlass java/lang/StringBuffer
ciInstanceKlass java/lang/AbstractStringBuilder 1 1 547 7 1 7 1 10 7 12 1 1 1 9 7 12 1 1 1 9 12 1 9 12 1 1 9 12 1 1 10 100 12 1 1 1 10 12 1 1 3 3 10 12 1 10 12 1 1 11 7 1 100 1 100 1 10 8 1 10 12 1 10 12 1 10 12 1 1 10 12 1 10 12 1 10 12 1 9 12 1 1 10 12 1 1 10 7 12 1 1 1 10 10 12 1 10 12 1 10 12 1 1 10 12 1 1 10 7 12 1 1 1 10 7 12 1 1 1 100 1 8 1 10 10 12 1 1 100 1 10 12 10 12 1 1 10 10 12 1 1 10 12 1 1 10 12 1 1 10 12 1 1 100 1 10 10 12 1 10 100 12 1 1 1 10 12 1 1 10 12 1 10 12 1 1 10 10 12 1 1 10 12 10 12 1 10 12 1 1 10 12 1 1 10 12 1 1 10 12 1 10 10 12 1 1 10 12 1 10 12 1 1 8 1 10 12 1 1 10 12 1 10 12 1 10 12 1 10 12 1 10 12 1 10 12 1 10 100 12 1 1 10 12 1 10 12 1 10 100 12 1 1 1 10 12 1 10 12 1 10 12 1 10 12 1 10 12 1 1 10 12 1 10 12 1 1 10 12 1 1 10 10 7 12 1 1 1 10 12 1 10 12 1 10 12 1 1 10 12 1 10 12 1 10 12 1 10 12 1 10 12 1 10 12 1 10 12 1 10 12 1 10 12 1 1 10 12 1 10 12 1 10 12 10 12 1 1 18 12 1 1 100 1 10 100 12 1 1 1 18 10 12 1 1 10 12 1 10 12 1 1 11 12 1 10 12 1 10 12 1 10 10 12 1 10 8 1 8 1 8 1 10 10 100 1 10 12 1 100 1 10 100 1 10 100 1 1 1 3 1 1 1 1 1 1 1 1 1 1 100 1 1 1 1 1 1 1 1 1 1 1 1 1 1 1 1 1 1 1 1 1 1 1 1 1 1 1 1 1 1 1 1 1 1 1 1 1 1 1 1 1 1 1 1 1 1 1 1 1 1 1 1 1 1 1 1 1 1 1 1 1 1 1 1 1 1 1 1 1 1 1 1 1 1 1 1 1 1 1 1 1 1 1 1 1 1 1 1 1 1 1 1 1 1 1 1 1 100 1 1 100 1 1 1 1 1 100 1 1 1 1 1 1 15 10 100 12 1 1 1 16 1 15 10 12 16 15 10 12 1 1 1 1 100 1 100 1 1
staticfield java/lang/AbstractStringBuilder EMPTYVALUE [B 0
ciInstanceKlass java/lang/SecurityManager 0 0 576 10 100 12 1 1 1 9 100 12 1 1 1 10 100 12 1 1 1 100 1 8 1 10 12 1 10 12 1 1 10 100 12 1 1 1 10 100 1 10 100 1 10 9 100 12 1 1 1 10 100 12 1 1 1 10 12 1 1 10 100 12 1 1 100 1 8 1 10 9 12 1 1 9 12 1 8 1 9 12 1 100 1 10 8 1 10 12 1 1 10 12 1 10 12 1 1 100 1 10 10 12 1 1 100 1 8 1 10 12 1 8 1 8 1 8 1 8 1 8 1 8 1 10 12 1 8 1 8 1 8 1 8 1 8 1 10 100 12 1 1 1 10 12 1 1 8 1 100 1 8 1 10 8 1 8 1 8 1 8 1 8 1 10 100 12 1 1 8 1 100 1 8 1 8 1 10 8 1 10 12 1 100 1 8 1 10 10 12 1 1 10 12 1 10 12 1 10 12 1 10 100 12 1 1 1 10 12 1 10 100 12 1 1 11 100 12 1 1 1 18 12 1 1 11 100 12 1 1 1 18 12 1 1 11 12 1 1 18 18 11 12 1 18 12 1 11 12 1 1 9 12 1 1 9 12 1 9 12 1 9 12 1 100 1 10 100 12 1 1 10 12 1 10 12 1 18 12 1 18 10 100 12 1 1 1 18 12 1 10 12 1 18 18 8 1 10 12 1 9 12 1 1 11 100 12 1 1 1 8 1 100 1 10 12 1 10 12 1 1 10 12 1 1 9 12 1 1 10 12 1 10 12 1 1 8 1 100 1 10 9 12 1 8 1 10 12 1 8 1 100 1 10 10 100 12 1 1 10 100 1 9 100 12 1 1 1 11 12 1 1 10 12 1 11 12 1 10 12 1 100 1 10 10 12 1 1 10 12 1 1 1 1 1 1 1 1 1 1 1 100 1 1 1 1 1 1 1 1 1 1 1 1 1 1 1 1 1 1 1 1 1 1 1 1 1 1 1 1 1 1 1 1 1 1 1 1 1 1 1 1 1 1 1 1 1 1 1 1 1 1 1 1 1 1 1 1 3 1 1 1 1 1 1 1 1 1 1 100 1 1 1 1 1 1 1 1 1 1 1 1 1 1 1 1 1 1 1 1 1 1 1 1 1 1 1 1 1 1 1 1 1 1 1 1 1 1 15 10 100 12 1 1 1 16 15 10 100 12 1 1 1 16 1 16 15 10 12 16 1 15 10 12 16 15 11 100 1 16 1 16 1 15 10 12 16 15 10 12 16 15 10 12 1 16 1 15 11 12 1 15 10 12 16 15 10 16 1 1 1 1 100 1 100 1 1
instanceKlass com/android/tools/r8/internal/FJ
instanceKlass com/android/tools/r8/graph/o4
instanceKlass com/android/tools/r8/internal/fs0
instanceKlass com/android/tools/r8/internal/ks0
instanceKlass com/android/tools/r8/internal/Zr0
instanceKlass com/android/tools/r8/internal/hI
instanceKlass java/util/ConcurrentModificationException
instanceKlass java/util/NoSuchElementException
instanceKlass com/android/tools/r8/internal/iI
instanceKlass java/io/UncheckedIOException
instanceKlass com/android/tools/r8/internal/g
instanceKlass com/android/tools/r8/internal/jf
instanceKlass java/lang/UnsupportedOperationException
instanceKlass java/lang/IllegalStateException
instanceKlass com/android/tools/r8/internal/Au
instanceKlass com/android/tools/r8/internal/u8
instanceKlass java/lang/IndexOutOfBoundsException
instanceKlass java/lang/IllegalArgumentException
instanceKlass java/lang/ArithmeticException
instanceKlass java/lang/NullPointerException
instanceKlass java/lang/IllegalMonitorStateException
instanceKlass java/lang/ArrayStoreException
instanceKlass java/lang/ClassCastException
ciInstanceKlass java/lang/RuntimeException 1 1 40 10 7 12 1 1 1 10 12 1 10 12 1 10 12 1 10 12 1 100 1 1 1 1 5 0 1 1 1 1 1 1 1 1 1 1 1 1 1 1
instanceKlass java/lang/NumberFormatException
ciInstanceKlass java/lang/IllegalArgumentException 1 1 35 10 7 12 1 1 1 10 12 1 10 12 1 10 12 1 100 1 1 1 1 5 0 1 1 1 1 1 1 1 1 1 1 1 1
ciInstanceKlass java/lang/ArithmeticException 1 1 26 10 100 12 1 1 1 10 12 1 100 1 1 1 1 5 0 1 1 1 1 1 1 1 1 1
ciInstanceKlass java/lang/NullPointerException 1 1 52 10 100 12 1 1 1 10 12 1 9 100 12 1 1 1 10 12 1 1 9 12 1 1 10 12 1 1 10 12 1 1 1 1 5 0 1 1 1 1 1 1 1 1 100 1 100 1 100 1 1 1
instanceKlass java/util/EnumMap
instanceKlass com/android/tools/r8/internal/HT
instanceKlass java/util/TreeMap
instanceKlass java/util/IdentityHashMap
instanceKlass java/util/WeakHashMap
instanceKlass java/util/Collections$EmptyMap
instanceKlass sun/util/PreHashedMap
instanceKlass java/util/HashMap
instanceKlass java/util/ImmutableCollections$AbstractImmutableMap
instanceKlass java/util/concurrent/ConcurrentHashMap
ciInstanceKlass java/util/AbstractMap 1 1 192 10 7 12 1 1 1 10 7 12 1 1 1 11 7 12 1 1 1 10 11 12 1 1 11 7 12 1 1 1 11 12 1 1 7 1 11 12 1 10 12 1 1 11 12 1 100 1 10 11 12 1 11 7 1 10 12 1 1 11 12 1 9 12 1 1 7 1 10 12 1 9 12 1 1 100 1 10 11 11 12 1 1 11 12 1 100 1 100 1 11 12 1 8 1 100 1 10 10 12 1 1 8 1 10 12 1 10 12 1 1 10 12 1 1 1 1 1 1 1 1 1 1 1 1 1 1 1 1 1 1 1 1 1 1 1 1 1 1 1 1 1 1 1 1 1 1 1 1 1 1 1 1 100 1 1 1 1 1 1 1 1 1 1 1 1 1 1 1 1 100 1 1 1 1 1 1 1 1 1 100 1 100 1 100 1 100 1 1 1 1 1
ciMethod java/lang/IllegalArgumentException <init> ()V 3646 0 2080 0 -1
ciInstanceKlass java/security/AccessControlContext 1 1 373 9 7 12 1 1 1 9 12 1 1 10 100 12 1 1 1 8 1 10 100 12 1 1 1 10 7 12 1 1 1 9 12 1 9 12 1 1 9 12 1 1 10 7 12 1 1 100 1 10 12 1 11 100 12 1 1 1 11 12 1 11 12 1 11 12 1 1 7 1 11 12 1 1 10 12 1 10 7 12 1 1 1 9 100 12 1 1 1 10 100 12 1 1 1 11 100 12 1 1 1 10 7 1 100 1 8 1 10 12 1 10 12 1 1 7 1 10 7 12 1 1 1 9 12 1 9 12 1 9 12 1 9 12 1 1 9 12 1 1 9 12 1 9 12 1 10 7 12 1 1 1 9 12 1 10 12 1 1 10 12 1 1 8 1 10 12 1 1 10 12 1 1 10 100 12 1 1 1 100 1 10 10 12 1 1 10 100 12 1 1 1 10 8 1 10 100 12 1 1 8 1 10 100 12 1 1 8 1 8 1 10 12 1 8 1 10 12 1 8 1 10 12 1 10 12 1 10 12 1 1 8 1 8 1 100 1 10 12 1 10 12 1 1 100 1 10 12 1 8 1 10 12 1 10 12 1 10 8 1 10 12 1 1 10 12 1 1 10 12 1 1 10 12 1 1 10 12 1 10 12 1 10 12 1 10 12 1 1 10 10 10 12 1 1 1 1 1 1 1 1 1 1 1 1 1 1 1 1 1 1 1 1 1 1 1 1 100 1 1 1 1 1 1 1 1 1 1 1 1 1 1 1 1 1 1 1 1 1 1 1 1 1 1 1 1 1 1 1 1 1 1 1 1 1 1 1 1 1 1 1 1 1 1 1 1 1 1 1 1 3 1 1
ciInstanceKlass java/net/URL 1 1 743 10 7 12 1 1 1 10 12 1 10 7 12 1 1 9 12 1 1 9 12 1 10 7 12 1 1 1 10 12 1 1 10 12 1 1 9 12 1 1 10 7 12 1 1 1 8 1 10 12 1 1 100 1 10 10 12 1 1 8 1 10 12 1 1 9 12 1 100 1 8 1 10 12 1 10 12 1 8 1 9 12 1 10 12 1 1 9 12 1 10 12 1 10 12 1 9 12 1 9 12 1 8 1 9 12 1 10 12 1 1 8 1 9 12 1 1 10 12 1 1 10 7 12 1 1 1 8 1 10 12 1 7 1 10 12 1 10 12 1 10 12 1 10 12 1 1 10 12 1 1 8 1 10 12 1 1 10 12 1 8 1 9 12 1 8 1 10 12 1 10 7 12 1 1 1 100 1 10 12 1 10 12 1 1 10 100 12 1 1 1 100 1 8 1 10 10 12 1 8 1 10 12 1 1 10 12 1 10 12 1 10 12 1 10 12 1 10 12 1 8 1 10 12 1 10 10 7 12 1 1 1 10 12 1 9 100 12 1 1 1 10 100 12 1 1 1 9 12 1 1 10 12 1 10 100 12 1 1 1 100 1 100 1 10 12 1 10 12 1 10 12 1 10 12 1 10 12 1 10 12 10 10 10 12 1 100 1 10 12 1 10 12 1 1 8 1 9 100 12 1 1 1 10 100 12 1 1 1 10 12 1 1 9 100 12 1 1 1 10 12 1 1 100 1 10 12 1 10 12 1 10 10 12 1 1 10 12 1 1 10 12 1 10 12 1 10 12 1 10 7 12 1 1 1 10 12 1 1 10 12 1 9 12 1 1 9 12 1 1 100 1 8 1 10 10 12 1 9 12 1 1 10 7 12 1 1 8 1 10 100 12 1 1 8 1 10 12 1 1 10 12 1 8 1 8 1 10 7 12 1 1 1 100 1 10 100 12 1 1 1 10 12 1 10 12 1 100 1 10 9 12 1 1 10 7 12 1 1 8 1 10 12 1 1 100 1 10 10 100 12 1 1 1 8 9 100 12 1 1 1 10 12 1 10 12 1 10 12 1 10 12 1 10 100 12 1 1 11 7 12 1 1 10 12 1 10 12 1 9 12 1 10 12 1 1 10 100 12 1 1 10 100 12 1 1 1 8 10 100 12 1 1 100 1 10 8 8 10 12 1 8 8 8 100 1 10 12 1 9 12 1 1 10 12 1 10 12 1 1 10 12 1 10 12 10 12 1 1 10 12 1 1 10 10 10 12 1 10 12 1 10 12 1 10 12 1 10 12 1 10 10 12 1 100 1 8 1 10 10 10 12 1 1 10 12 1 10 12 1 1 8 1 7 1 10 10 10 7 1 10 12 1 9 7 12 1 1 1 9 12 1 1 7 1 10 10 7 12 1 1 1 100 1 1 1 1 1 5 0 1 1 1 1 1 1 1 1 1 1 1 1 1 1 1 1 1 1 1 1 1 1 1 1 1 1 1 1 1 1 1 1 1 1 1 1 1 1 1 100 1 1 1 1 1 1 1 1 1 1 1 1 1 1 1 1 1 1 1 1 1 1 1 1 1 1 1 1 1 1 1 1 1 1 1 1 1 100 1 1 1 1 1 1 1 1 1 1 1 1 1 1 1 1 100 1 1 1 1 1 1 1 1 1 1 1 1 1 1 1 1 1 1
staticfield java/net/URL defaultFactory Ljava/net/URLStreamHandlerFactory; java/net/URL$DefaultFactory
staticfield java/net/URL streamHandlerLock Ljava/lang/Object; java/lang/Object
staticfield java/net/URL serialPersistentFields [Ljava/io/ObjectStreamField; 7 [Ljava/io/ObjectStreamField;
ciInstanceKlass java/util/jar/Manifest 1 1 336 10 7 12 1 1 1 7 1 10 9 7 12 1 1 1 7 1 10 9 12 1 1 9 12 1 1 10 12 1 10 12 1 1 10 12 1 1 10 12 1 1 10 12 1 1 11 7 1 11 12 1 1 10 12 1 1 10 100 12 1 1 1 100 1 100 1 10 8 1 10 12 1 1 10 12 1 1 10 12 1 10 12 1 11 100 1 10 12 1 10 12 1 1 11 12 1 1 10 12 1 11 12 1 1 11 100 12 1 1 1 11 100 12 1 1 11 12 1 1 100 1 10 12 1 8 1 11 12 1 7 1 10 12 1 1 11 12 1 10 12 1 10 12 1 10 100 12 1 1 1 8 1 10 12 1 1 10 9 7 12 1 1 1 10 12 1 1 10 100 12 1 10 12 1 10 12 1 9 100 12 1 1 1 8 1 10 12 1 8 1 8 1 7 1 10 12 1 10 12 1 10 12 1 1 100 1 8 1 10 12 1 1 8 1 10 10 12 1 1 8 1 10 12 1 1 10 7 12 1 1 1 10 12 1 10 11 12 1 1 10 12 1 10 7 12 1 1 1 10 12 1 1 10 12 1 1 11 10 12 1 11 10 12 1 100 1 1 1 1 1 1 1 1 1 1 1 1 1 1 1 1 1 1 1 1 1 1 1 1 1 1 1 1 1 1 1 1 1 1 1 1 1 1 1 1 1 1 1 100 1 1 1 1 1 1 1 1 1 1 1 1 1 1 100 1 1 1 1 1 1 1 1 1 1 1
ciInstanceKlass java/util/Objects 1 1 151 10 7 12 1 1 1 100 1 8 1 10 12 1 10 12 1 1 10 7 12 1 1 1 10 12 1 1 10 12 1 10 100 12 1 1 1 10 12 1 1 11 100 12 1 1 1 100 1 10 10 12 1 8 1 10 100 12 1 1 1 8 1 100 1 11 12 1 1 8 1 10 7 12 1 1 1 10 12 1 1 10 12 1 10 12 1 10 12 1 10 12 1 1 1 1 1 1 1 1 1 1 1 1 1 1 1 1 1 1 1 1 1 1 1 1 1 1 1 1 1 1 1 1 1 1 1 1 1 1 1 1 1 1 1 1 1 1 1 1 1 1 1 1 1 1 1 1 1 1 1
ciInstanceKlass java/util/Collection 1 1 115 11 100 12 1 1 1 100 1 11 7 12 1 1 1 10 7 12 1 1 1 11 12 1 1 11 7 12 1 1 1 11 12 1 1 11 7 12 1 1 1 11 12 1 1 10 100 12 1 1 1 11 12 1 10 7 12 1 1 1 100 1 100 1 1 1 1 1 1 1 1 1 1 1 1 1 1 1 1 1 1 1 1 1 1 1 1 1 1 1 1 1 1 1 1 1 1 1 1 1 1 1 1 1 1 1 1 1 1 1 1 1 1 1 1
instanceKlass com/android/tools/r8/internal/w0
instanceKlass java/util/IdentityHashMap$Values
instanceKlass com/android/tools/r8/internal/U0
instanceKlass com/android/tools/r8/internal/V
instanceKlass com/android/tools/r8/internal/x1
instanceKlass com/android/tools/r8/internal/a1
instanceKlass java/util/AbstractQueue
instanceKlass java/util/HashMap$Values
instanceKlass com/android/tools/r8/internal/SA
instanceKlass java/util/LinkedHashMap$LinkedValues
instanceKlass java/util/ArrayDeque
instanceKlass java/util/AbstractSet
instanceKlass java/util/ImmutableCollections$AbstractImmutableCollection
instanceKlass java/util/AbstractList
ciInstanceKlass java/util/AbstractCollection 1 1 160 10 7 12 1 1 1 10 7 12 1 1 1 10 12 1 1 11 7 12 1 1 1 11 12 1 1 10 12 1 1 10 100 12 1 1 1 10 12 1 1 10 12 1 1 10 7 12 1 1 10 7 12 1 1 1 7 1 10 100 12 1 1 1 10 100 12 1 1 1 100 1 10 11 12 1 11 7 1 10 12 1 10 12 1 10 7 12 1 1 1 11 8 1 100 1 10 10 12 1 1 8 1 10 12 1 10 12 1 1 1 1 1 1 1 1 1 1 1 1 1 1 1 1 1 1 1 1 1 1 1 1 1 1 1 1 1 1 1 1 1 1 1 1 1 1 1 1 1 1 1 1 1 1 1 1 1 1 1 1
ciMethod java/util/AbstractCollection add (Ljava/lang/Object;)Z 0 0 1 0 -1
ciMethod java/util/AbstractCollection isEmpty ()Z 540 0 205636 0 -1
ciMethod java/util/AbstractCollection toArray ([Ljava/lang/Object;)[Ljava/lang/Object; 382 604 155 0 -1
ciMethod java/util/AbstractCollection addAll (Ljava/util/Collection;)Z 4266 9920 23265 0 -1
ciMethod java/util/AbstractCollection removeAll (Ljava/util/Collection;)Z 4104 15226 32069 0 -1
ciInstanceKlass java/util/List 1 1 217 10 100 12 1 1 1 11 100 12 1 1 1 11 100 12 1 1 1 11 12 1 1 11 100 12 1 1 11 12 1 1 11 12 1 1 10 100 12 1 1 1 100 1 100 1 10 12 1 1 100 1 10 100 12 1 1 1 9 7 12 1 1 1 7 1 10 12 10 12 1 7 1 10 12 1 1 10 12 1 10 12 1 1 100 1 1 1 1 1 1 1 1 1 1 1 1 1 1 1 1 1 1 1 1 1 1 1 1 1 1 1 1 1 1 1 1 1 1 1 1 1 1 1 1 1 1 1 1 1 1 1 1 1 1 100 1 100 1 1 1 1 1 1 1 1 1 1 1 1 1 1 1 1 1 1 1 1 1 1 1 1 1 1 1 1 1 1 1 1 1 1 1 1 1 1 1 1 1 1 1 1 1 1 1 1 1 1 1 1 1 1 1 1 1 1 1 1 1 1 1 1 1 1 1 1 1 1 1 1 100 1 1 100 1 1 1
ciMethod java/util/AbstractCollection size ()I 0 0 1 0 -1
ciMethod java/util/AbstractCollection iterator ()Ljava/util/Iterator; 0 0 1 0 -1
ciMethod java/util/AbstractCollection <init> ()V 596 0 1351604 0 -1
ciMethod java/util/AbstractCollection finishToArray ([Ljava/lang/Object;Ljava/util/Iterator;)[Ljava/lang/Object; 0 0 1 0 -1
instanceKlass com/android/tools/r8/internal/UR
instanceKlass java/util/AbstractList$SubList
instanceKlass java/util/Collections$CopiesList
instanceKlass java/util/AbstractSequentialList
instanceKlass java/util/Collections$SingletonList
instanceKlass java/util/ArrayList$SubList
instanceKlass java/util/Vector
instanceKlass sun/security/jca/ProviderList$ServiceList
instanceKlass sun/security/jca/ProviderList$3
instanceKlass java/util/Arrays$ArrayList
instanceKlass java/util/Collections$EmptyList
instanceKlass java/util/ArrayList
ciInstanceKlass java/util/AbstractList 1 1 218 10 7 12 1 1 1 9 7 12 1 1 1 10 12 1 1 10 12 1 1 100 1 10 10 12 1 1 11 100 12 1 1 1 11 12 1 1 11 12 1 10 100 12 1 1 1 10 12 1 11 12 1 11 12 1 11 12 1 10 12 1 1 10 12 1 1 11 100 12 1 1 1 11 100 1 11 100 1 10 12 1 100 1 10 12 1 10 12 1 1 7 1 100 1 10 12 1 7 1 10 100 1 100 1 10 8 1 10 12 1 1 10 12 1 10 12 1 1 10 12 1 8 1 100 1 8 1 8 1 8 1 10 100 1 11 10 10 12 1 11 12 1 10 12 1 1 8 1 8 1 1 1 1 1 1 1 1 1 1 1 1 1 1 1 1 1 1 1 1 1 1 1 1 1 1 1 1 1 1 1 1 1 1 1 1 1 1 1 1 1 1 1 1 1 1 1 1 1 1 1 1 1 1 1 1 1 1 100 1 100 1 1 1 1 1 1 1
ciMethod java/util/AbstractList listIterator ()Ljava/util/ListIterator; 772 0 269750 0 512
ciMethod java/util/AbstractList listIterator (I)Ljava/util/ListIterator; 0 0 1 0 -1
ciInstanceKlass jdk/internal/util/Preconditions 1 1 170 10 100 12 1 1 1 11 100 12 1 1 1 11 100 12 1 1 1 100 1 100 1 10 100 12 1 1 1 10 12 1 8 1 100 1 10 100 12 1 1 1 10 12 1 1 8 1 8 1 10 100 12 1 1 7 1 10 12 1 8 1 10 100 12 1 1 1 8 1 10 12 1 1 10 12 1 1 11 12 1 8 1 8 1 11 12 1 1 8 1 8 1 8 1 10 12 1 1 10 12 1 1 10 12 1 10 12 1 10 12 1 10 12 1 1 1 1 1 1 1 1 1 1 1 1 1 1 1 1 1 1 1 1 1 1 1 1 1 1 1 1 1 1 1 1 1 1 1 1 1 1 1 1 1 1 1 1 1 1 1 1 1 1 1 1 1 1 1 1
ciMethod java/util/Objects equals (Ljava/lang/Object;Ljava/lang/Object;)Z 674 0 90957 0 -1
ciMethod java/util/Objects checkIndex (II)I 1024 0 611216 0 -1
ciInstanceKlass java/lang/AssertionStatusDirectives 0 0 24 10 100 12 1 1 1 100 1 1 1 1 1 1 1 1 1 1 1 1 1 1 1 1
ciInstanceKlass java/lang/invoke/MethodHandleNatives$CallSiteContext 1 1 49 10 7 12 1 1 1 7 1 10 10 7 12 1 1 1 10 7 12 1 1 1 10 7 12 1 1 1 100 1 1 1 1 1 1 1 1 1 1 1 1 1 1 1 1 1 100 1 1
ciInstanceKlass jdk/internal/invoke/NativeEntryPoint 0 0 92 10 100 12 1 1 1 9 100 12 1 1 1 10 100 12 1 1 1 100 1 9 12 1 9 12 1 9 12 1 1 9 12 1 1 9 12 1 1 100 1 8 1 10 12 1 11 100 12 1 1 1 10 12 1 1 10 12 1 11 100 12 1 1 11 12 1 10 12 1 1 10 12 1 1 1 1 1 1 1 1 1 1 1 1 1 1 1 1 1 1 1
instanceKlass java/lang/invoke/VolatileCallSite
instanceKlass java/lang/invoke/MutableCallSite
instanceKlass java/lang/invoke/ConstantCallSite
ciInstanceKlass java/lang/invoke/CallSite 1 1 302 10 7 12 1 1 1 10 7 12 1 1 1 9 7 12 1 1 1 10 12 1 1 9 12 1 1 10 7 12 1 1 1 10 12 1 100 1 10 12 1 1 10 12 1 1 9 100 12 1 1 1 10 100 12 1 1 10 12 1 1 100 1 100 1 10 10 100 12 1 1 1 10 12 1 1 8 1 10 12 1 10 12 1 1 10 12 1 10 12 1 1 10 12 1 1 10 10 100 12 1 1 10 12 1 1 9 12 1 9 100 12 1 1 1 8 1 10 7 12 1 1 1 10 12 1 1 100 1 10 12 1 1 9 12 1 8 1 100 1 10 12 1 10 12 1 100 1 8 1 10 10 12 1 10 12 1 1 100 1 10 12 1 1 10 12 1 10 12 1 10 12 1 1 10 12 1 1 9 12 1 1 8 10 12 1 1 9 12 1 1 100 1 10 10 12 1 10 100 12 1 1 1 10 12 1 1 10 12 1 1 10 12 1 10 7 12 1 1 1 100 1 8 1 10 10 12 10 12 1 1 100 1 100 1 100 1 8 1 10 12 1 10 7 12 1 1 1 1 1 1 1 1 1 1 1 1 1 1 1 1 1 1 1 1 1 1 1 1 1 1 1 1 1 1 1 1 1 1 1 1 1 1 1 1 1 1 1 1 1 1 1 1 1 1 1 1 1 1 1 1 1
staticfield java/lang/invoke/CallSite $assertionsDisabled Z 1
ciInstanceKlass java/lang/invoke/VolatileCallSite 0 0 37 10 100 12 1 1 1 10 12 1 10 100 12 1 1 1 10 12 1 10 12 1 1 1 1 1 1 1 1 1 1 1 1 1 1 1 1
ciInstanceKlass java/lang/invoke/MethodType 1 1 771 7 1 10 7 12 1 1 1 9 12 1 1 9 12 1 1 9 12 1 1 10 7 12 1 1 1 9 7 12 1 1 8 1 10 100 12 1 1 1 9 7 1 9 7 1 10 12 1 1 100 1 10 8 1 10 12 1 1 10 12 1 10 12 1 1 100 1 8 1 10 12 1 100 1 10 10 12 1 10 12 1 1 10 12 1 1 11 7 12 1 1 1 9 12 1 11 12 1 1 7 7 1 10 7 12 1 1 1 10 12 1 9 12 1 1 10 7 12 1 1 10 12 1 1 10 7 12 1 1 1 10 7 12 1 1 1 10 12 1 9 12 1 1 10 12 1 1 100 1 10 12 1 1 10 12 1 1 10 12 1 1 10 12 1 1 10 12 1 1 10 12 1 10 12 1 10 12 1 1 10 12 1 8 1 8 1 10 12 1 1 9 12 1 1 100 1 10 10 12 1 1 10 12 1 10 12 1 1 10 12 1 1 10 12 1 10 12 1 1 10 12 1 8 1 10 12 1 1 10 100 12 1 1 1 10 12 1 10 12 1 1 10 12 1 10 12 1 10 12 1 1 10 12 1 10 12 1 9 12 1 10 12 1 10 10 12 1 1 10 12 1 9 12 1 1 10 12 1 1 10 12 1 1 10 12 1 1 10 12 1 1 7 1 10 12 10 12 1 10 12 1 100 1 8 1 8 1 8 1 10 12 1 10 12 1 10 12 1 10 11 12 1 1 11 12 1 10 100 12 1 1 1 9 12 1 10 12 1 10 12 1 1 10 12 1 1 10 12 1 10 12 1 10 100 12 1 1 1 10 12 1 1 10 12 1 10 12 1 10 12 1 10 9 12 1 1 7 1 10 12 1 10 12 1 1 9 100 12 1 1 1 10 100 12 1 1 1 10 100 12 1 1 1 10 12 1 1 10 100 12 1 1 1 10 12 1 1 8 1 10 7 12 1 1 1 11 12 1 1 9 12 1 1 10 12 1 1 10 12 1 10 12 1 1 10 12 1 1 10 100 12 1 1 100 1 10 12 1 1 11 100 12 1 1 1 18 12 1 1 11 12 1 1 18 12 1 11 12 1 100 1 11 100 12 1 1 10 12 1 100 1 10 12 1 10 100 12 1 1 10 12 1 1 9 12 1 1 9 100 12 1 1 1 10 100 12 1 1 1 9 12 1 10 100 12 1 1 10 12 1 100 10 12 1 1 10 12 1 10 7 1 7 1 9 12 1 1 100 1 100 1 100 1 1 1 5 0 1 1 1 1 1 1 1 3 1 3 1 3 1 1 1 1 1 1 1 1 1 1 1 1 1 1 1 1 1 1 1 1 1 1 1 1 1 1 1 1 1 1 1 1 1 1 1 1 1 1 1 1 1 1 1 1 1 1 1 1 1 1 1 1 1 1 1 1 1 1 1 1 1 1 1 1 1 1 1 1 1 1 1 1 1 1 1 1 1 1 1 1 1 1 1 1 1 1 1 1 1 1 1 1 1 1 1 1 1 1 1 1 1 1 1 1 1 1 1 1 1 1 1 1 1 1 1 1 1 1 1 1 1 1 1 1 1 1 1 100 1 100 1 1 1 1 1 1 1 1 1 1 1 1 1 100 1 1 1 100 1 1 1 1 1 1 1 1 1 1 1 1 1 1 1 1 1 1 1 1 1 15 10 100 12 1 1 1 16 15 10 12 16 16 15 10 12 16 1 1 1 1 100 1 1 100 1 1 100 1 100 1 1
staticfield java/lang/invoke/MethodType internTable Ljava/lang/invoke/MethodType$ConcurrentWeakInternSet; java/lang/invoke/MethodType$ConcurrentWeakInternSet
staticfield java/lang/invoke/MethodType NO_PTYPES [Ljava/lang/Class; 0 [Ljava/lang/Class;
staticfield java/lang/invoke/MethodType objectOnlyTypes [Ljava/lang/invoke/MethodType; 20 [Ljava/lang/invoke/MethodType;
staticfield java/lang/invoke/MethodType METHOD_HANDLE_ARRAY [Ljava/lang/Class; 1 [Ljava/lang/Class;
staticfield java/lang/invoke/MethodType serialPersistentFields [Ljava/io/ObjectStreamField; 0 [Ljava/io/ObjectStreamField;
staticfield java/lang/invoke/MethodType $assertionsDisabled Z 1
ciInstanceKlass java/lang/BootstrapMethodError 0 0 45 10 100 12 1 1 1 10 12 1 10 12 1 10 100 12 1 1 1 10 100 12 1 1 1 1 1 1 5 0 1 1 1 1 1 1 1 1 1 1 1 100 1 1 1
ciInstanceKlass jdk/internal/loader/ClassLoaders$AppClassLoader 1 1 119 8 1 10 7 12 1 1 1 10 7 12 1 1 1 10 100 12 1 1 1 10 12 1 1 10 100 12 1 1 1 10 12 1 1 10 12 1 1 7 1 8 1 10 12 10 7 12 1 1 1 10 100 12 1 1 10 12 1 1 10 12 1 1 10 7 12 1 1 1 100 1 10 12 1 1 1 1 1 1 1 1 1 1 1 1 1 1 1 1 1 1 1 1 1 100 1 1 1 1 1 1 1 1 1 1 1 1 1 1 1 1 1 1 1 100 1 1 1
ciInstanceKlass jdk/internal/loader/ClassLoaders$PlatformClassLoader 1 1 42 8 1 10 7 12 1 1 1 10 7 12 1 1 1 100 1 10 12 1 100 1 1 1 1 1 1 1 1 1 1 1 1 1 1 100 1 1 1 100 1 1
ciInstanceKlass java/lang/ArrayStoreException 1 1 26 10 100 12 1 1 1 10 12 1 100 1 1 1 1 5 0 1 1 1 1 1 1 1 1 1
ciInstanceKlass java/lang/ClassCastException 1 1 26 10 100 12 1 1 1 10 12 1 100 1 1 1 1 5 0 1 1 1 1 1 1 1 1 1
ciInstanceKlass java/lang/NoClassDefFoundError 0 0 26 10 100 12 1 1 1 10 12 1 100 1 1 1 1 5 0 1 1 1 1 1 1 1 1 1
ciInstanceKlass java/lang/IllegalMonitorStateException 1 1 26 10 100 12 1 1 1 10 12 1 100 1 1 1 1 5 0 1 1 1 1 1 1 1 1 1
ciInstanceKlass java/lang/StackOverflowError 1 1 26 10 100 12 1 1 1 10 12 1 100 1 1 1 1 5 0 1 1 1 1 1 1 1 1 1
instanceKlass java/lang/StackOverflowError
instanceKlass java/lang/OutOfMemoryError
instanceKlass java/lang/InternalError
ciInstanceKlass java/lang/VirtualMachineError 1 1 34 10 100 12 1 1 1 10 12 1 10 12 1 10 12 1 100 1 1 1 1 5 0 1 1 1 1 1 1 1 1 1 1 1
ciInstanceKlass java/lang/OutOfMemoryError 1 1 26 10 100 12 1 1 1 10 12 1 100 1 1 1 1 5 0 1 1 1 1 1 1 1 1 1
ciInstanceKlass java/lang/InternalError 0 0 34 10 100 12 1 1 1 10 12 1 10 12 1 10 12 1 100 1 1 1 1 5 0 1 1 1 1 1 1 1 1 1 1 1
ciInstanceKlass java/lang/StackTraceElement 0 0 224 10 100 12 1 1 1 10 100 12 1 1 9 12 1 1 9 12 1 1 9 12 1 9 12 1 8 1 10 100 12 1 1 1 100 1 9 12 1 8 1 9 12 1 9 12 1 9 12 1 1 8 1 10 12 1 1 10 12 1 100 1 10 10 12 1 1 8 1 10 12 1 1 10 12 1 8 1 8 1 8 1 10 12 1 8 1 8 1 10 12 1 8 1 8 1 10 12 1 1 10 12 1 10 12 1 1 10 12 1 9 12 1 1 10 100 12 1 1 1 10 12 1 1 100 1 10 12 1 1 10 100 12 1 1 10 100 12 1 1 1 10 100 12 1 1 10 100 12 1 1 10 10 12 1 1 10 12 1 10 12 1 1 100 1 1 1 1 1 3 1 3 1 1 5 0 1 1 1 1 1 1 1 1 1 1 1 1 1 1 1 1 1 1 1 1 1 1 1 1 1 1 100 1 100 1 1 1 1 1 1 1 1 1 1 100 1 1 1 1 1 1 1 1
instanceKlass java/nio/IntBuffer
instanceKlass java/nio/LongBuffer
instanceKlass java/nio/CharBuffer
instanceKlass java/nio/ByteBuffer
ciInstanceKlass java/nio/Buffer 1 1 224 100 1 10 7 12 1 1 1 9 7 12 1 1 1 9 12 1 9 12 1 1 9 12 1 9 12 1 1 10 12 1 1 10 12 1 1 10 12 100 1 100 1 10 8 1 10 12 1 1 10 12 1 8 1 8 1 10 12 1 1 10 12 1 8 1 9 12 1 1 100 1 8 1 10 12 1 8 1 8 1 9 12 10 12 1 8 1 8 1 8 1 10 12 1 8 1 8 1 8 1 100 1 10 100 1 10 100 1 10 100 1 10 10 100 12 1 1 1 10 11 100 12 1 1 10 7 12 1 1 1 10 7 12 1 1 1 9 12 1 1 10 7 12 1 1 1 9 12 1 1 7 1 10 10 7 12 1 1 1 1 1 3 1 1 1 1 1 1 1 1 1 1 1 1 1 1 1 1 1 1 100 1 1 1 1 1 1 1 1 1 1 1 1 1 1 1 1 1 1 1 1 1 1 1 1 1 1 1 1 1 1 1 1 1 1 1 1 1 1 1 1 1 1
staticfield java/nio/Buffer UNSAFE Ljdk/internal/misc/Unsafe; jdk/internal/misc/Unsafe
staticfield java/nio/Buffer SCOPED_MEMORY_ACCESS Ljdk/internal/misc/ScopedMemoryAccess; jdk/internal/misc/ScopedMemoryAccess
staticfield java/nio/Buffer $assertionsDisabled Z 1
ciInstanceKlass jdk/internal/util/ArraysSupport 1 1 271 7 1 100 1 8 1 10 12 1 1 10 12 1 1 10 100 12 1 1 9 7 12 1 1 1 9 12 1 1 10 7 12 1 1 1 9 12 1 1 10 7 12 1 1 1 9 12 1 10 12 9 12 1 10 12 1 1 10 12 9 12 1 9 12 1 10 12 1 1 9 12 1 9 12 1 9 12 1 9 12 1 9 12 1 9 12 1 9 12 1 10 12 1 1 10 100 12 1 1 1 9 12 1 9 12 1 10 12 1 1 10 12 1 9 12 1 10 12 1 10 100 12 1 1 1 9 12 1 9 12 1 10 12 1 10 12 1 10 7 12 1 1 1 3 10 12 1 100 1 100 1 10 8 1 10 12 1 1 10 12 1 8 1 8 1 10 12 1 1 10 10 12 1 1 10 12 1 1 9 12 1 10 12 1 9 12 1 9 12 1 9 12 1 9 12 1 9 12 1 9 12 1 9 12 1 100 1 1 1 1 1 1 1 1 1 1 1 1 1 1 1 1 1 1 1 1 1 1 1 1 1 1 1 1 1 1 1 1 1 1 1 1 1 1 1 1 1 1 1 1 1 1 1 1 1 1 1 1 1 1 1 1 1 1 1 1 1 1 1 1
staticfield jdk/internal/util/ArraysSupport U Ljdk/internal/misc/Unsafe; jdk/internal/misc/Unsafe
staticfield jdk/internal/util/ArraysSupport BIG_ENDIAN Z 0
staticfield jdk/internal/util/ArraysSupport LOG2_ARRAY_BOOLEAN_INDEX_SCALE I 0
staticfield jdk/internal/util/ArraysSupport LOG2_ARRAY_BYTE_INDEX_SCALE I 0
staticfield jdk/internal/util/ArraysSupport LOG2_ARRAY_CHAR_INDEX_SCALE I 1
staticfield jdk/internal/util/ArraysSupport LOG2_ARRAY_SHORT_INDEX_SCALE I 1
staticfield jdk/internal/util/ArraysSupport LOG2_ARRAY_INT_INDEX_SCALE I 2
staticfield jdk/internal/util/ArraysSupport LOG2_ARRAY_LONG_INDEX_SCALE I 3
staticfield jdk/internal/util/ArraysSupport LOG2_ARRAY_FLOAT_INDEX_SCALE I 2
staticfield jdk/internal/util/ArraysSupport LOG2_ARRAY_DOUBLE_INDEX_SCALE I 3
staticfield jdk/internal/util/ArraysSupport LOG2_BYTE_BIT_SIZE I 3
ciMethod jdk/internal/util/ArraysSupport newLength (III)I 606 0 8421 0 -1
ciInstanceKlass jdk/internal/misc/UnsafeConstants 1 1 34 10 100 12 1 1 1 9 7 12 1 1 1 9 12 1 9 12 1 1 9 12 1 9 12 1 1 1 1 1 1 1 1 1
staticfield jdk/internal/misc/UnsafeConstants ADDRESS_SIZE0 I 8
staticfield jdk/internal/misc/UnsafeConstants PAGE_SIZE I 4096
staticfield jdk/internal/misc/UnsafeConstants BIG_ENDIAN Z 0
staticfield jdk/internal/misc/UnsafeConstants UNALIGNED_ACCESS Z 1
staticfield jdk/internal/misc/UnsafeConstants DATA_CACHE_LINE_FLUSH_SIZE I 0
instanceKlass java/lang/invoke/DelegatingMethodHandle
instanceKlass java/lang/invoke/BoundMethodHandle
instanceKlass java/lang/invoke/DirectMethodHandle
ciInstanceKlass java/lang/invoke/MethodHandle 1 1 641 100 1 9 7 12 1 1 1 10 7 12 1 1 1 10 7 12 1 1 1 7 1 7 1 10 12 1 1 9 12 1 1 10 12 1 10 12 1 1 10 12 1 1 10 100 12 1 1 1 10 12 1 1 10 12 1 1 11 100 12 1 1 1 10 12 1 1 10 12 1 10 12 1 9 12 1 1 10 12 1 1 100 1 100 1 10 8 1 10 12 1 1 10 12 1 8 1 10 12 1 1 10 12 1 10 7 12 1 1 1 10 12 1 10 12 1 1 10 12 1 1 10 12 1 1 10 12 1 1 10 7 12 1 1 1 10 100 12 1 1 1 7 1 10 12 1 1 10 12 1 1 10 12 1 1 8 1 10 7 12 1 1 1 8 1 10 12 1 1 10 12 1 1 10 12 1 1 10 12 1 8 1 10 12 1 1 8 1 10 12 1 8 1 10 100 12 1 1 1 9 12 1 1 100 1 10 9 100 12 1 1 1 9 100 1 8 1 10 12 1 1 10 12 1 10 12 1 1 10 12 1 10 12 1 1 10 12 1 10 12 1 1 10 12 1 10 12 1 1 10 12 1 1 8 1 10 12 1 1 8 1 10 12 1 10 12 1 1 10 12 1 10 12 1 10 12 1 1 9 100 12 1 1 1 10 12 1 1 11 12 1 10 12 1 10 12 1 1 10 100 12 1 1 1 100 1 11 12 1 10 100 1 11 12 1 100 1 10 12 1 11 12 1 9 100 12 1 1 1 11 12 1 1 11 100 12 1 1 1 10 12 1 1 9 12 1 11 12 1 9 12 1 9 12 1 9 12 1 11 12 1 1 9 12 1 9 12 1 9 12 1 9 12 1 9 12 1 9 12 1 9 12 1 8 1 10 12 1 10 12 1 8 1 10 12 1 10 12 1 10 10 7 12 1 1 10 12 1 1 100 1 8 1 10 12 1 1 10 12 1 1 10 12 1 10 12 1 100 1 10 100 12 1 1 1 10 12 1 9 7 12 1 1 1 10 12 1 1 10 12 1 1 8 1 9 12 1 9 12 1 1 9 12 1 1 10 12 1 7 1 10 12 1 10 12 1 1 9 12 1 1 9 12 1 1 10 7 12 1 1 1 11 7 12 1 1 9 12 1 10 12 1 1 9 12 1 10 12 1 8 10 12 1 1 8 1 1 1 1 1 1 100 1 1 1 1 1 1 1 1 1 1 1 1 1 1 1 1 1 1 1 1 1 1 1 1 1 1 1 1 1 1 1 1 1 1 1 1 1 1 1 1 1 1 1 1 1 1 1 1 1 1 1 1 1 1 1 1 1 1 1 1 1 1 1 1 1 1 1 1 1 100 1 1 1 1 1 1 1 1 1 100 1 1 1 1 1 1 1 1 1 1 1 1 1 1 1 1 1 1 1 1 1 1 1 1 1 1 1 100 1 1 100 1 1 100 1 1 1 1
staticfield java/lang/invoke/MethodHandle FORM_OFFSET J 20
staticfield java/lang/invoke/MethodHandle UPDATE_OFFSET J 13
staticfield java/lang/invoke/MethodHandle $assertionsDisabled Z 1
instanceKlass java/lang/ProcessEnvironment
instanceKlass java/util/LinkedHashMap
ciInstanceKlass java/util/HashMap 1 1 610 10 7 12 1 1 1 7 1 10 12 1 1 7 1 10 100 12 1 1 1 100 1 11 12 1 1 11 12 1 11 12 1 1 10 7 12 1 1 1 7 1 3 10 7 12 1 1 1 100 1 100 1 10 8 1 10 12 1 1 10 12 1 10 12 1 1 10 12 1 10 7 12 1 1 1 8 1 10 12 1 9 12 1 1 10 12 1 9 12 1 1 4 10 12 1 10 12 1 1 11 7 12 1 1 9 12 1 1 4 10 12 1 1 11 12 1 1 11 7 12 1 1 1 11 7 12 1 1 1 11 12 1 1 7 1 11 12 1 11 12 1 10 12 1 10 12 1 1 9 12 10 12 1 1 9 7 12 1 1 1 9 12 9 12 1 10 12 1 1 9 12 1 7 1 10 12 1 1 10 12 1 1 10 12 1 1 10 12 1 1 10 12 1 1 9 12 1 10 12 1 1 3 10 12 1 1 10 12 1 1 9 12 1 1 9 10 12 1 1 10 12 1 1 10 12 1 1 10 12 1 9 12 1 1 7 1 10 12 1 10 12 1 10 100 12 1 1 1 100 1 9 12 1 1 7 1 10 9 12 7 1 10 100 1 10 11 7 12 1 1 1 100 1 10 11 100 12 1 1 11 100 12 1 1 1 10 12 1 100 1 100 1 10 12 1 10 12 1 10 12 1 10 100 12 1 1 10 12 1 1 10 12 1 1 10 100 12 1 1 1 8 10 100 12 1 1 1 100 1 10 4 10 100 12 1 1 1 4 10 12 1 10 100 12 1 1 1 10 12 1 8 1 4 10 100 12 1 1 1 100 1 11 100 12 1 1 1 10 12 1 10 12 1 10 10 12 1 1 100 1 100 1 1 1 1 5 0 1 3 1 1 1 3 1 3 1 3 1 1 1 1 1 1 1 1 1 1 1 1 1 1 1 1 1 1 1 1 1 1 100 1 1 1 1 1 1 1 1 1 1 1 1 1 1 1 1 1 1 1 1 1 1 1 1 1 1 1 1 1 1 1 1 100 1 1 1 1 1 1 1 1 1 1 1 1 1 1 1 1 1 1 1 1 1 1 1 1 1 1 1 1 1 1 1 1 1 1 1 1 1 1 1 1 1 1 1 1 1 1 1 1 1 1 100 1 1 1 1 1 1 1 1 1 1 1 1 1 1 1 1 1 1 1 1 1 1 1 1 1 1 1 1 1 1 1 1 1 1 1 1 1 1 1 1 1 1 1 1 1 1 1 1 100 1 1 1 1 1 1 1 1 100 1 1 1 1 1 1 1 1 1 1 1 1 1 1 100 1 100 1 100 1 100 1 100 1 100 1 100 1 100 1 1 1 1 1 1 1 1 1 1 1 1 1 1 1 1 1 1
ciMethod java/util/HashMap get (Ljava/lang/Object;)Ljava/lang/Object; 1024 0 10466 0 -1
instanceKlass java/lang/invoke/DirectMethodHandle$Interface
instanceKlass java/lang/invoke/DirectMethodHandle$Special
instanceKlass java/lang/invoke/DirectMethodHandle$Constructor
instanceKlass java/lang/invoke/DirectMethodHandle$Accessor
ciInstanceKlass java/lang/invoke/DirectMethodHandle 1 1 940 7 1 7 1 100 1 7 1 7 1 10 7 12 1 1 1 10 7 12 1 1 1 100 1 10 12 1 10 12 1 1 10 7 12 1 1 10 12 1 1 10 12 1 10 12 1 7 1 10 12 1 1 10 12 1 1 10 12 1 10 12 1 1 10 7 12 1 1 1 10 12 1 9 12 1 1 100 1 10 9 12 1 1 9 12 1 10 12 1 10 12 1 10 12 1 1 10 12 1 10 12 1 10 12 1 10 7 12 1 1 1 10 12 1 10 12 1 1 8 1 10 12 1 1 7 1 10 12 1 7 1 10 10 12 1 10 12 1 10 12 1 10 7 12 1 1 1 10 12 1 1 100 1 10 12 1 10 12 1 7 1 10 12 1 10 12 1 1 10 12 1 1 10 12 1 8 10 100 12 1 1 1 10 12 1 10 12 1 10 12 1 1 10 12 1 9 7 12 1 1 1 7 1 10 12 1 10 7 12 1 1 1 10 12 1 10 12 1 1 9 12 1 1 100 1 10 8 1 10 12 1 1 10 12 1 10 12 1 10 10 12 1 10 12 1 10 12 1 10 12 1 10 12 1 1 10 12 1 10 12 1 1 10 12 1 10 12 1 1 10 10 7 12 1 1 1 10 12 1 10 12 1 1 10 12 1 10 12 1 1 8 1 9 7 12 1 1 1 8 1 9 12 1 9 12 1 8 1 9 12 1 9 12 1 8 1 9 12 1 9 12 1 8 1 10 12 1 10 12 1 1 9 12 1 1 7 1 10 12 1 1 100 1 10 7 12 1 1 1 10 12 1 1 10 12 1 10 12 1 1 7 1 10 12 1 1 10 12 1 10 12 1 1 7 1 10 12 1 1 10 7 12 1 1 1 10 12 1 10 12 1 10 12 1 9 12 1 1 10 7 1 9 12 9 12 1 10 7 12 1 1 1 10 12 1 7 1 7 1 7 1 9 12 1 1 10 7 12 1 10 12 1 1 10 12 1 100 1 10 12 1 10 12 1 1 9 100 12 1 1 1 10 12 1 1 100 1 10 100 12 1 1 1 10 12 1 10 12 1 8 1 9 12 1 9 12 1 10 12 1 9 12 1 1 10 100 12 1 1 1 9 12 1 1 9 12 1 1 10 12 1 10 12 1 10 12 1 10 12 1 10 12 1 1 10 12 1 10 7 12 1 1 9 12 1 10 12 1 10 12 1 10 12 1 10 12 1 1 10 12 1 1 9 12 1 1 10 12 1 1 9 7 12 1 1 1 9 12 1 9 12 1 9 12 1 9 12 1 9 12 1 9 12 1 9 12 1 9 12 1 9 12 1 9 12 1 9 12 1 9 12 1 9 12 1 9 12 1 9 12 1 9 12 1 9 12 1 9 12 1 9 12 1 9 12 1 9 12 1 9 12 1 9 12 1 9 12 1 9 12 1 9 12 1 9 12 1 9 12 1 9 12 1 9 12 1 9 12 1 9 12 1 9 12 1 9 12 1 9 12 1 9 12 1 8 1 9 12 1 1 9 12 1 1 10 12 1 10 12 1 1 9 7 1 10 12 1 9 12 1 1 10 12 10 12 1 10 12 1 10 12 1 10 8 1 8 1 8 1 8 1 10 12 1 1 9 12 1 1 10 12 1 10 100 12 1 1 1 8 9 12 1 1 10 12 1 1 8 1 8 8 9 12 1 8 1 8 8 8 8 8 1 8 10 12 1 10 12 1 8 1 8 1 10 12 1 10 12 1 10 12 1 10 12 1 1 7 1 1 1 1 3 1 3 1 3 1 3 1 3 1 3 1 3 1 3 1 3 1 3 1 1 1 1 1 1 1 1 1 1 3 1 3 1 1 1 1 3 1 1 1 1 1 1 1 1 1 1 1 1 1 1 1 1 1 1 1 1 1 1 1 1 1 1 1 1 1 1 1 1 1 1 1 1 1 1 1 1 1 1 1 1 1 1 1 1 1 1 1 1 1 1 1 1 100 1 1 1 1 1 1 1 1 1 1 1 1 100 1 1 1 1 1 1 1 1 1 1 1 1 1 1 1 1 1 1 1 1 1 1 1 1 1 1 1 1 1 1 1 1 1 1 1 1 1 1 1 1 1 1 1 1 1 1 1 1 1 1 1
staticfield java/lang/invoke/DirectMethodHandle IMPL_NAMES Ljava/lang/invoke/MemberName$Factory; java/lang/invoke/MemberName$Factory
staticfield java/lang/invoke/DirectMethodHandle FT_UNCHECKED_REF I 8
staticfield java/lang/invoke/DirectMethodHandle ACCESSOR_FORMS [Ljava/lang/invoke/LambdaForm; 132 [Ljava/lang/invoke/LambdaForm;
staticfield java/lang/invoke/DirectMethodHandle ALL_WRAPPERS [Lsun/invoke/util/Wrapper; 10 [Lsun/invoke/util/Wrapper;
staticfield java/lang/invoke/DirectMethodHandle NFS [Ljava/lang/invoke/LambdaForm$NamedFunction; 12 [Ljava/lang/invoke/LambdaForm$NamedFunction;
staticfield java/lang/invoke/DirectMethodHandle OBJ_OBJ_TYPE Ljava/lang/invoke/MethodType; java/lang/invoke/MethodType
staticfield java/lang/invoke/DirectMethodHandle LONG_OBJ_TYPE Ljava/lang/invoke/MethodType; java/lang/invoke/MethodType
staticfield java/lang/invoke/DirectMethodHandle $assertionsDisabled Z 1
ciInstanceKlass java/lang/invoke/LambdaForm 1 1 1052 100 1 9 7 12 1 1 1 10 7 12 1 1 1 10 7 12 1 1 9 12 1 1 9 12 1 1 10 12 1 1 100 1 10 9 12 1 10 12 1 1 9 12 1 10 7 12 1 1 1 9 12 1 9 12 1 9 12 1 1 9 12 1 10 12 1 1 7 1 10 12 1 10 100 12 1 1 1 10 100 12 1 1 1 10 12 1 10 12 1 1 9 100 12 1 1 1 10 12 1 1 9 12 1 10 12 1 1 10 12 1 10 12 1 1 10 12 1 1 10 100 12 1 1 1 7 1 10 10 12 1 1 8 1 10 12 1 10 12 1 10 12 1 1 7 1 10 7 12 1 1 1 10 12 1 1 10 12 1 10 12 1 1 9 12 1 1 9 12 1 9 12 1 1 10 12 1 9 12 1 10 100 12 1 1 1 10 12 1 1 10 12 1 9 12 1 1 10 100 12 1 1 1 10 12 1 10 12 1 10 12 1 10 12 1 10 12 1 10 12 1 1 10 12 1 10 12 1 1 8 1 10 12 1 10 12 1 8 1 8 1 9 12 1 9 12 1 9 12 1 1 10 12 1 1 10 12 1 9 12 1 10 12 1 1 10 7 12 1 1 1 10 12 1 1 10 12 1 10 12 1 10 12 1 1 9 12 1 10 12 1 8 1 8 1 8 1 8 1 8 1 8 1 8 1 8 1 10 12 1 9 12 1 7 1 10 12 1 1 9 12 1 10 12 1 10 12 1 1 10 12 10 12 1 10 12 1 1 10 12 1 1 10 10 12 1 1 10 12 1 1 7 1 8 1 10 12 1 1 10 12 1 10 12 1 1 10 8 1 10 12 1 1 8 1 8 1 8 1 10 12 1 9 12 1 1 10 12 1 1 10 12 1 1 100 1 10 12 1 1 10 12 1 10 7 12 1 1 1 10 12 1 1 9 12 1 1 8 1 10 100 12 1 1 1 10 7 12 1 1 10 12 10 10 12 1 1 9 12 1 8 10 12 1 1 100 1 10 12 1 1 10 12 1 9 7 12 1 1 9 12 1 1 8 1 10 100 12 1 1 10 12 1 1 100 1 100 1 10 10 12 1 1 10 12 1 1 8 1 8 1 100 1 8 1 10 12 10 12 1 10 12 1 10 12 1 1 8 1 8 1 9 100 12 1 1 1 10 12 1 10 12 1 1 8 1 8 1 8 1 100 1 8 1 100 1 8 1 100 1 8 1 10 12 1 8 1 9 10 7 12 1 1 1 10 12 1 9 12 1 1 10 12 1 10 10 12 1 10 12 1 10 12 1 10 12 1 1 10 12 1 10 12 1 1 10 12 1 1 10 12 1 1 8 1 100 10 12 1 10 12 1 9 12 1 1 10 7 12 1 1 8 1 8 1 100 1 8 1 8 1 8 1 8 1 8 1 8 1 8 1 8 1 10 12 1 1 10 12 1 1 10 12 1 10 12 1 8 1 8 1 8 1 10 12 1 8 1 10 12 1 8 1 8 1 8 1 8 1 8 1 10 12 1 10 12 1 10 12 1 1 10 7 12 1 1 1 10 12 1 10 12 1 10 12 1 10 12 1 10 12 1 10 12 1 10 12 1 9 12 1 1 8 1 10 12 1 1 9 12 1 1 10 12 1 1 9 12 1 9 12 1 1 9 12 1 9 12 1 1 7 1 10 7 12 1 1 1 9 12 1 10 12 1 10 12 1 8 1 10 12 1 9 12 1 1 7 1 10 7 12 1 1 1 8 1 100 1 10 12 1 9 12 1 9 12 1 10 12 1 10 12 1 10 7 12 1 1 1 10 12 1 9 7 12 1 1 10 12 1 1 10 12 1 10 12 1 9 12 10 12 1 10 10 12 1 9 9 12 1 7 9 12 1 1 10 12 1 1 9 12 1 10 12 1 10 7 1 9 1 1 1 1 3 1 3 1 3 1 1 1 1 1 1 1 1 1 1 1 1 1 1 1 1 1 1 1 1 1 1 1 1 1 1 1 1 1 1 1 1 1 1 1 1 1 1 1 1 1 1 1 1 1 1 1 1 1 1 1 1 1 1 1 1 100 1 1 1 1 1 1 1 1 1 1 1 1 1 1 1 1 1 1 1 1 1 1 1 1 1 1 1 1 1 1 1 1 1 1 1 1 1 1 1 1 1 1 1 1 1 1 1 1 1 1 1 1 1 1 1 1 1 1 1 100 1 1 1 1 1 1 1 1 1 1 1 1 1 1 1 1 1 1 1 1 1 1 1 1 1 1 1 1 1 1 1 1 1 1 100 1 1 1 1 1 1 1 1 1 1 1 1 1 1 1 1 1 1 1 1 1 1 100 1 1 1 100 1 1 100 1 1 1 1 1 1 1 1 1 1 1
staticfield java/lang/invoke/LambdaForm COMPILE_THRESHOLD I 0
staticfield java/lang/invoke/LambdaForm INTERNED_ARGUMENTS [[Ljava/lang/invoke/LambdaForm$Name; 5 [[Ljava/lang/invoke/LambdaForm$Name;
staticfield java/lang/invoke/LambdaForm IMPL_NAMES Ljava/lang/invoke/MemberName$Factory; java/lang/invoke/MemberName$Factory
staticfield java/lang/invoke/LambdaForm LF_identity [Ljava/lang/invoke/LambdaForm; 6 [Ljava/lang/invoke/LambdaForm;
staticfield java/lang/invoke/LambdaForm LF_zero [Ljava/lang/invoke/LambdaForm; 6 [Ljava/lang/invoke/LambdaForm;
staticfield java/lang/invoke/LambdaForm NF_identity [Ljava/lang/invoke/LambdaForm$NamedFunction; 6 [Ljava/lang/invoke/LambdaForm$NamedFunction;
staticfield java/lang/invoke/LambdaForm NF_zero [Ljava/lang/invoke/LambdaForm$NamedFunction; 6 [Ljava/lang/invoke/LambdaForm$NamedFunction;
staticfield java/lang/invoke/LambdaForm createFormsLock Ljava/lang/Object; java/lang/Object
staticfield java/lang/invoke/LambdaForm DEBUG_NAME_COUNTERS Ljava/util/HashMap; null
staticfield java/lang/invoke/LambdaForm DEBUG_NAMES Ljava/util/HashMap; null
staticfield java/lang/invoke/LambdaForm TRACE_INTERPRETER Z 0
staticfield java/lang/invoke/LambdaForm $assertionsDisabled Z 1
ciInstanceKlass java/lang/invoke/MethodHandleNatives 1 1 684 100 1 10 7 12 1 1 1 9 7 12 1 1 1 10 12 1 1 100 1 10 10 12 1 1 10 12 1 10 12 1 8 1 8 1 8 1 8 1 8 1 8 1 8 1 8 1 8 1 8 1 10 12 1 1 7 1 10 7 12 1 1 1 10 100 12 1 1 1 7 1 10 10 12 1 1 8 1 10 12 1 8 1 10 12 1 1 8 1 10 12 1 1 9 100 12 1 1 1 8 1 10 100 12 1 1 1 100 1 10 12 100 1 100 1 8 1 7 1 10 10 12 1 7 1 9 7 12 1 1 10 12 1 1 10 12 1 10 7 12 1 1 1 7 1 10 12 1 1 10 7 12 1 1 1 10 12 1 10 12 1 1 10 12 1 1 9 12 1 8 1 10 12 1 8 1 10 12 1 8 1 8 1 8 1 100 1 10 12 1 8 1 10 12 1 1 10 12 1 10 100 12 1 1 1 100 1 8 1 10 100 12 1 1 1 7 1 8 1 10 12 1 8 1 8 1 8 1 8 1 8 1 10 12 1 1 10 12 1 1 10 12 1 10 12 1 1 10 12 1 1 7 1 10 12 1 100 1 100 1 10 12 1 10 12 1 8 1 8 1 10 10 12 1 1 10 12 1 1 8 1 10 100 12 1 1 1 8 1 8 1 10 12 1 1 10 7 12 1 1 1 100 1 10 12 1 1 7 1 9 12 1 1 10 7 12 1 1 1 10 10 12 1 9 12 1 10 12 1 1 9 12 1 9 12 1 10 12 1 1 10 12 1 10 12 1 1 7 1 7 1 10 12 1 1 10 12 1 10 12 1 1 10 7 12 1 1 1 10 12 1 8 1 10 12 1 10 12 1 10 12 1 1 10 12 1 10 7 12 1 1 1 10 12 1 1 100 1 8 1 10 9 7 12 1 1 1 10 12 1 1 10 12 1 1 100 1 10 12 1 1 10 12 1 1 100 1 100 1 10 10 100 1 100 1 10 100 1 10 10 12 1 1 10 100 1 10 12 1 10 12 1 10 12 1 1 10 12 1 1 10 12 1 1 10 12 1 10 12 1 1 10 8 1 100 1 10 12 1 10 12 1 10 12 1 10 12 1 10 12 1 1 10 12 1 9 12 1 1 10 7 12 1 1 1 9 12 1 1 11 7 12 1 1 1 10 12 1 10 12 1 10 10 12 1 10 7 12 1 1 1 1 1 1 1 1 1 1 1 1 1 1 1 100 1 1 1 1 1 1 1 1 1 1 1 1 1 1 1 1 1 1 1 1 1 1 1 1 1 1 1 1 1 1 1 1 1 1 1 1 1 1 1 1 1 1 1 1 1 1 1 1 1 1 1 1 1 1 1 1 1 1 1 1 1 1 1 1 1 1 1 1 1 1 1 1 1 1 1 1 1 1 1 1 1 1 1 1 1 1 1 1 1 1 1 1 1 1 1 1 1 1 100 1 1 1 1 1 1 1 1 1 1 1 1 1 1 1 1 1 1 1 1 1 1 1 1 1 1 1 1 100 1 1 1 1 1 1 1 100 1 1 1
staticfield java/lang/invoke/MethodHandleNatives JLA Ljdk/internal/access/JavaLangAccess; java/lang/System$2
staticfield java/lang/invoke/MethodHandleNatives $assertionsDisabled Z 1
ciInstanceKlass java/util/Collections 1 1 851 10 7 12 1 1 1 11 100 12 1 1 1 7 1 11 12 1 1 7 1 10 12 1 1 10 12 1 11 12 1 1 100 1 11 12 1 1 11 12 1 1 10 12 1 11 100 12 1 1 11 12 1 1 11 12 1 10 12 1 10 12 1 10 12 11 100 12 1 1 1 10 12 1 1 11 12 1 11 12 1 1 9 12 1 1 100 1 10 10 12 1 1 10 12 1 1 11 12 1 1 10 12 1 11 12 1 100 1 8 1 10 12 1 11 7 12 1 1 1 11 100 1 11 12 1 1 10 12 1 1 10 12 1 10 12 1 1 10 12 1 11 12 1 1 10 12 1 1 10 12 1 1 10 12 1 1 10 12 1 1 7 1 10 12 1 7 1 10 12 1 100 1 10 12 1 100 1 10 12 1 7 1 7 1 10 12 10 7 1 10 12 1 100 1 10 12 1 100 1 10 12 1 100 1 10 10 12 1 7 1 10 10 12 1 100 1 10 100 1 10 100 1 10 100 1 10 10 12 1 10 7 1 10 100 1 10 100 1 10 100 1 10 12 1 10 100 12 1 1 1 100 1 100 1 10 12 1 100 1 10 12 1 100 1 10 12 1 100 1 10 12 1 100 1 10 12 1 100 1 10 100 1 10 12 1 100 1 10 12 1 100 1 10 12 1 9 7 12 1 1 1 9 100 12 1 1 9 7 12 1 1 1 9 12 1 1 9 12 1 1 9 12 1 1 9 12 1 1 9 12 1 1 7 1 10 12 7 1 10 7 1 10 7 1 10 100 1 10 12 1 100 1 100 1 10 8 1 10 12 1 1 10 12 1 10 12 1 1 10 7 1 10 12 1 9 100 12 1 1 1 9 100 12 1 1 1 100 1 9 12 1 1 10 12 7 1 10 100 1 10 11 100 12 1 1 11 12 1 10 12 1 100 1 11 11 12 1 11 7 1 10 100 1 10 100 12 1 1 1 100 1 10 12 1 7 1 10 7 1 10 7 1 10 1 1 1 3 1 3 1 3 1 3 1 3 1 3 1 3 1 3 1 1 1 1 1 1 1 1 1 1 1 1 1 1 1 1 1 1 1 1 1 1 1 1 1 1 1 1 1 1 1 1 1 1 1 1 1 1 1 1 1 1 1 1 1 1 1 1 1 1 1 1 1 1 1 1 1 1 1 1 1 1 1 1 1 1 1 1 1 1 1 1 1 1 1 1 1 1 1 1 1 1 1 1 1 1 1 1 1 1 1 1 1 1 1 1 1 1 1 1 1 1 1 1 1 1 1 1 1 1 1 1 1 1 1 1 1 1 1 1 1 1 1 1 1 1 1 1 1 1 1 1 1 1 1 1 1 1 1 1 1 1 1 1 1 1 1 1 1 1 1 1 1 1 1 1 1 1 1 1 1 1 1 1 1 1 1 1 1 1 1 1 1 1 1 1 1 1 1 1 1 1 1 1 1 1 1 1 1 1 1 1 1 1 1 1 1 1 1 1 1 1 1 1 1 1 1 1 1 1 1 1 1 1 1 1 1 1 1 1 1 1 1 1 1 1 1 1 1 1 1 1 1 1 1 1 1 1 1 1 1 1 1 1 1 1 1 1 1 1 1 1 1 1 1 1 1 1 1 1 1 1 1 1 1 1 1 1 1 1 1 1 1 1 1 1 1 1 1 1 1 1 1 1 1 1 1 1 1 1 1 1 1 1 1 1 1 1 1 1 1 1 1 1 1 1 1 1 1 1 100 1 100 1 100 1 100 1 100 1 100 1 100 1 100 1 100 1 100 1 100 1 100 1 100 1 1 1 1 1 1 1 1 1 1 1 1 1 1 1 1 1 1 1 1 1 1 1 1 1 1 1 1 1 1 1 1 1 1 1 1 1 1 1 100 1 1 1 1 1 1 1 1 1 1 1 1 1 1
staticfield java/util/Collections EMPTY_SET Ljava/util/Set; java/util/Collections$EmptySet
staticfield java/util/Collections EMPTY_LIST Ljava/util/List; java/util/Collections$EmptyList
staticfield java/util/Collections EMPTY_MAP Ljava/util/Map; java/util/Collections$EmptyMap
ciInstanceKlass jdk/internal/reflect/CallerSensitive 0 0 17 100 1 100 1 100 1 1 1 1 1 1 1 1 1 1 1
ciInstanceKlass jdk/internal/reflect/ConstantPool 1 1 142 10 100 12 1 1 1 9 7 12 1 1 1 10 12 1 1 10 12 1 1 10 12 1 10 12 1 1 10 12 1 1 10 12 1 10 12 1 1 10 12 1 10 12 1 1 10 12 1 10 12 1 10 12 1 10 12 1 1 10 12 1 1 10 12 1 1 10 12 1 1 10 12 1 10 12 1 1 10 100 12 1 1 1 8 11 7 12 1 1 1 10 7 12 1 1 1 1 1 1 1 1 1 1 1 1 1 1 1 1 1 1 1 1 1 1 1 1 1 1 1 1 1 1 1 1 1 1 1 1 1 1 1 1 1 1 1 1 1 1 1 1
ciInstanceKlass jdk/internal/reflect/UnsafeStaticFieldAccessorImpl 0 0 47 10 100 12 1 1 1 9 100 12 1 1 1 10 100 12 1 1 1 9 12 1 1 8 11 100 12 1 1 1 10 100 12 1 1 1 1 1 1 1 1 1 1 1 1 1 1
instanceKlass jdk/internal/reflect/UnsafeFieldAccessorImpl
ciInstanceKlass jdk/internal/reflect/FieldAccessorImpl 1 1 59 10 100 12 1 1 1 100 1 100 1 1 1 1 1 1 1 1 1 100 1 1 1 1 1 1 1 1 1 1 1 1 1 1 1 1 1 1 1 100 1 1 1 1 1 1 1 1 1 1 1 1 1 1 1 1 1 1 1
instanceKlass jdk/internal/reflect/UnsafeStaticFieldAccessorImpl
ciInstanceKlass jdk/internal/reflect/UnsafeFieldAccessorImpl 1 1 254 10 100 12 1 1 1 9 7 12 1 1 1 10 100 12 1 1 1 10 100 12 1 1 1 9 12 1 1 10 7 12 1 1 1 9 12 1 1 10 12 1 10 12 1 9 12 1 10 12 1 1 10 100 12 1 1 10 100 12 1 1 1 10 12 1 1 100 1 10 10 12 1 1 10 12 1 1 8 1 10 10 12 1 100 1 8 1 10 12 1 8 1 10 12 1 8 1 10 12 1 100 1 10 12 1 1 10 8 1 10 12 1 1 8 1 10 100 12 1 1 8 1 10 100 12 1 1 8 1 10 100 12 1 1 8 1 10 100 12 1 1 8 1 10 100 12 1 1 8 1 10 100 12 1 1 8 1 10 100 12 1 1 8 1 10 100 12 1 1 10 12 1 1 8 1 8 1 8 1 8 1 8 1 8 1 10 100 12 1 1 1 8 1 8 1 8 1 10 12 10 12 1 1 1 1 1 1 1 1 1 1 1 1 1 1 1 1 1 1 1 1 1 1 1 1 1 1 1 1 1 1 1 1 1 1 1 1 1 1 1 1 1 1 1 1 1 1 1 1 1 1 1 1
staticfield jdk/internal/reflect/UnsafeFieldAccessorImpl unsafe Ljdk/internal/misc/Unsafe; jdk/internal/misc/Unsafe
ciInstanceKlass jdk/internal/reflect/NativeConstructorAccessorImpl 1 1 126 10 7 12 1 1 1 9 7 12 1 1 1 9 12 1 1 10 7 12 1 1 1 10 7 12 1 1 1 10 7 12 1 1 1 9 12 1 9 12 1 1 9 12 1 1 10 7 12 1 1 1 7 1 10 10 12 1 1 10 12 1 10 12 1 10 12 1 1 9 12 1 1 10 7 12 1 1 1 100 1 10 12 1 1 10 12 1 1 8 10 12 1 1 1 1 1 1 1 1 1 1 1 1 1 1 1 1 1 1 1 1 1 1 100 1 100 1 100 1 1 1 1 1 1 1
staticfield jdk/internal/reflect/NativeConstructorAccessorImpl U Ljdk/internal/misc/Unsafe; jdk/internal/misc/Unsafe
staticfield jdk/internal/reflect/NativeConstructorAccessorImpl GENERATED_OFFSET J 16
ciInstanceKlass java/lang/invoke/ConstantCallSite 1 1 65 10 7 12 1 1 1 9 7 12 1 1 1 9 12 1 1 10 7 12 1 1 1 10 12 1 100 1 10 12 9 12 1 1 100 1 10 10 12 1 1 10 12 1 1 1 1 1 1 1 1 1 1 1 1 1 100 1 1 1 1 1 1 1 1
staticfield java/lang/invoke/ConstantCallSite UNSAFE Ljdk/internal/misc/Unsafe; jdk/internal/misc/Unsafe
ciInstanceKlass java/lang/invoke/MutableCallSite 0 0 63 10 100 12 1 1 1 10 12 1 9 100 12 1 1 1 10 12 1 10 12 1 1 9 12 1 1 10 100 12 1 1 1 10 100 12 1 1 1 10 12 1 1 1 1 1 1 1 1 1 1 1 1 1 1 1 1 1 1 100 1 1 1
instanceKlass java/lang/invoke/VarHandleReferences$Array
instanceKlass java/lang/invoke/VarHandleReferences$FieldInstanceReadOnly
instanceKlass java/lang/invoke/VarHandleInts$FieldStaticReadOnly
instanceKlass java/lang/invoke/VarHandleLongs$FieldInstanceReadOnly
instanceKlass java/lang/invoke/VarHandleInts$FieldInstanceReadOnly
instanceKlass java/lang/invoke/VarHandleByteArrayAsLongs$ByteArrayViewVarHandle
instanceKlass java/lang/invoke/VarHandleByteArrayAsInts$ByteArrayViewVarHandle
instanceKlass java/lang/invoke/VarHandleReferences$FieldStaticReadOnly
ciInstanceKlass java/lang/invoke/VarHandle 1 1 390 10 7 12 1 1 1 10 7 12 1 1 9 12 1 1 9 12 1 1 100 1 10 8 1 10 12 1 1 10 7 12 1 1 1 10 12 1 1 10 100 12 1 1 1 9 100 12 1 1 1 10 12 1 1 10 100 12 1 1 1 10 12 1 1 9 12 1 10 12 1 9 12 1 1 10 7 12 1 1 10 12 1 9 7 12 1 1 1 9 12 1 1 10 12 1 1 100 1 100 1 10 8 1 10 12 1 1 10 12 1 8 1 10 12 1 10 12 1 10 12 1 1 9 7 12 1 1 1 10 12 1 10 12 1 1 10 12 1 10 10 100 12 1 1 1 10 12 1 1 10 12 1 1 10 100 12 1 1 1 10 100 12 1 1 1 10 100 12 1 1 1 9 12 1 1 10 9 12 1 1 10 12 1 10 12 1 10 12 1 1 10 12 1 10 100 12 1 1 1 9 12 1 1 10 12 1 1 9 12 1 10 12 1 10 12 1 10 100 12 1 1 100 1 10 9 7 12 1 1 1 9 12 1 1 10 7 12 1 1 1 10 12 1 10 12 1 10 12 1 10 12 1 10 12 1 10 12 1 1 7 1 10 10 7 12 1 1 1 9 12 1 1 8 10 12 1 1 7 1 10 12 1 1 100 1 1 1 1 1 1 1 1 1 1 1 1 1 1 1 1 1 1 1 1 1 1 1 1 1 1 1 1 1 1 1 1 1 1 1 1 1 1 1 1 1 1 1 1 1 1 1 1 1 1 1 1 1 1 1 1 1 1 1 1 1 1 1 1 1 1 1 1 1 1 1 1 1 1 1 1 1 1 1 1 1 1 1 1 1 1 1 1 1 100 1 100 1 100 1 1 1 1 1 1 1 100 1 1 1
staticfield java/lang/invoke/VarHandle AIOOBE_SUPPLIER Ljava/util/function/BiFunction; jdk/internal/util/Preconditions$1
staticfield java/lang/invoke/VarHandle VFORM_OFFSET J 16
staticfield java/lang/invoke/VarHandle $assertionsDisabled Z 1
ciInstanceKlass java/lang/invoke/MemberName 1 1 757 7 1 7 1 100 1 9 12 1 1 10 7 12 1 1 1 9 12 1 1 10 12 1 1 10 12 1 1 10 12 1 1 10 12 1 10 12 1 1 10 7 12 1 1 1 10 12 1 9 100 12 1 1 10 12 1 100 1 100 1 10 12 1 8 1 10 12 1 1 10 12 1 10 12 1 1 10 12 1 9 12 1 1 8 1 10 100 12 1 1 1 7 1 10 10 12 1 1 100 1 100 1 10 12 1 1 9 12 1 1 100 1 8 1 10 12 1 10 12 1 10 12 1 10 12 1 10 12 1 1 10 12 1 10 12 1 10 12 1 1 10 12 1 1 10 12 1 8 1 8 1 8 1 10 100 12 1 1 1 10 12 1 9 12 1 1 3 10 12 1 10 12 1 10 12 1 10 10 7 12 1 1 1 10 12 1 10 12 1 10 12 1 10 12 1 7 1 8 10 12 1 1 10 12 1 1 8 1 9 100 1 8 9 100 1 10 12 1 1 10 12 1 10 12 1 8 1 10 12 1 1 10 12 1 10 12 1 10 12 1 10 12 1 1 100 1 10 12 1 1 10 12 1 8 1 10 12 1 10 12 1 8 1 10 12 1 1 10 12 1 1 100 1 10 12 1 1 10 12 8 1 8 1 100 1 10 12 1 10 100 12 1 1 1 100 1 10 12 10 12 1 10 12 1 10 12 1 10 12 1 10 10 12 1 10 12 1 10 12 1 3 10 12 1 3 10 12 1 3 3 3 3 3 3 3 100 1 10 12 1 10 7 12 1 1 1 10 12 1 3 9 12 1 10 12 1 1 3 10 12 1 10 10 7 12 1 1 1 10 12 1 1 10 100 1 10 10 12 1 10 12 1 10 12 1 10 10 12 1 1 10 12 1 10 12 1 10 12 1 100 1 10 10 10 12 100 1 10 10 10 12 1 1 10 12 1 1 10 10 12 1 8 10 100 1 10 12 1 10 100 1 10 12 1 10 12 1 10 12 1 10 10 12 1 10 12 1 1 10 12 1 1 10 12 1 10 12 1 10 12 1 100 1 10 12 1 1 100 1 8 1 10 7 1 10 12 1 10 12 10 12 1 1 10 12 1 10 12 1 8 1 8 1 8 1 8 1 10 12 1 10 12 1 10 12 1 1 8 1 8 1 10 12 1 8 1 10 10 12 1 10 12 1 8 1 8 1 10 10 12 1 8 1 10 100 12 1 1 1 8 1 10 12 1 10 12 1 1 10 12 1 8 1 8 1 8 1 8 1 100 1 10 8 1 8 1 8 1 8 1 10 12 1 100 1 100 1 100 1 10 100 1 10 100 1 10 100 12 1 1 1 9 7 12 1 1 1 100 1 100 1 1 1 1 1 1 1 3 1 3 1 3 1 3 1 3 1 3 1 1 1 1 1 1 1 1 3 1 3 1 1 1 1 3 1 1 1 1 1 1 1 1 1 1 1 1 1 1 1 1 1 1 1 1 1 1 1 1 1 1 1 1 1 1 1 1 1 1 1 1 1 1 1 1 1 1 1 1 1 1 1 1 1 1 1 1 1 1 1 1 1 1 1 1 1 1 1 1 1 1 1 1 1 1 1 1 1 1 1 1 1 1 1 1 1 1 1 1 1 1 1 1 1 1 1 1 1 1 1 1 1 1 1 1 1 1 1 1 1 1 100 1 1 1 1 1 1 1 1 1 1 1 1 1 1 1
staticfield java/lang/invoke/MemberName $assertionsDisabled Z 1
ciInstanceKlass java/lang/invoke/ResolvedMethodName 1 1 16 10 100 12 1 1 1 100 1 1 1 1 1 1 1 1
ciInstanceKlass java/lang/StackWalker 0 0 235 9 100 12 1 1 1 10 100 12 1 1 1 100 1 10 100 12 1 1 1 10 12 1 1 11 100 12 1 1 1 10 12 1 1 10 12 1 1 10 12 1 1 100 1 8 1 10 12 1 10 12 1 10 12 1 10 100 12 1 1 9 12 1 1 9 12 1 1 9 12 1 1 9 12 1 1 10 12 1 1 9 12 1 1 10 100 12 1 1 1 11 12 1 1 100 1 8 1 10 10 100 12 1 1 9 12 1 1 10 12 1 1 10 100 12 1 1 1 10 100 12 1 1 1 18 12 1 1 100 1 8 1 10 10 12 1 1 10 100 12 1 1 1 9 100 12 1 1 11 100 12 1 1 1 10 12 1 1 1 1 1 1 1 1 1 1 1 1 1 1 1 1 1 1 1 1 1 1 1 1 1 1 1 1 1 1 1 1 1 1 1 1 1 1 1 1 1 1 1 1 1 1 1 1 1 1 1 100 1 1 15 10 100 12 1 1 1 16 15 10 12 16 1 1 1 1 1 1 1 100 1 100 1 1
ciInstanceKlass java/lang/StackStreamFactory$AbstractStackWalker 1 0 306 100 1 100 1 3 10 100 12 1 1 1 10 100 12 1 1 10 100 12 1 1 1 9 12 1 1 10 12 1 1 9 12 1 1 9 12 1 1 9 12 1 1 9 12 1 9 100 12 1 1 1 10 100 12 1 1 1 10 12 1 1 9 12 1 1 10 100 12 1 1 1 10 12 1 1 9 12 1 1 9 100 12 1 1 1 100 1 10 8 1 10 12 1 1 10 12 1 8 1 10 12 1 1 10 100 12 1 1 1 100 1 8 1 10 12 1 8 1 10 12 9 100 12 1 1 1 10 100 12 1 1 9 12 1 8 1 5 0 8 1 8 1 9 12 1 1 10 12 1 1 10 12 1 1 10 12 1 9 12 1 10 12 1 10 12 1 10 12 1 10 12 1 1 10 12 1 10 12 1 1 8 1 10 12 1 10 12 1 10 12 1 10 12 1 1 8 1 10 12 1 1 10 12 1 1 10 12 1 1 10 12 1 10 12 1 10 100 12 1 1 1 9 12 1 8 1 10 12 1 10 12 1 10 12 1 10 12 1 10 12 1 10 12 1 10 12 1 1 10 12 1 1 10 12 1 1 10 12 1 8 1 1 1 1 1 1 1 1 1 1 1 1 1 1 1 1 1 1 100 1 1 1 1 100 1 1 1 1 1 1 1 1 1 1 1 1 1 1 1 1 1 1 1 1 1
ciInstanceKlass jdk/internal/module/Modules 1 1 504 10 100 12 1 1 1 9 7 12 1 1 1 11 7 12 1 1 1 11 12 1 1 11 12 1 1 11 12 1 1 11 12 1 11 12 1 11 12 1 11 12 1 11 12 1 1 10 100 12 1 1 1 10 100 12 1 1 1 18 12 1 1 10 100 12 1 1 1 100 1 10 100 12 1 1 1 10 100 12 1 1 1 10 100 12 1 1 10 12 1 1 11 12 1 9 12 1 1 11 100 12 1 1 1 10 12 1 1 10 10 12 1 10 9 12 1 1 10 100 12 1 1 10 12 1 1 10 100 12 1 1 100 1 11 100 12 1 1 1 10 100 12 1 1 1 11 100 12 1 1 10 12 1 1 10 100 12 1 1 10 100 12 1 1 1 10 12 1 1 10 12 1 1 11 12 1 1 18 12 1 1 11 100 12 1 1 10 100 12 1 1 1 11 100 12 1 1 1 100 1 11 12 1 1 11 100 12 1 1 1 11 12 1 1 10 12 1 1 10 100 12 1 1 18 12 1 1 11 12 1 1 18 12 1 1 11 12 1 1 10 12 1 18 18 10 12 1 1 9 12 1 1 11 100 12 1 1 1 100 1 10 11 12 1 11 12 1 1 11 12 1 1 10 100 1 10 12 1 1 10 100 12 1 1 10 12 1 1 11 12 10 12 1 1 100 1 10 18 12 1 10 12 1 1 100 1 8 1 10 12 1 10 100 12 1 1 18 12 1 11 11 12 10 12 1 10 10 100 1 18 12 1 10 10 10 7 12 1 1 10 7 12 1 1 1 10 12 1 1 1 1 1 1 1 1 1 1 1 1 1 1 1 1 1 1 1 1 1 1 1 1 1 1 1 1 1 1 1 1 1 100 1 1 1 1 1 1 1 1 1 1 1 1 1 1 1 1 1 1 1 1 1 1 1 1 1 1 1 1 1 1 1 1 1 1 1 100 1 1 1 1 1 1 1 1 1 1 1 1 1 1 1 1 1 1 1 1 1 1 1 15 10 100 12 1 1 1 16 15 10 12 1 16 16 15 10 12 1 16 1 16 1 15 10 12 1 16 1 16 1 15 10 12 16 1 15 10 16 1 15 10 12 16 1 15 10 12 16 15 10 12 16 15 10 12 1 1 1 100 1 100 1 1
staticfield jdk/internal/module/Modules JLA Ljdk/internal/access/JavaLangAccess; java/lang/System$2
staticfield jdk/internal/module/Modules JLMA Ljdk/internal/access/JavaLangModuleAccess; java/lang/module/ModuleDescriptor$1
staticfield jdk/internal/module/Modules $assertionsDisabled Z 1
ciInstanceKlass java/lang/invoke/Invokers$Holder 1 1 99 1 100 1 100 1 1 1 1 1 1 1 7 1 7 1 7 1 1 12 10 1 1 12 10 1 1 12 10 1 1 100 1 1 12 9 1 1 1 12 10 1 1 1 12 10 1 1 12 10 1 1 1 12 10 1 1 100 1 1 12 10 1 1 12 10 1 1 12 10 1 12 10 1 1 12 10 1 1 12 10 1 12 10 1 12 10 12 10 1 1 12 10 1 12 10 1 1 1
ciMethod java/lang/invoke/Invokers$Holder linkToTargetMethod (Ljava/lang/Object;Ljava/lang/Object;)Ljava/lang/Object; 1024 0 891389 0 -1
ciInstanceKlass java/util/Comparator 1 1 288 10 100 12 1 1 1 10 7 12 1 1 1 18 12 1 1 7 1 7 1 11 12 1 1 11 12 1 11 12 1 11 12 1 1 11 12 1 1 11 12 1 1 10 12 1 9 100 12 1 1 1 100 1 10 12 1 1 18 12 1 18 12 18 12 18 12 18 12 10 100 12 1 1 1 10 100 12 1 1 1 8 1 10 12 1 1 8 1 8 1 8 1 8 1 8 1 10 12 1 10 12 1 8 10 100 1 10 12 1 8 10 12 1 8 1 10 12 1 10 12 1 8 1 10 12 1 1 100 1 8 1 100 1 8 1 8 1 100 1 8 1 8 1 7 1 100 1 8 1 10 12 1 11 12 1 1 10 100 12 1 1 11 12 1 1 10 100 12 1 1 11 12 1 1 10 7 12 1 1 11 12 1 100 1 11 12 1 11 12 1 1 1 1 1 1 1 1 1 1 1 1 1 1 1 1 1 1 1 1 1 1 1 1 1 1 1 1 1 1 1 1 1 1 1 1 1 1 1 1 1 1 1 1 1 1 1 1 1 1 1 1 1 1 1 1 1 1 1 1 15 10 7 12 1 1 1 16 15 11 12 3 3 15 11 12 15 11 12 15 11 12 15 11 12 15 11 12 1 100 1 1 1 100 1 100 1 1
ciInstanceKlass java/util/LinkedList$Node 1 1 39 10 7 12 1 1 1 9 7 12 1 1 1 9 12 1 1 9 12 1 1 1 1 1 1 1 1 1 1 1 1 1 1 1 1 100 1 1 1
ciInstanceKlass java/util/LinkedList 1 1 330 10 7 12 1 1 1 9 7 12 1 1 1 10 10 12 1 1 9 12 1 1 7 1 10 12 1 9 12 1 9 12 1 9 12 1 9 12 1 9 12 1 1 100 1 10 10 12 1 1 10 12 1 10 12 1 1 10 12 1 10 12 1 1 10 12 1 10 7 12 1 1 1 10 12 1 10 12 1 1 11 7 12 1 1 1 10 12 1 1 10 12 1 10 12 1 1 100 1 10 8 1 10 12 1 1 10 12 1 8 1 10 12 1 1 10 12 1 1 100 1 10 12 1 1 10 12 1 10 12 1 10 12 1 1 10 12 1 10 12 1 10 12 1 10 12 1 10 12 1 7 1 10 12 1 100 1 10 12 1 10 12 1 100 1 100 1 10 12 1 10 12 1 1 10 12 1 1 10 100 12 1 1 10 100 12 1 1 1 100 1 10 100 12 1 1 10 12 1 10 12 1 10 100 12 1 1 10 12 1 1 10 12 1 100 1 10 12 1 100 1 100 1 100 1 100 1 1 1 1 1 1 5 0 1 1 1 1 1 1 1 1 1 1 1 1 1 1 1 1 1 1 1 1 1 1 1 1 1 1 1 1 1 1 1 1 1 1 1 1 1 1 1 1 1 1 1 1 1 1 1 1 1 1 1 1 1 1 1 1 1 1 1 1 1 1 1 1 1 1 1 1 1 1 1 1 1 1 1 1 1 1 100 1 1 1 100 1 1 1 1 1 1 1 1 1 1 1 1 1
instanceKlass java/util/LinkedList
ciInstanceKlass java/util/AbstractSequentialList 1 1 110 10 7 12 1 1 1 10 7 12 1 1 1 11 100 12 1 1 1 100 1 100 1 100 1 10 8 1 10 12 1 1 10 12 1 10 12 1 1 10 12 1 11 12 1 1 11 12 1 11 12 1 11 100 12 1 1 1 11 100 12 1 1 1 11 10 12 1 1 1 1 1 1 1 1 1 1 1 1 1 1 1 1 1 1 1 1 1 1 1 1 1 1 1 1 1 1 1 1 1 1 1 1 1 1 1 1 1 1 1
ciInstanceKlass java/util/LinkedHashSet 1 1 70 10 7 12 1 1 1 4 11 7 12 1 1 1 10 7 12 1 1 1 10 7 12 1 1 1 100 1 10 100 12 1 1 1 100 1 100 1 100 1 1 1 1 5 0 1 1 1 1 1 1 1 1 1 1 1 1 1 1 1 1 1 1 1 1 1 1 1 1 1
ciMethod java/util/LinkedList add (Ljava/lang/Object;)Z 1024 0 178330 0 -1
ciMethod java/util/LinkedList remove (Ljava/lang/Object;)Z 4130 1668 30321 0 -1
ciMethod java/util/LinkedList clear ()V 4202 904 23653 0 -1
ciMethod java/util/LinkedList size ()I 296 0 148 0 -1
ciMethod java/util/AbstractSequentialList iterator ()Ljava/util/Iterator; 610 0 165484 0 480
ciMethod java/util/LinkedList contains (Ljava/lang/Object;)Z 0 0 1 0 -1
ciMethod java/util/LinkedList addAll (Ljava/util/Collection;)Z 2092 0 3725 0 -1
ciMethod java/util/LinkedList get (I)Ljava/lang/Object; 768 0 253273 0 -1
ciMethod java/util/LinkedList addAll (ILjava/util/Collection;)Z 4102 2820 5532 0 -1
ciMethod java/util/LinkedList listIterator (I)Ljava/util/ListIterator; 582 0 311990 0 608
ciMethod java/util/LinkedList node (I)Ljava/util/LinkedList$Node; 772 0 13128 0 256
ciMethod java/util/LinkedList linkLast (Ljava/lang/Object;)V 788 0 18156 0 -1
ciMethod java/util/LinkedList unlink (Ljava/util/LinkedList$Node;)Ljava/lang/Object; 1024 0 24434 0 -1
instanceKlass java/util/IdentityHashMap$EntrySet
instanceKlass java/util/Collections$SingletonSet
instanceKlass java/lang/ProcessEnvironment$CheckedEntrySet
instanceKlass com/android/tools/r8/internal/ij0
instanceKlass java/util/TreeMap$EntrySet
instanceKlass java/util/EnumSet
instanceKlass java/util/LinkedHashMap$LinkedEntrySet
instanceKlass java/util/TreeMap$KeySet
instanceKlass java/util/TreeSet
instanceKlass java/util/LinkedHashMap$LinkedKeySet
instanceKlass java/util/IdentityHashMap$KeySet
instanceKlass java/util/HashMap$KeySet
instanceKlass java/util/AbstractMap$1
instanceKlass java/util/WeakHashMap$KeySet
instanceKlass java/util/Collections$SetFromMap
instanceKlass java/util/HashSet
instanceKlass java/util/Collections$EmptySet
instanceKlass java/util/HashMap$EntrySet
instanceKlass java/util/ImmutableCollections$MapN$1
ciInstanceKlass java/util/AbstractSet 1 1 96 10 7 12 1 1 1 7 1 7 1 11 12 1 1 10 7 1 10 12 1 1 100 1 100 1 10 12 1 1 11 7 12 1 1 1 11 12 1 1 10 100 12 1 1 10 7 12 1 1 1 11 10 12 1 1 11 12 1 11 12 1 1 1 1 1 1 1 1 1 1 1 1 1 1 1 1 100 1 1 1 1 1 1 1 1 1 1 1 1 1 1 1 1 1 1
ciInstanceKlass java/util/SortedSet 1 1 97 7 1 100 1 10 12 1 1 100 1 100 1 100 1 1 1 1 1 1 1 1 1 1 1 1 1 1 1 1 1 1 1 1 1 1 1 1 1 1 1 1 1 1 1 1 100 1 8 1 1 12 10 1 1 1 8 1 1 8 1 1 1 8 1 1 1 8 1 1 1 8 1 1 1 8 1 1 8 1 1 1 8 1 1 8 1 1 1 8 1 1 8 1 1 8 1
ciInstanceKlass java/util/NavigableSet 1 0 98 100 1 100 1 100 1 1 1 1 1 1 1 1 1 1 1 1 1 1 1 1 1 1 1 1 1 1 1 1 1 1 1 1 1 1 1 1 1 1 100 1 8 1 1 12 10 1 1 1 8 1 1 8 1 1 1 8 1 1 1 8 1 1 8 1 1 1 8 1 1 1 8 1 1 1 8 1 1 1 8 1 1 8 1 1 8 1 1 1 8 1 1 8 1 1 8 1
ciInstanceKlass java/util/TreeSet 1 1 311 10 7 12 1 1 1 9 7 12 1 1 1 7 1 10 10 12 1 10 12 1 10 10 12 1 1 11 7 12 1 1 1 10 11 7 12 1 1 1 11 7 12 1 1 1 11 12 1 11 12 1 1 11 12 1 1 11 12 1 1 11 12 1 1 9 12 1 1 11 12 1 1 11 12 1 1 11 12 1 11 7 1 10 10 7 12 1 1 1 10 12 1 1 10 11 12 1 1 11 12 1 1 11 12 1 10 12 1 1 10 12 1 1 10 12 1 11 11 12 1 1 11 12 1 11 12 1 11 12 1 11 12 1 11 12 1 11 12 1 1 11 7 12 1 1 11 12 1 10 7 12 1 1 100 1 100 1 10 12 1 10 12 1 10 100 12 1 1 10 12 1 1 10 12 1 1 11 12 1 1 11 100 1 11 100 12 1 1 11 12 1 10 100 12 1 1 10 12 1 100 1 10 12 1 10 12 1 1 10 12 1 1 10 100 1 100 1 1 1 1 1 1 5 0 1 1 1 1 1 1 1 1 1 1 1 1 1 1 1 1 1 1 1 1 1 1 1 1 1 1 1 1 1 1 1 1 1 1 1 1 1 1 1 1 1 1 1 1 1 1 1 1 1 1 1 1 1 1 1 1 1 1 1 1 1 1 1 1 1 1 1 100 1 1 1 1 1 100 1 1 1 1 1 1 1 1 1 100 1 1
staticfield java/util/TreeSet PRESENT Ljava/lang/Object; java/lang/Object
instanceKlass java/util/LinkedHashSet
ciInstanceKlass java/util/HashSet 1 1 285 10 7 12 1 1 1 7 1 10 9 7 12 1 1 1 11 7 12 1 1 1 4 10 7 12 1 1 1 10 12 1 10 12 1 1 10 12 1 7 1 10 10 12 1 1 11 7 12 1 1 1 10 10 12 1 1 10 12 1 1 9 12 1 1 10 12 1 1 10 12 1 1 10 12 1 10 7 12 1 1 1 10 100 1 100 1 10 12 1 10 100 12 1 1 10 12 1 10 12 1 10 12 1 1 10 12 1 1 11 100 12 1 1 11 12 1 10 12 1 1 10 100 12 1 1 1 10 12 1 100 1 100 1 10 8 1 10 12 1 1 10 12 1 10 12 1 1 10 12 1 10 12 1 10 100 12 1 1 1 8 1 10 12 1 4 10 12 1 4 10 12 1 8 1 4 10 100 12 1 1 1 100 1 10 12 1 1 11 100 12 1 1 1 100 1 10 12 1 100 1 10 12 1 10 12 1 1 10 12 1 10 100 1 100 1 1 1 1 5 0 1 1 1 1 1 1 1 1 1 1 1 1 1 1 1 1 1 1 1 1 1 1 1 1 1 1 1 1 1 1 1 1 1 1 100 1 1 1 1 100 1 1 1 1 1 1 1 1 1 1 1 1 1 1 1 100 1 1 100 1 100 1 1 1
staticfield java/util/HashSet PRESENT Ljava/lang/Object; java/lang/Object
ciMethod java/util/HashSet add (Ljava/lang/Object;)Z 788 0 147643 0 -1
ciMethod java/util/HashSet contains (Ljava/lang/Object;)Z 17120 0 30104 0 -1
ciMethod java/util/HashSet <init> ()V 436 0 35402 0 -1
ciInstanceKlass java/util/IdentityHashMap 1 1 397 9 7 12 1 1 1 10 7 12 1 1 1 10 12 1 1 100 1 100 1 10 8 1 10 12 1 1 10 12 1 10 12 1 1 10 12 1 10 12 1 1 3 3 10 7 12 1 1 7 1 9 12 1 1 11 7 12 1 1 1 6 0 10 12 10 12 1 1 9 12 1 10 7 12 1 1 1 10 12 1 1 10 12 1 1 10 12 1 1 10 12 1 1 9 12 1 3 3 100 1 8 1 10 11 12 1 1 11 7 12 1 1 1 11 7 12 1 1 1 11 12 1 1 7 1 11 12 1 11 12 1 10 12 1 1 10 12 1 10 10 12 1 1 10 11 12 1 1 10 12 1 10 12 1 9 12 1 10 100 100 1 100 1 10 12 1 9 12 1 7 1 10 12 1 9 12 1 1 7 1 10 7 1 10 10 100 12 1 1 10 12 1 10 12 1 1 10 100 12 1 1 1 10 12 1 100 1 8 1 10 10 100 12 1 1 1 11 100 12 1 1 1 10 12 1 10 12 1 1 10 10 100 12 1 1 11 100 12 1 1 100 1 10 11 100 12 1 1 10 100 1 100 1 1 1 3 1 3 1 1 1 1 1 5 0 1 1 1 1 1 1 1 1 1 1 1 1 1 1 1 1 1 1 1 1 1 1 1 1 1 1 1 1 1 1 1 1 1 1 1 1 1 1 1 1 1 1 1 1 1 1 1 1 1 1 1 1 1 1 1 1 1 1 1 1 1 100 1 1 1 1 1 1 1 100 1 1 1 1 100 1 1 1 1 1 1 1 1 1 1 1 1 1 1 1 1 1 1 1 1 1 1 100 1 100 1 100 1 100 1 100 1 100 1 100 1 100 1 100 1 1 1 1 1 1 100 1 1 1 1 1 1 1 1 1 1
staticfield java/util/IdentityHashMap NULL_KEY Ljava/lang/Object; java/lang/Object
ciMethod java/util/IdentityHashMap get (Ljava/lang/Object;)Ljava/lang/Object; 9012 0 15727 0 -1
ciMethod java/util/Iterator remove ()V 0 0 1 0 -1
ciInstanceKlass java/util/function/BiFunction 1 1 65 10 100 12 1 1 1 18 12 1 1 11 100 12 1 1 11 100 12 1 100 1 1 1 1 1 1 1 1 1 1 1 1 1 1 1 1 1 1 1 1 1 1 1 1 1 1 1 15 10 100 12 1 1 1 16 15 11 12 1 100 1 100 1 1
ciInstanceKlass java/util/function/Predicate 1 1 101 10 7 12 1 1 1 18 12 1 1 18 12 1 18 18 12 1 18 12 1 11 7 12 1 1 10 100 12 1 1 1 11 12 1 1 1 1 1 1 1 1 1 1 1 1 1 1 1 1 1 1 1 1 1 1 1 1 1 1 1 1 1 1 1 1 1 1 1 1 1 15 10 7 12 1 1 1 16 15 11 12 15 11 12 15 11 12 15 10 12 1 15 11 12 1 100 1 100 1 1
ciInstanceKlass java/util/function/IntConsumer 1 1 52 10 100 12 1 1 1 18 12 1 1 11 100 12 1 1 100 1 1 1 1 1 1 1 1 1 1 1 1 1 1 1 1 1 1 15 10 100 12 1 1 1 16 15 11 12 1 100 1 100 1 1
instanceKlass java/util/ArrayList$ListItr
ciInstanceKlass java/util/ArrayList$Itr 1 1 103 9 7 12 1 1 1 10 7 12 1 1 1 9 12 1 1 9 7 12 1 1 9 12 1 9 12 1 9 12 1 10 12 1 100 1 10 9 12 1 1 100 1 10 100 1 10 10 12 1 1 100 1 10 100 12 1 1 1 10 12 1 1 11 100 12 1 1 1 100 1 1 1 1 1 1 1 1 1 1 1 1 1 1 1 100 1 1 1 1 1 1 1 1 1 1 1 1 1 1 1 1 1
ciMethod java/util/ArrayList$Itr hasNext ()Z 580 0 323788 0 96
ciMethod java/util/ArrayList$Itr next ()Ljava/lang/Object; 574 0 10725 0 256
ciMethod java/util/ArrayList$Itr <init> (Ljava/util/ArrayList;)V 368 0 500925 0 0
ciMethod java/util/ArrayList$Itr checkForComodification ()V 574 0 10727 0 0
ciInstanceKlass java/util/ListIterator 1 0 27 100 1 100 1 100 1 1 1 1 1 1 1 1 1 1 1 1 1 1 1 1 1 1 1 1 1
ciMethod java/util/ListIterator hasNext ()Z 0 0 1 0 -1
ciMethod java/util/ListIterator next ()Ljava/lang/Object; 0 0 1 0 -1
ciInstanceKlass java/util/TimSort 1 1 224 10 7 12 1 1 1 7 1 9 12 1 1 9 12 1 9 12 1 1 9 12 1 1 10 12 1 1 10 7 12 1 1 10 7 12 1 1 1 7 9 12 1 9 12 1 9 12 1 3 9 12 1 1 9 12 1 9 12 1 1 100 1 10 10 12 1 1 10 12 1 1 10 12 1 10 12 1 1 10 12 1 1 10 12 1 10 12 1 11 7 12 1 1 1 10 7 12 1 1 1 10 12 1 1 10 12 1 1 10 12 1 1 10 12 1 10 12 1 1 10 12 1 10 12 1 1 100 1 8 1 10 12 1 10 7 12 1 1 10 7 12 1 1 1 10 12 1 1 1 1 3 1 1 1 1 3 1 3 1 1 1 1 1 1 1 1 1 1 1 1 1 1 1 1 1 1 1 1 1 1 1 1 1 1 1 1 1 1 1 1 1 1 1 1 1 1 1 1 1 1 1 1 1 1 1 1 1 1 1 1 1 1 1 1 1 1 1 1 1 1 1 1 1
staticfield java/util/TimSort $assertionsDisabled Z 1
ciMethod java/util/TimSort sort ([Ljava/lang/Object;IILjava/util/Comparator;[Ljava/lang/Object;II)V 4342 0 36159 0 -1
ciInstanceKlass java/util/Arrays$LegacyMergeSort 1 1 45 10 100 12 1 1 1 7 1 8 1 10 12 1 10 7 12 1 1 1 7 1 10 12 1 1 9 7 12 1 1 1 1 1 1 1 1 1 1 1 1 7 1 1 1
staticfield java/util/Arrays$LegacyMergeSort userRequested Z 0
ciInstanceKlass java/util/Arrays$ArrayItr 1 1 48 10 7 12 1 1 1 9 7 12 1 1 1 9 12 1 1 100 1 10 100 1 1 1 1 1 1 1 1 1 1 1 1 1 1 1 1 1 1 1 1 1 1 1 100 1 1 1
ciInstanceKlass java/util/Arrays$ArrayList 1 1 149 10 7 12 1 1 1 10 7 12 1 1 1 7 1 9 7 12 1 1 10 7 12 1 1 1 10 12 1 1 10 7 12 1 1 1 10 100 12 1 1 1 10 12 1 1 10 12 1 1 100 1 10 100 12 1 1 1 11 7 12 1 1 1 11 100 12 1 1 10 12 1 1 7 1 10 12 1 100 1 100 1 1 1 1 5 0 1 1 1 1 1 1 1 1 1 1 1 1 1 1 1 1 1 1 1 1 1 1 1 1 1 1 1 1 1 1 1 1 1 1 1 1 1 1 1 1 1 1 1 1 1 1 1 1 1 1 1 1 1 1 1 1 1 1 1 1 1 1
ciMethod java/util/Arrays$ArrayList <init> ([Ljava/lang/Object;)V 222 0 94142 0 -1
ciInstanceKlass java/util/Collections$SetFromMap 1 1 181 10 7 12 1 1 1 11 7 12 1 1 1 100 1 8 1 10 12 1 9 7 12 1 1 1 11 12 1 1 9 12 1 1 11 12 1 11 12 1 1 11 12 1 1 11 12 1 1 9 7 12 1 1 1 11 12 1 1 11 7 12 1 1 1 11 12 1 1 11 12 1 10 100 12 1 1 1 11 12 1 11 12 1 11 12 1 1 11 12 1 11 12 1 11 12 1 1 11 12 1 1 11 12 1 1 11 12 1 1 11 12 1 10 100 12 1 1 100 1 1 1 1 1 1 1 5 0 1 1 1 1 1 1 1 1 1 1 1 1 1 1 1 1 1 1 1 1 1 1 1 1 1 1 1 1 1 1 1 1 1 1 1 1 1 1 1 1 1 100 1 100 1 1 1 1 1 100 1 1 1
ciInstanceKlass java/util/TreeMap 1 1 686 10 7 12 1 1 1 9 7 12 1 1 1 9 12 1 9 12 1 1 10 12 1 1 11 7 12 1 1 11 12 1 11 12 1 1 11 100 12 1 1 1 10 12 1 1 100 1 100 1 10 12 1 1 10 12 1 1 9 7 12 1 1 1 10 12 1 1 10 12 1 1 10 12 1 1 10 12 1 11 7 1 10 7 12 1 1 11 10 10 12 1 10 12 1 1 7 1 9 12 1 1 9 12 11 12 1 1 9 12 1 9 12 1 11 7 12 1 1 1 10 9 12 1 10 12 1 1 10 12 1 1 10 12 1 1 10 12 1 1 10 12 1 1 10 12 1 1 10 12 1 11 100 12 1 1 100 1 10 11 100 12 1 1 10 12 1 10 12 1 1 10 12 1 10 12 1 1 100 1 100 1 10 12 1 9 12 1 9 12 1 1 9 12 1 1 10 10 12 1 1 10 12 1 10 12 1 10 12 1 10 12 1 10 12 1 10 12 1 7 1 10 12 1 10 12 1 11 100 1 9 12 1 1 100 1 10 12 1 7 1 10 100 1 10 12 1 100 1 10 10 12 1 1 10 12 1 1 10 12 1 11 100 12 1 1 7 1 10 12 1 100 1 10 10 7 12 1 1 7 1 10 12 1 100 1 10 9 12 1 1 10 12 1 10 12 1 10 12 1 10 12 1 1 10 12 1 1 10 12 1 10 12 1 10 12 1 10 100 12 1 1 10 12 1 1 11 7 12 1 1 1 11 12 1 100 1 11 12 1 10 12 1 1 11 12 1 10 100 12 1 1 10 12 1 11 7 1 11 10 12 1 1 10 12 1 10 12 1 10 7 12 1 1 10 12 1 1 9 12 1 1 10 12 1 100 1 10 100 1 10 12 1 100 1 10 10 9 12 1 100 1 100 1 1 1 1 1 1 1 1 1 3 1 3 1 1 5 0 1 1 1 1 1 1 1 1 1 1 1 1 1 1 1 100 1 1 1 1 1 1 1 1 1 1 1 1 1 1 1 1 1 1 1 1 1 1 1 1 1 1 1 1 1 1 1 1 1 1 1 1 1 1 1 1 1 1 1 1 1 1 1 1 1 1 1 1 1 1 1 1 1 1 1 1 1 1 1 1 1 1 1 1 1 1 1 1 1 1 1 1 1 1 1 1 1 100 1 1 1 1 1 1 100 1 1 1 1 1 1 1 1 1 1 1 1 1 1 1 1 1 1 1 1 1 1 1 1 1 1 1 1 1 1 1 1 1 1 1 1 1 1 1 1 1 1 1 1 1 1 1 1 1 1 1 1 1 1 1 1 1 1 1 1 1 1 1 1 1 1 1 1 1 1 1 1 1 1 1 1 1 1 1 1 1 1 1 1 1 1 1 1 1 1 1 1 1 1 1 1 1 1 1 1 1 1 1 1 100 1 100 1 100 1 100 1 100 1 100 1 100 1 100 1 100 1 100 1 100 1 100 1 100 1 100 1 100 1 1 1 1 1 1 1 1 1 1 1 1 1 1 1 1 1 1 1 1 1 1 1 1 1 1 1 1 1
staticfield java/util/TreeMap UNBOUNDED Ljava/lang/Object; java/lang/Object
ciInstanceKlass java/util/NavigableMap 1 0 115 100 1 100 1 100 1 1 1 1 1 1 1 1 1 1 1 1 1 1 1 1 1 1 1 1 1 1 1 1 1 1 1 1 1 1 1 1 1 1 1 1 1 1 1 1 1 1 100 1 100 1 1 1 100 1 8 1 1 12 10 1 1 1 8 1 1 1 8 1 1 8 1 1 1 8 1 1 1 8 1 1 8 1 1 1 8 1 1 8 1 1 1 8 1 1 1 8 1 1 1 8 1 1 1 8 1 1 1 8 1 1 1 8 1
ciMethod java/util/NavigableMap put (Ljava/lang/Object;Ljava/lang/Object;)Ljava/lang/Object; 0 0 1 0 -1
ciMethod java/util/NavigableMap isEmpty ()Z 0 0 1 0 -1
ciMethod java/util/NavigableMap size ()I 0 0 1 0 -1
ciMethod java/util/NavigableMap firstKey ()Ljava/lang/Object; 0 0 1 0 -1
ciMethod java/util/NavigableMap navigableKeySet ()Ljava/util/NavigableSet; 0 0 1 0 -1
ciMethod java/util/TreeMap comparator ()Ljava/util/Comparator; 526 0 263 0 -1
ciMethod java/util/TreeMap addAllForTreeSet (Ljava/util/SortedSet;Ljava/lang/Object;)V 524 0 343 0 -1
ciMethod java/util/TreeMap <init> (Ljava/util/Comparator;)V 120 0 389 0 -1
ciMethod java/util/TreeMap successor (Ljava/util/TreeMap$Entry;)Ljava/util/TreeMap$Entry; 4150 1096 25439 0 -1
ciInstanceKlass java/util/function/BiPredicate 1 1 76 10 100 12 1 1 1 18 12 1 1 18 12 1 18 11 100 12 1 1 100 1 1 1 1 1 1 1 1 1 1 1 1 1 1 1 1 1 1 1 1 1 1 1 1 1 1 1 1 1 1 1 1 15 10 100 12 1 1 1 16 15 11 12 15 11 12 15 11 12 1 100 1 100 1 1
ciInstanceKlass java/util/IdentityHashMap$KeyIterator 1 1 45 9 7 12 1 1 1 10 7 12 1 1 1 9 12 1 1 10 12 1 1 10 7 12 1 1 1 1 1 1 1 1 1 1 1 1 1 1 1 1 1 1 1 1 1
ciInstanceKlass java/util/TreeMap$Entry 1 1 96 100 1 10 7 12 1 1 1 9 7 12 1 1 1 9 12 1 1 9 12 1 9 12 1 1 100 1 11 12 1 1 10 12 1 1 11 12 1 10 12 1 1 100 1 10 10 12 1 1 8 1 10 12 1 10 12 1 1 1 1 1 1 1 1 1 1 1 1 1 1 1 1 1 1 1 1 1 1 1 1 1 1 1 1 1 1 1 1 1 1 1 1 1 100 1
ciMethod java/util/TreeSet pollLast ()Ljava/lang/Object; 1192 0 596 0 -1
ciMethod java/util/TreeSet first ()Ljava/lang/Object; 1528 0 21785 0 -1
ciMethod java/util/TreeSet addAll (Ljava/util/Collection;)Z 744 0 639 0 -1
ciMethod java/util/TreeSet last ()Ljava/lang/Object; 1922 0 961 0 -1
ciMethod java/util/TreeSet contains (Ljava/lang/Object;)Z 26 0 13 0 -1
ciMethod java/util/TreeSet iterator ()Ljava/util/Iterator; 4578 0 9862 0 -1
ciMethod java/util/TreeSet size ()I 3812 0 1951 0 -1
ciMethod java/util/TreeSet isEmpty ()Z 4110 0 25358 0 -1
ciMethod java/util/TreeSet clear ()V 24 0 68 0 -1
ciMethod java/util/TreeSet remove (Ljava/lang/Object;)Z 5096 0 28735 0 -1
ciMethod java/util/TreeSet add (Ljava/lang/Object;)Z 4108 0 86940 0 -1
ciMethod java/util/TreeSet <init> (Ljava/util/SortedSet;)V 148 0 366 0 -1
ciMethod java/util/TreeSet <init> (Ljava/util/Comparator;)V 114 0 385 0 -1
ciMethod java/util/TreeSet <init> (Ljava/util/NavigableMap;)V 2012 0 28779 0 -1
ciMethod java/util/NavigableSet iterator ()Ljava/util/Iterator; 0 0 1 0 -1
ciMethod java/util/SortedSet comparator ()Ljava/util/Comparator; 0 0 1 0 -1
ciMethod java/util/AbstractSet <init> ()V 768 0 210170 0 -1
ciMethod java/util/LinkedList isPositionIndex (I)Z 512 0 298969 0 0
ciMethod java/util/LinkedList checkPositionIndex (I)V 514 0 298935 0 128
ciMethod java/util/LinkedList <init> (Ljava/util/Collection;)V 30 0 100 0 -1
ciMethod java/util/LinkedList <init> ()V 4162 0 123815 0 -1
ciMethod java/util/AbstractSequentialList <init> ()V 1024 0 125313 0 -1
ciMethod java/util/Collections binarySearch (Ljava/util/List;Ljava/lang/Object;)I 0 0 1 0 -1
ciMethod java/util/Collections sort (Ljava/util/List;)V 0 0 1 0 -1
ciMethod java/util/Collections unmodifiableList (Ljava/util/List;)Ljava/util/List; 632 0 140753 0 -1
ciMethod java/util/HashMap <init> ()V 808 0 170280 0 -1
ciMethod jdk/internal/util/Preconditions checkIndex (IILjava/util/function/BiFunction;)I 554 0 857310 0 -1
ciMethod java/util/AbstractList <init> ()V 866 0 818341 0 -1
ciMethod java/util/List add (Ljava/lang/Object;)Z 0 0 1 0 -1
ciMethod java/util/List get (I)Ljava/lang/Object; 0 0 1 0 -1
ciMethod java/util/List indexOf (Ljava/lang/Object;)I 0 0 1 0 -1
ciMethod java/util/List clear ()V 0 0 1 0 -1
ciMethod java/util/List isEmpty ()Z 0 0 1 0 -1
ciMethod java/util/List size ()I 0 0 1 0 -1
ciMethod java/util/List subList (II)Ljava/util/List; 0 0 1 0 -1
ciMethod java/util/List iterator ()Ljava/util/Iterator; 0 0 1 0 -1
ciMethod java/util/List contains (Ljava/lang/Object;)Z 0 0 1 0 -1
ciMethod java/util/List addAll (Ljava/util/Collection;)Z 0 0 1 0 -1
ciMethod java/util/Collection iterator ()Ljava/util/Iterator; 0 0 1 0 -1
ciMethod java/util/Collection size ()I 0 0 1 0 -1
ciMethod java/util/Collection isEmpty ()Z 0 0 1 0 -1
ciMethod java/util/AbstractMap <init> ()V 1024 0 532641 0 -1
ciMethod java/lang/NullPointerException <init> ()V 0 0 1 0 -1
ciMethod java/util/TreeMap$PrivateEntryIterator nextEntry ()Ljava/util/TreeMap$Entry; 4138 0 23775 0 -1
ciMethod java/util/Arrays legacyMergeSort ([Ljava/lang/Object;Ljava/util/Comparator;)V 0 0 1 0 -1
ciMethod java/util/Arrays sort ([Ljava/lang/Object;)V 0 0 1 0 -1
ciMethod java/util/Arrays sort ([Ljava/lang/Object;Ljava/util/Comparator;)V 44 0 152 0 -1
ciMethod java/util/Arrays asList ([Ljava/lang/Object;)Ljava/util/List; 7328 0 96819 0 -1
ciMethod java/util/Arrays copyOf ([Ljava/lang/Object;I)[Ljava/lang/Object; 66 0 65591 0 -1
ciMethod java/util/Arrays copyOf ([JI)[J 0 0 1 0 -1
ciMethod java/util/Arrays copyOf ([II)[I 620 0 340 0 0
ciMethod java/lang/Math max (JJ)J 4116 0 63893 0 -1
ciMethod java/lang/Math max (II)I 1024 0 422563 0 -1
ciMethod java/lang/Math min (JJ)J 2544 0 42112 0 -1
ciMethod java/lang/Math min (II)I 550 0 326068 0 -1
ciMethod java/util/Set iterator ()Ljava/util/Iterator; 0 0 1 0 -1
ciMethod java/util/Set toArray ([Ljava/lang/Object;)[Ljava/lang/Object; 0 0 1 0 -1
ciMethod java/util/Map isEmpty ()Z 0 0 1 0 -1
ciMethod java/util/Map put (Ljava/lang/Object;Ljava/lang/Object;)Ljava/lang/Object; 0 0 1 0 -1
ciMethod java/util/Map get (Ljava/lang/Object;)Ljava/lang/Object; 0 0 1 0 -1
ciMethod java/lang/StringBuilder <init> ()V 158 0 62853 0 -1
ciMethod java/lang/StringBuilder toString ()Ljava/lang/String; 168 0 123029 0 -1
ciMethod java/lang/StringBuilder append (Ljava/lang/String;)Ljava/lang/StringBuilder; 316 0 439888 0 -1
ciMethod java/lang/StringBuilder append (I)Ljava/lang/StringBuilder; 12 0 2163 0 -1
ciMethod java/util/ArrayList addAll (Ljava/util/Collection;)Z 394 0 4981 0 -1
ciMethod java/util/ArrayList iterator ()Ljava/util/Iterator; 368 0 498073 0 192
ciMethod java/util/ArrayList size ()I 1592 0 796 0 -1
ciMethod java/util/ArrayList isEmpty ()Z 726 0 184383 0 -1
ciMethod java/util/ArrayList clear ()V 512 0 2930 0 -1
ciMethod java/util/ArrayList get (I)Ljava/lang/Object; 1024 0 597257 0 192
ciMethod java/util/ArrayList add (Ljava/lang/Object;)Z 514 0 1369602 0 -1
ciMethod java/util/ArrayList <init> (Ljava/util/Collection;)V 548 0 24310 0 -1
ciMethod java/util/ArrayList <init> ()V 1024 0 509501 0 -1
ciMethod java/util/ArrayList elementData (I)Ljava/lang/Object; 1024 0 612648 0 0
ciMethod java/lang/Comparable compareTo (Ljava/lang/Object;)I 0 0 1 0 -1
ciMethod java/util/Iterator hasNext ()Z 0 0 1 0 -1
ciMethod java/util/Iterator next ()Ljava/lang/Object; 0 0 1 0 -1
ciMethod java/lang/Class getComponentType ()Ljava/lang/Class; 156 0 76892 0 -1
ciMethod java/lang/Object getClass ()Ljava/lang/Class; 256 0 128 0 -1
ciMethod java/lang/Object <init> ()V 1024 0 8607102 0 64
instanceKlass com/android/tools/r8/graph/J0$b$a
instanceKlass com/android/tools/r8/graph/J0$b
instanceKlass com/android/tools/r8/graph/J0$a
instanceKlass com/android/tools/r8/graph/t0
instanceKlass com/android/tools/r8/graph/e1
instanceKlass com/android/tools/r8/graph/v5
instanceKlass com/android/tools/r8/graph/r0
instanceKlass com/android/tools/r8/graph/L2
instanceKlass com/android/tools/r8/graph/O0
instanceKlass com/android/tools/r8/graph/E
instanceKlass com/android/tools/r8/graph/O2
instanceKlass com/android/tools/r8/graph/b1
ciInstanceKlass com/android/tools/r8/graph/n1 1 1 68 1 8 1 1 100 1 7 1 1 12 10 1 1 1 16 1 12 10 15 1 16 1 100 1 1 12 10 15 1 1 12 18 1 100 1 100 12 11 1 1 12 10 15 18 1 100 1 1 12 11 1 12 10 1 1 1 12 10 1 1 1 1 1 1 1 1 1
instanceKlass com/android/tools/r8/graph/h1
instanceKlass com/android/tools/r8/graph/E0
ciInstanceKlass com/android/tools/r8/graph/b1 1 1 193 1 8 1 1 7 1 7 1 1 1 1 1 1 1 1 12 10 1 100 1 12 10 1 100 1 1 12 11 1 100 1 1 1 1 12 10 1 100 1 12 10 1 12 10 12 9 1 1 1 1 1 1 1 12 10 1 1 1 12 10 1 1 16 12 10 15 1 16 1 100 1 1 12 10 15 1 12 18 1 12 10 1 1 1 1 1 1 1 1 1 1 100 1 1 1 1 1 1 1 1 1 12 10 12 10 1 100 1 1 12 9 12 10 1 100 1 12 10 1 100 1 1 12 10 12 9 1 100 1 8 1 12 10 1 1 16 12 10 15 1 16 1 1 12 18 1 12 10 15 1 16 1 12 18 1 100 1 1 12 11 1 1 12 11 12 10 15 18 12 10 15 18 12 10 1 100 12 11 12 10 1 1 7 1 12 10 1 1 1 1 1 1
staticfield com/android/tools/r8/graph/b1 c Z 1
ciInstanceKlass com/android/tools/r8/graph/E2 1 1 1151 1 8 1 1 7 1 1 7 1 100 1 100 1 100 1 100 1 100 1 100 1 1 7 1 100 1 1 100 1 100 1 1 100 1 7 1 100 1 1 1 1 1 1 1 1 1 1 1 1 1 1 1 1 1 1 1 1 1 7 1 1 12 10 1 12 9 1 1 12 10 1 100 1 12 10 1 100 1 100 1 100 1 1 12 10 1 1 12 11 1 12 11 1 12 10 1 1 12 10 1 100 1 12 10 1 1 12 9 1 100 1 12 10 1 12 10 1 1 12 10 16 1 12 10 15 1 16 1 7 1 1 12 10 15 1 12 18 1 12 10 1 1 12 9 1 12 10 12 10 1 1 12 9 1 100 1 1 12 10 1 100 1 12 11 1 1 12 11 1 100 1 100 1 1 12 10 1 1 100 1 1 12 11 1 100 1 100 1 12 9 1 1 1 1 7 1 1 12 11 1 1 1 100 1 12 10 1 1 12 9 1 100 12 9 1 1 16 12 10 15 12 18 1 1 16 12 10 15 1 16 1 12 18 12 10 1 1 12 10 15 18 1 12 10 1 7 1 12 9 12 10 1 12 10 1 12 10 1 1 1 1 1 1 1 1 1 12 10 16 12 10 15 16 1 12 18 1 100 1 12 10 1 1 12 10 1 1 1 12 9 1 12 10 1 1 12 10 1 1 12 9 1 7 1 1 12 10 1 7 1 1 12 10 1 7 1 12 10 1 1 1 1 12 9 1 12 10 15 1 16 1 12 18 1 100 1 12 9 1 12 9 1 100 1 12 10 12 10 15 1 16 1 12 18 12 10 1 12 10 15 1 12 18 1 12 9 1 12 9 1 1 100 1 12 11 12 9 1 12 10 1 1 12 10 1 8 1 100 1 12 10 1 100 1 12 9 1 12 11 1 100 1 1 12 10 1 100 10 10 1 1 12 10 1 100 12 9 12 9 10 1 1 12 10 1 100 11 1 100 12 9 12 9 12 9 1 12 10 15 1 16 1 12 18 1 12 10 15 1 16 1 12 18 1 1 100 1 12 11 1 1 12 9 12 10 1 12 10 1 100 1 12 10 1 12 10 1 12 10 10 1 12 9 1 12 10 15 1 16 1 12 18 12 10 1 12 10 15 1 16 18 12 10 1 12 10 1 12 9 1 100 1 12 10 1 12 10 1 12 10 1 12 10 1 1 12 9 1 100 10 1 12 10 1 100 12 10 1 12 10 1 1 12 10 1 12 10 1 100 1 12 10 1 100 1 12 10 1 12 10 1 100 1 12 9 12 10 1 1 12 9 1 100 10 1 1 1 1 1 1 1 12 9 1 1 1 7 1 12 9 1 1 7 1 12 9 1 12 11 12 10 1 1 12 10 1 12 10 12 10 12 10 10 12 10 1 12 10 1 100 1 1 12 10 1 100 1 12 10 1 100 1 1 12 10 1 100 12 9 1 100 1 12 10 1 100 1 12 10 1 16 1 12 10 15 1 16 1 1 12 18 1 1 12 10 1 12 10 1 12 10 1 1 12 10 10 1 100 1 1 12 10 1 12 9 1 1 12 11 100 1 12 10 1 12 9 10 11 1 100 1 1 12 10 100 11 9 1 12 10 1 100 1 100 12 11 12 9 1 100 10 12 10 1 12 9 1 1 12 10 1 12 10 1 12 9 12 10 12 9 1 12 10 1 1 1 100 12 9 1 100 1 12 11 1 1 1 1 12 9 1 12 11 1 1 1 1 1 1 1 1 12 10 1 1 12 10 1 100 1 100 1 12 10 1 1 12 10 12 10 15 18 1 100 1 12 10 1 12 10 12 10 15 18 1 12 10 12 10 15 18 1 1 12 10 15 18 12 10 1 1 16 1 12 10 15 1 16 1 12 18 1 12 10 1 12 10 15 18 12 10 1 1 12 10 12 9 1 100 12 9 1 1 12 10 1 1 8 1 12 10 1 100 1 1 12 10 1 100 1 12 10 1 12 9 1 12 10 1 100 1 12 10 1 12 10 1 12 10 1 12 9 1 1 12 11 16 10 15 1 12 18 12 9 12 10 1 1 1 12 10 15 16 1 12 18 1 100 1 12 10 12 10 15 18 1 12 10 15 16 18 1 12 10 15 16 18 1 12 10 15 16 18 12 10 1 12 10 15 16 18 12 10 15 16 18 1 12 10 1 1 12 10 15 1 16 18 12 10 15 1 16 18 12 10 15 1 16 18 12 10 15 18 12 10 1 12 10 15 18 1 12 10 15 18 1 12 10 1 1 100 1 8 1 100 1 1 12 10 15 1 12 18 1 12 9 1 12 10 1 1 12 10 1 100 1 12 11 1 100 1 12 10 12 10 12 10 12 9 12 9 12 10 1 12 10 1 1 12 10 1 100 1 12 10 1 1 12 10 1 100 1 12 11 1 12 9 1 100 1 12 9 100 10 10 1 12 10 10 1 100 1 1 12 11 1 100 12 11 1 1 1 7 1 12 10 12 9 10 1 16 12 10 15 1 12 18 12 10 15 18 12 10 12 10 15 18 12 10 12 10 15 18 12 10 15 18 12 10 12 10 15 1 12 18 12 10 15 18 10 1 1 1 1 1 1 1 1 1 1
staticfield com/android/tools/r8/graph/E2 B [Lcom/android/tools/r8/graph/E2; 0 [Lcom/android/tools/r8/graph/E2;
staticfield com/android/tools/r8/graph/E2 C Z 1
instanceKlass com/android/tools/r8/internal/xc0
instanceKlass com/android/tools/r8/internal/aB
instanceKlass com/android/tools/r8/internal/bB
instanceKlass com/android/tools/r8/internal/uc0
instanceKlass com/android/tools/r8/internal/rk0
instanceKlass com/android/tools/r8/internal/OA
ciInstanceKlass com/android/tools/r8/internal/cB 1 1 248 1 8 1 1 7 1 7 1 7 1 7 1 1 1 1 1 1 12 10 1 7 1 7 1 1 12 10 1 1 12 10 1 1 1 7 1 1 12 10 1 1 12 11 1 7 1 12 11 1 1 1 7 11 1 1 12 10 1 1 12 10 1 1 1 12 10 1 7 1 12 9 1 7 12 10 1 12 10 1 100 10 1 1 1 100 1 12 10 1 1 1 1 1 1 1 1 1 1 1 1 16 15 1 100 1 1 12 10 15 1 1 12 18 1 100 1 12 10 1 7 1 12 10 1 7 1 12 10 1 12 11 1 100 1 1 12 11 1 1 12 11 1 12 10 1 1 12 10 1 1 1 1 1 7 1 12 10 1 1 12 10 1 1 1 1 1 1 1 1 3 1 8 1 7 1 1 12 10 1 100 1 100 1 12 10 1 12 10 1 12 10 1 12 9 1 1 12 10 1 7 1 12 11 10 1 1 1 7 1 12 10 1 1 1 1 1 7 1 1 12 10 100 1 12 10 1 7 1 1 12 10 1 1 1 1 1 1 1 100 1 8 1 1 12 10 1 1
staticfield com/android/tools/r8/internal/cB c I 0
instanceKlass com/android/tools/r8/internal/zB
instanceKlass com/android/tools/r8/internal/cB
instanceKlass com/android/tools/r8/internal/LB
ciInstanceKlass com/android/tools/r8/internal/SA 1 1 116 1 8 1 1 7 1 7 1 100 1 1 1 1 12 10 1 1 7 12 9 1 1 1 1 1 100 1 12 10 1 1 1 12 10 1 1 12 10 1 1 12 10 12 10 1 12 10 1 12 10 1 7 1 1 12 10 1 12 10 1 12 10 1 100 10 1 1 1 1 1 1 1 1 1 1 1 1 1 100 1 12 10 12 10 1 100 1 1 12 11 1 100 1 12 10 1 100 1 1 12 9 1 1 1 100 100 1 12 11 1 1 1 1 1 1
staticfield com/android/tools/r8/internal/SA b [Ljava/lang/Object; 0 [Ljava/lang/Object;
instanceKlass com/android/tools/r8/internal/WA
instanceKlass com/android/tools/r8/internal/EB
instanceKlass com/android/tools/r8/internal/sk0
ciInstanceKlass com/android/tools/r8/internal/LB 1 1 204 1 8 1 1 7 1 7 1 7 1 1 1 1 1 7 1 1 12 9 1 1 7 1 8 1 8 1 8 1 8 1 1 12 10 1 3 1 8 1 7 1 1 12 10 1 100 1 100 1 1 12 10 1 7 1 12 10 1 7 1 1 12 10 1 12 10 1 12 10 12 10 1 100 1 7 1 12 10 1 1 100 1 1 12 10 1 7 1 1 12 10 1 100 1 1 12 10 1 100 1 12 10 1 100 1 12 10 1 7 1 7 1 1 12 11 1 7 1 1 12 9 1 7 1 1 12 10 1 7 1 12 9 1 12 10 1 100 1 12 10 1 1 12 10 1 100 1 8 10 1 8 1 8 1 100 1 12 10 10 1 1 1 7 10 1 3 1 7 1 12 10 6 0 3 1 8 1 1 1 12 10 1 12 10 10 11 1 1 12 11 1 100 1 100 1 100 1 12 10 1 1 1 1
staticfield com/android/tools/r8/internal/LB c I 0
ciInstanceKlass com/android/tools/r8/internal/Os0 0 0 21 1 8 1 1 100 1 100 1 1 12 10 1 12 10 1 12 10 1 1 1
ciInstanceKlass com/android/tools/r8/internal/rk0 1 1 93 1 8 1 1 7 1 7 1 1 1 1 1 12 10 1 7 1 1 12 10 12 9 1 1 1 7 1 1 12 10 1 1 1 7 12 10 1 1 1 7 1 1 12 10 1 7 12 11 1 1 1 1 1 12 10 1 100 1 12 9 1 1 1 100 1 8 1 12 10 12 10 1 1 12 10 1 12 10 10 1 1 1 1 12 10 1 12 10 1 1 1 1
ciInstanceKlass com/android/tools/r8/internal/uc0 1 1 62 1 8 1 1 7 1 7 1 1 1 1 1 1 1 12 10 12 9 1 1 7 12 10 12 9 1 1 1 1 1 1 1 1 1 1 7 1 1 12 10 1 1 1 1 1 7 1 12 10 1 1 1 7 1 12 10 1 1 1 1 1
staticfield com/android/tools/r8/internal/uc0 e Lcom/android/tools/r8/internal/uc0; com/android/tools/r8/internal/uc0
ciInstanceKlass com/android/tools/r8/internal/sk0 1 1 69 1 8 1 1 7 1 7 1 1 1 1 1 12 10 1 7 1 1 12 10 12 9 1 1 1 1 1 12 10 1 1 1 7 12 10 1 1 1 100 10 1 1 1 1 12 10 1 1 1 100 1 8 1 12 10 12 10 1 1 12 10 1 12 10 10 1 1 1
instanceKlass com/android/tools/r8/internal/HB
instanceKlass com/android/tools/r8/internal/iC
instanceKlass com/android/tools/r8/internal/nB
instanceKlass com/android/tools/r8/internal/Bc0
ciInstanceKlass com/android/tools/r8/internal/EB 1 1 42 1 8 1 1 7 1 7 1 1 1 1 12 10 1 1 12 9 1 12 10 1 100 1 100 1 100 1 1 12 9 1 1 12 10 1 12 10 1 1 1 1
ciInstanceKlass com/android/tools/r8/internal/Bc0 1 1 98 1 8 1 1 7 1 7 1 1 1 1 1 1 1 1 1 1 1 1 12 10 12 9 12 9 12 9 12 9 1 1 7 12 9 12 10 12 9 1 1 100 1 7 1 1 12 10 1 12 10 1 1 1 1 1 7 1 12 10 1 1 1 100 1 12 10 1 1 1 1 1 1 7 1 1 12 10 1 1 1 100 1 12 9 1 100 1 12 10 1 100 1 1 1 1 1 1
staticfield com/android/tools/r8/internal/Bc0 i [Ljava/lang/Object; 0 [Ljava/lang/Object;
staticfield com/android/tools/r8/internal/Bc0 j Lcom/android/tools/r8/internal/Bc0; com/android/tools/r8/internal/Bc0
ciInstanceKlass com/android/tools/r8/internal/lz 1 1 41 1 8 1 1 7 1 7 1 1 5 0 1 7 1 1 12 10 5 0 1 1 1 12 10 12 10 1 1 7 1 12 10 1 12 10 3 1 1 1 1
instanceKlass com/android/tools/r8/internal/vB
instanceKlass com/android/tools/r8/internal/eB
instanceKlass com/android/tools/r8/internal/cJ
instanceKlass com/android/tools/r8/internal/F
ciInstanceKlass com/android/tools/r8/internal/Gs0 1 1 36 1 8 1 1 100 1 7 1 100 1 1 12 10 1 1 100 10 1 1 1 1 1 100 1 8 1 1 12 10 1 1 1 8 1 1
instanceKlass com/android/tools/r8/internal/Tw
instanceKlass com/android/tools/r8/internal/YA
instanceKlass com/android/tools/r8/internal/dJ
ciInstanceKlass com/android/tools/r8/internal/F 1 1 57 1 8 1 1 7 1 7 1 100 1 1 1 1 1 1 12 10 1 7 12 10 12 9 12 9 1 1 1 1 1 1 12 10 12 10 1 100 10 1 1 1 1 12 10 1 1 1 1 100 10 1 1 1 1 1 1
ciInstanceKlass com/android/tools/r8/internal/dJ 1 1 32 1 8 1 1 7 1 7 1 1 1 1 1 1 1 12 10 12 9 1 1 1 7 12 10 12 9 1 1 1 1 1
staticfield com/android/tools/r8/internal/dJ e Lcom/android/tools/r8/internal/dJ; com/android/tools/r8/internal/dJ
ciInstanceKlass com/android/tools/r8/internal/cJ 1 1 32 1 8 1 1 7 1 7 1 1 1 1 1 1 12 9 1 12 10 1 1 12 9 1 1 1 100 10 1 1 1 1
ciInstanceKlass com/android/tools/r8/internal/YA 1 1 27 1 8 1 1 7 1 7 1 1 1 1 12 9 1 12 10 1 1 1 7 1 12 11 1 1 1
instanceKlass com/android/tools/r8/internal/yB
instanceKlass com/android/tools/r8/internal/wc0
ciInstanceKlass com/android/tools/r8/internal/iC 1 1 80 1 8 1 1 100 1 7 1 1 12 10 1 1 1 1 1 1 12 10 1 7 12 10 1 1 1 100 1 1 12 10 16 12 10 15 1 100 1 1 12 10 15 1 1 12 18 1 100 1 12 10 1 1 1 100 1 1 12 10 1 100 1 1 12 11 1 12 10 1 1 7 1 12 10 1 1 1 1 1
instanceKlass com/android/tools/r8/internal/Lp0
instanceKlass com/android/tools/r8/internal/n7
instanceKlass com/android/tools/r8/internal/C50
instanceKlass com/android/tools/r8/internal/yb0
ciInstanceKlass com/android/tools/r8/internal/sr0 1 1 339 1 8 1 1 7 1 7 1 1 1 1 1 16 1 12 10 15 1 16 1 100 1 1 12 10 15 1 1 12 18 12 10 1 1 1 1 12 10 1 7 1 12 10 1 1 1 1 1 12 10 1 12 10 1 1 7 1 1 12 10 1 7 1 12 10 12 10 12 9 1 12 10 1 100 1 1 12 10 1 7 12 10 1 1 12 10 1 12 10 1 7 1 12 10 1 10 1 1 1 1 1 1 1 1 1 7 1 12 10 12 10 1 12 10 1 100 1 1 12 10 1 1 7 1 1 12 9 12 10 1 1 1 1 1 7 1 1 7 1 1 7 1 1 7 1 1 7 1 1 7 1 1 7 1 1 7 1 12 10 1 7 1 1 1 1 12 10 1 12 10 1 1 1 1 1 1 1 100 1 1 12 10 12 10 10 1 1 1 12 9 1 1 1 12 9 1 1 12 9 1 1 12 9 1 1 1 12 9 1 1 12 9 1 1 1 12 9 1 1 1 12 9 1 1 1 100 1 12 9 1 1 1 12 9 1 1 1 12 9 1 1 1 100 1 12 9 1 1 12 9 1 1 12 10 1 100 1 1 12 11 1 100 1 12 11 1 1 12 11 1 1 1 12 10 1 12 10 1 1 12 9 12 10 1 12 10 1 7 12 9 1 12 9 1 7 1 12 9 1 12 10 1 12 10 1 100 1 12 10 1 1 7 1 12 10 12 10 12 10 12 10 12 10 12 10 12 10 12 10 1 12 10 1 1 1 1 1 1
staticfield com/android/tools/r8/internal/sr0 a Z 1
ciInstanceKlass com/android/tools/r8/internal/Dd 1 1 651 1 8 1 1 7 1 7 1 100 1 100 1 100 1 7 1 1 1 1 1 1 1 1 1 1 1 1 12 9 1 1 12 9 1 100 1 1 12 10 1 7 1 7 12 9 12 9 12 9 1 12 10 1 1 7 1 7 1 1 12 10 1 1 12 10 1 1 12 10 1 12 10 1 12 10 1 7 1 12 10 1 12 10 1 12 10 1 12 10 1 1 100 1 12 11 1 100 1 100 1 100 1 1 12 11 12 10 1 12 10 1 100 1 12 10 1 100 12 10 1 12 10 1 100 1 8 1 100 1 1 12 10 15 1 12 18 1 12 10 1 12 10 1 1 1 1 1 7 10 12 9 1 16 12 10 15 16 1 7 1 1 12 10 15 1 12 18 1 12 10 1 1 12 10 1 100 12 10 1 12 10 1 16 1 12 10 15 1 16 1 1 12 18 1 12 10 1 1 1 100 12 11 1 1 12 10 1 1 12 9 12 10 12 10 1 1 1 100 10 1 1 12 10 1 8 1 12 10 1 8 1 12 10 16 1 100 10 15 1 16 1 12 18 1 100 1 1 12 11 1 100 1 1 12 10 1 100 1 1 12 11 1 12 10 15 16 18 1 100 1 1 12 11 1 8 1 100 1 1 12 10 1 1 12 11 1 100 1 8 12 10 1 1 1 7 1 1 12 10 1 1 12 10 1 100 12 9 1 12 9 1 100 1 12 9 1 12 10 1 12 9 1 100 1 12 11 10 10 1 16 12 10 15 1 16 1 1 12 18 1 12 10 12 10 12 9 1 12 10 1 12 10 15 1 12 18 12 10 1 1 1 7 1 12 10 1 12 10 1 12 9 1 12 10 1 12 9 12 10 1 100 12 10 12 10 12 10 1 12 10 1 100 12 10 1 12 10 1 7 10 1 1 1 1 12 10 1 1 12 10 12 9 12 9 1 1 12 10 15 1 16 1 12 18 1 12 10 1 1 12 10 15 1 12 18 1 12 10 15 1 12 18 1 100 10 1 12 10 1 12 10 10 12 9 1 12 10 1 100 1 12 10 1 100 11 1 1 1 12 9 1 100 1 12 9 1 100 1 12 10 1 12 11 1 100 1 100 1 100 10 1 100 10 1 12 10 15 1 12 18 12 10 15 18 10 1 12 10 12 9 1 12 9 1 12 10 15 16 18 1 1 12 11 12 9 1 12 9 1 100 12 10 12 9 10 1 100 12 10 12 9 9 10 1 12 9 1 100 1 12 9 100 1 12 10 10 10 1 12 10 15 16 1 12 18 1 12 10 1 1 12 10 1 100 1 12 11 1 12 11 1 12 10 12 10 1 100 1 12 10 1 12 10 1 12 10 12 9 1 1 12 10 12 10 11 9 1 12 10 12 9 1 100 12 9 11 12 9 12 9 1 8 12 10 10 1 8 1 12 18 1 1 7 1 12 10 1 12 10 1 12 10 1 1 1 1 1 1 1 1
staticfield com/android/tools/r8/internal/Dd i Z 1
instanceKlass com/android/tools/r8/graph/g1
instanceKlass com/android/tools/r8/graph/j1
ciInstanceKlass com/android/tools/r8/graph/h1 1 1 131 1 8 1 1 7 1 1 7 1 100 1 100 1 1 1 1 1 1 1 1 1 12 10 12 9 12 9 12 9 1 1 1 100 1 1 12 11 1 1 1 1 1 1 1 1 1 1 1 1 12 10 1 7 1 12 10 1 1 1 1 1 1 12 10 1 1 1 1 1 1 1 1 12 10 1 7 1 12 10 1 1 12 10 1 1 1 16 12 10 15 1 16 1 100 1 1 12 10 15 1 1 12 18 12 10 15 1 16 18 12 10 1 1 1 1 1 1 1 1 1 12 10 1 1 1 1 1 1 1 1
ciInstanceKlass com/android/tools/r8/graph/j1 1 1 1317 1 8 1 1 7 1 1 7 1 100 1 7 1 7 1 7 1 1 7 1 100 1 1 100 1 100 1 1 100 1 1 100 1 100 1 100 1 100 1 100 1 100 1 1 100 1 1 100 1 100 1 100 1 1 1 1 1 1 1 1 1 1 1 1 1 1 1 1 1 1 1 1 1 1 1 1 1 1 1 1 1 1 1 1 1 1 12 9 12 9 1 100 1 12 10 1 12 10 1 100 1 12 10 1 1 12 10 1 7 1 12 10 1 100 1 1 12 9 1 100 1 1 12 10 1 8 1 100 1 1 12 10 15 1 12 18 1 100 1 12 10 1 8 1 12 9 1 12 9 1 12 10 1 8 1 12 10 1 12 9 1 8 1 12 9 1 1 12 9 1 100 1 12 10 1 100 1 12 10 1 12 10 1 12 10 1 100 1 12 10 1 100 1 12 10 1 1 12 10 1 1 12 10 1 100 1 12 10 1 100 1 100 1 100 1 100 1 12 10 1 12 10 1 12 10 10 1 12 10 1 100 1 12 10 1 12 10 1 12 10 1 12 10 1 100 1 12 10 1 12 10 1 12 10 1 12 10 1 12 10 1 12 10 1 12 10 1 12 10 1 1 12 9 1 7 1 12 9 1 100 1 12 10 1 12 10 1 100 12 10 1 100 1 12 10 1 100 1 12 10 1 100 1 100 1 12 9 1 12 10 1 100 10 1 100 1 12 10 1 1 12 9 1 12 10 1 100 10 1 100 1 12 10 1 12 10 1 1 100 1 12 10 1 16 1 12 10 15 1 16 1 100 1 1 12 10 15 1 1 12 18 12 10 15 18 1 12 10 1 1 12 10 12 10 12 10 1 12 10 1 7 1 12 10 1 7 12 10 15 1 16 1 12 18 1 12 10 12 9 12 9 1 1 12 10 1 100 1 1 12 10 1 100 1 12 11 1 100 1 12 10 12 9 1 100 1 12 9 12 9 1 100 1 1 12 10 1 12 9 1 12 10 1 12 9 1 12 10 1 1 12 10 1 12 10 1 100 12 9 12 9 12 9 12 11 1 100 1 12 10 1 1 100 12 10 12 9 9 12 9 1 100 1 1 12 10 1 12 10 1 12 9 1 1 12 9 1 1 1 1 16 12 10 15 12 18 1 1 1 12 10 1 12 10 1 1 1 1 1 12 10 1 1 12 10 1 1 1 7 1 12 10 1 12 9 1 1 1 12 10 12 9 1 7 12 9 1 1 100 10 12 10 10 10 1 8 1 12 18 12 10 1 8 18 1 1 100 1 1 12 11 1 12 10 1 12 10 1 100 1 100 1 12 10 1 12 9 12 9 1 1 12 10 1 1 12 10 1 1 7 12 10 1 12 10 1 1 12 10 1 12 10 1 12 10 12 10 1 12 10 12 10 1 12 10 1 1 12 10 1 12 10 1 1 1 12 10 1 1 12 10 1 1 1 12 9 1 7 1 12 9 1 1 100 1 1 12 10 1 100 1 7 1 12 10 1 100 1 8 1 12 18 1 12 10 1 100 1 100 12 10 1 12 10 12 10 1 100 1 12 10 12 10 1 100 1 12 11 12 10 1 12 10 12 10 12 10 12 10 1 1 12 9 1 7 1 12 9 12 9 12 9 12 9 12 9 12 9 12 9 1 1 1 12 10 1 12 10 12 9 1 10 1 1 100 1 12 10 1 1 1 12 10 1 12 10 9 1 12 10 1 12 10 1 12 10 1 12 10 12 9 1 1 1 12 9 1 1 1 7 1 7 1 12 11 12 11 1 1 12 10 1 1 100 1 12 10 1 12 10 1 100 1 8 10 1 12 9 100 1 12 10 12 10 1 1 12 10 1 8 10 1 1 100 1 12 10 1 1 12 10 1 7 1 12 10 1 1 7 1 1 12 10 1 12 9 12 9 12 9 1 1 12 10 16 1 12 10 15 1 16 1 12 18 1 12 10 12 10 15 18 1 12 10 1 12 10 1 12 10 15 1 16 1 12 18 1 12 10 12 10 12 9 1 12 10 1 12 10 1 12 10 1 1 12 10 12 10 15 18 12 10 1 1 8 1 100 1 12 9 1 12 10 1 100 1 1 1 1 12 9 1 1 12 9 1 1 7 12 9 12 10 1 12 11 1 1 1 7 1 12 11 1 7 1 1 12 10 12 10 12 10 1 12 10 12 9 10 1 1 12 9 12 10 1 1 10 1 12 10 1 100 1 1 12 10 1 1 1 1 12 10 1 1 12 10 12 10 15 1 16 1 12 18 1 12 10 1 1 12 10 12 9 12 9 1 7 1 12 10 1 7 15 1 16 1 12 18 1 100 1 12 10 15 1 16 18 15 1 16 18 1 12 10 15 16 18 1 12 10 15 16 18 12 10 16 15 1 16 1 1 12 18 1 12 10 12 10 15 18 12 10 15 18 12 10 15 1 16 18 1 16 1 12 10 15 16 1 12 18 1 16 1 12 10 15 16 1 12 18 1 12 10 12 10 12 10 1 12 11 1 12 10 1 12 10 1 100 1 12 11 1 12 11 1 8 1 12 18 1 100 1 12 10 1 12 11 11 1 100 11 1 12 10 1 1 12 10 1 100 1 12 10 1 100 1 12 9 1 12 10 12 10 1 12 10 12 10 12 9 1 12 9 1 1 100 12 10 1 12 10 1 12 10 12 10 12 9 12 9 1 12 10 1 12 10 1 12 10 10 1 12 10 12 9 12 9 1 12 10 12 9 12 9 1 1 12 10 1 1 12 10 15 18 12 10 1 12 10 12 10 1 100 1 12 9 1 100 1 12 11 1 100 12 9 12 11 1 1 7 1 12 10 12 9 1 12 10 12 9 1 7 1 12 9 1 7 1 12 9 12 10 12 9 1 7 12 10 1 1 12 10 12 10 12 10 12 10 10 10 1 1 12 10 15 18 12 10 15 1 12 18 1 12 10 12 10 1 1 1 1 1 1 1 1 1
staticfield com/android/tools/r8/graph/j1 u [Lcom/android/tools/r8/graph/j1; 0 [Lcom/android/tools/r8/graph/j1;
staticfield com/android/tools/r8/graph/j1 v Lcom/android/tools/r8/graph/j1; com/android/tools/r8/graph/j1
staticfield com/android/tools/r8/graph/j1 w Lcom/android/tools/r8/internal/wF; com/android/tools/r8/internal/wF
staticfield com/android/tools/r8/graph/j1 x Z 1
instanceKlass com/android/tools/r8/graph/F0
instanceKlass com/android/tools/r8/graph/H0
ciInstanceKlass com/android/tools/r8/graph/G0 1 1 140 1 8 1 1 7 1 1 7 1 100 1 1 1 1 1 1 1 1 12 10 12 9 12 9 1 12 9 1 100 10 1 7 1 7 1 1 12 9 1 1 12 10 1 1 7 1 1 12 10 1 1 1 100 1 12 10 1 1 1 1 1 1 12 10 1 1 12 10 1 1 1 1 1 1 12 10 1 100 1 12 10 1 1 12 10 1 1 1 12 9 1 1 1 7 1 12 10 1 12 10 1 1 1 100 1 8 1 12 10 1 1 1 8 1 1 1 12 10 1 1 1 1 1 1 1 1 100 1 8 1 1 12 10 1 1 1 8 1 1
staticfield com/android/tools/r8/graph/G0 d Z 1
instanceKlass com/android/tools/r8/graph/H4
instanceKlass com/android/tools/r8/graph/Q
instanceKlass com/android/tools/r8/graph/h3
ciInstanceKlass com/android/tools/r8/graph/g 1 1 231 1 8 1 1 7 1 1 7 1 100 1 100 1 1 1 1 1 1 1 1 1 1 12 10 12 10 1 100 1 1 12 10 1 7 1 100 1 1 12 11 1 1 12 11 1 100 1 1 12 11 1 100 1 8 1 1 12 10 1 12 10 1 1 12 10 1 12 10 1 1 12 10 1 1 1 16 12 10 15 1 100 1 1 12 10 15 12 18 1 1 12 9 12 9 1 1 12 10 1 12 10 1 12 10 1 1 1 1 1 1 12 10 1 1 12 9 1 100 10 1 12 10 1 12 10 1 1 1 1 1 1 1 1 1 1 1 12 10 1 1 12 10 1 1 12 10 1 1 16 15 1 12 18 15 18 15 18 12 10 15 18 12 10 15 18 12 10 15 18 1 12 10 12 9 1 1 100 1 1 12 11 1 10 1 16 1 12 10 15 16 1 1 12 18 1 100 1 12 10 12 10 15 18 1 1 7 1 12 10 1 8 1 8 1 8 1 8 1 8 1 8 1 1 1 1 1 1 1 1 1
staticfield com/android/tools/r8/graph/g d Lcom/android/tools/r8/internal/cB; com/android/tools/r8/internal/uc0
staticfield com/android/tools/r8/graph/g e Z 1
ciInstanceKlass java/util/LinkedHashMap$LinkedKeyIterator 1 1 45 9 7 12 1 1 1 10 7 12 1 1 1 10 12 1 1 10 7 12 1 1 1 100 1 1 1 1 1 1 1 1 1 1 1 1 1 1 1 100 1 1 1 1 1
instanceKlass java/lang/ArrayIndexOutOfBoundsException
ciInstanceKlass java/lang/IndexOutOfBoundsException 1 0 49 10 100 12 1 1 1 10 12 1 100 1 10 8 1 10 12 1 1 10 12 1 10 12 1 1 10 12 1 100 1 1 1 1 5 0 1 1 1 1 1 1 1 1 1 1 1 1 1
ciInstanceKlass java/lang/AssertionError 0 0 79 10 100 12 1 1 1 10 12 1 10 100 12 1 1 1 10 100 1 100 1 10 12 1 1 10 12 1 10 12 1 10 12 1 10 12 1 10 12 1 10 12 1 10 12 1 1 1 1 5 0 1 1 1 1 1 1 1 1 1 1 100 1 1 1 1 1 1 1 1 1 1 1 1 1 1 1 1 1
instanceKlass com/android/tools/r8/internal/JH
ciInstanceKlass java/lang/IllegalStateException 0 0 35 10 100 12 1 1 1 10 12 1 10 12 1 10 12 1 100 1 1 1 1 5 0 1 1 1 1 1 1 1 1 1 1 1 1
ciInstanceKlass java/util/NoSuchElementException 0 0 34 10 100 12 1 1 1 10 12 1 10 12 1 10 12 1 100 1 1 1 1 5 0 1 1 1 1 1 1 1 1 1 1 1
ciInstanceKlass java/util/ConcurrentModificationException 0 0 34 10 100 12 1 1 1 10 12 1 10 12 1 10 12 1 100 1 1 1 1 5 0 1 1 1 1 1 1 1 1 1 1 1
instanceKlass com/android/tools/r8/internal/T0
instanceKlass com/android/tools/r8/internal/IT
instanceKlass com/android/tools/r8/internal/FT
ciInstanceKlass com/android/tools/r8/internal/ij0 1 1 32 1 8 1 1 100 1 7 1 1 12 10 1 1 1 100 1 1 12 10 1 1 100 1 1 12 10 12 10 1 1 1
ciInstanceKlass com/android/tools/r8/utils/w 1 1 1722 1 8 1 1 7 1 7 1 100 1 100 1 7 1 100 1 100 1 7 1 7 1 7 1 7 1 100 1 7 1 7 1 100 1 7 1 7 1 7 1 7 1 7 1 7 1 7 1 100 1 100 1 100 1 7 1 7 1 7 1 1 1 1 1 1 1 1 1 1 1 1 1 1 1 1 1 1 100 1 100 1 100 1 100 1 100 1 1 1 1 1 1 1 1 1 1 1 1 1 1 1 1 1 1 1 1 1 1 1 1 1 1 1 1 1 1 1 1 1 1 1 1 1 1 1 1 1 1 1 1 1 1 1 1 1 1 1 1 1 1 1 1 1 1 1 1 1 1 1 1 1 1 1 1 1 1 1 1 1 1 1 1 1 1 1 1 1 1 1 1 1 1 1 1 1 1 1 1 1 1 1 1 1 1 1 1 1 1 1 1 1 1 1 1 1 1 1 1 1 1 1 1 1 1 1 1 1 1 1 1 1 1 1 1 1 1 1 1 1 1 1 1 1 1 1 1 1 1 1 1 1 1 1 1 1 1 1 1 1 1 1 1 1 1 1 1 1 1 1 1 1 1 1 1 1 1 1 1 1 1 1 1 1 1 1 1 1 1 1 1 1 1 1 1 1 1 1 1 1 1 1 1 1 1 1 1 1 1 1 1 1 1 1 1 1 1 1 1 7 1 1 12 11 1 16 1 12 10 15 1 16 1 7 1 1 12 10 15 1 1 12 18 12 9 1 12 9 12 10 12 10 12 9 12 9 1 7 12 9 1 1 12 10 1 100 1 1 12 10 1 12 10 1 7 1 12 11 1 12 11 1 12 10 1 7 1 12 10 12 9 12 9 1 1 12 9 12 9 1 7 1 12 10 1 12 9 1 12 9 1 7 1 12 10 1 7 1 12 11 12 9 12 9 12 9 12 9 12 9 12 9 12 9 12 9 12 9 12 9 12 9 12 9 12 10 12 9 12 10 12 9 1 7 10 1 12 9 12 9 1 1 12 9 1 12 10 1 8 1 12 10 12 9 1 100 1 1 12 9 1 12 9 12 9 1 12 9 1 8 1 100 1 12 9 1 100 1 12 10 1 1 12 10 1 100 1 12 10 1 12 10 12 9 1 100 1 12 9 12 9 1 8 1 100 1 12 10 12 9 1 8 1 100 1 1 12 10 1 1 12 10 1 100 1 12 10 1 1 12 10 12 9 1 12 10 1 12 10 1 12 9 1 100 12 10 1 7 1 8 1 100 1 100 10 1 12 9 1 100 1 12 9 1 100 1 12 10 1 100 1 12 10 1 100 1 12 10 1 100 1 12 9 12 10 1 8 12 9 12 9 1 8 1 8 1 8 12 9 1 8 1 1 12 9 1 12 9 1 1 7 1 7 1 12 9 1 100 1 100 12 9 12 9 1 100 1 8 10 9 12 10 12 10 12 10 1 100 12 10 1 1 12 9 1 1 12 11 12 9 1 100 11 12 9 1 100 12 9 1 1 12 10 1 100 1 12 11 1 1 12 11 1 100 1 1 12 10 1 1 12 11 12 9 1 100 12 11 12 9 12 10 12 9 1 12 10 12 9 12 10 12 9 12 10 1 12 10 1 12 9 1 10 1 12 10 12 10 1 12 10 1 100 12 9 12 9 1 12 9 1 1 12 9 1 1 1 12 9 1 12 9 1 1 12 9 1 12 9 1 12 9 1 12 9 1 12 9 1 12 9 1 12 9 1 12 9 1 12 9 1 12 9 1 12 9 1 12 9 1 100 10 12 9 1 1 100 10 1 1 12 10 1 16 1 100 1 12 11 15 1 16 1 1 12 18 1 100 1 12 10 1 100 1 12 9 1 100 1 12 10 1 12 10 1 100 1 100 1 12 10 1 100 1 12 10 1 1 12 10 1 100 1 100 1 12 10 12 10 1 100 1 12 9 12 10 1 100 1 12 10 1 100 1 1 12 9 1 100 1 12 10 1 100 10 12 9 10 1 8 1 8 1 7 1 1 12 10 1 8 12 10 1 100 12 10 1 8 1 100 1 1 12 10 15 12 18 12 9 1 1 100 1 8 1 100 12 10 1 100 12 11 12 10 1 1 12 10 1 7 11 1 12 9 1 7 10 1 7 10 1 100 1 12 10 1 100 1 12 9 1 100 11 1 100 12 10 1 100 1 1 12 10 16 1 12 10 15 16 1 1 12 18 1 100 1 12 10 1 100 1 12 10 1 12 10 1 1 12 10 1 1 12 10 12 9 1 12 10 15 16 1 12 18 1 7 1 1 12 10 1 7 11 1 1 12 10 12 9 12 10 15 18 1 12 9 12 9 1 100 1 12 9 12 10 15 18 1 12 10 12 10 1 100 1 100 1 8 1 12 10 12 9 1 12 11 1 12 10 1 100 12 10 1 12 11 12 9 12 9 12 9 12 9 1 7 1 12 9 12 9 12 9 12 9 12 10 12 9 12 9 1 100 1 12 11 12 9 1 7 12 9 12 10 1 1 7 12 9 12 9 12 11 12 9 12 9 12 9 12 10 12 9 10 1 100 1 8 10 1 12 10 1 100 10 1 12 10 10 1 100 1 100 1 8 10 10 11 1 8 1 1 12 10 1 12 9 1 12 10 1 8 12 9 1 12 10 1 8 12 9 10 1 12 10 1 1 12 10 1 100 11 1 8 1 8 1 8 1 12 18 1 8 1 100 12 10 1 8 1 8 1 8 1 12 9 12 9 12 9 1 8 12 10 12 9 12 9 12 9 10 1 7 1 12 10 12 9 12 9 12 9 12 9 1 12 9 1 7 1 1 12 10 12 9 12 9 12 9 12 9 12 9 12 9 1 8 12 10 12 9 1 8 12 9 1 8 1 8 1 12 10 12 9 12 9 12 9 1 8 1 7 9 1 7 1 12 10 1 8 1 12 10 12 9 12 9 1 8 12 9 12 9 12 9 12 9 12 9 12 9 12 9 12 9 12 9 1 16 1 12 10 15 16 1 1 12 18 12 9 12 9 12 9 1 8 12 9 12 9 1 7 1 1 12 10 12 9 12 9 12 9 12 9 12 9 10 12 9 12 9 12 9 12 9 12 9 12 9 12 9 1 8 12 9 12 9 12 9 1 8 1 8 1 8 1 8 1 8 12 9 1 8 12 9 1 7 1 12 10 1 12 10 12 9 12 10 12 9 1 7 1 12 9 12 10 12 9 12 9 1 8 12 9 1 8 12 9 12 9 12 9 12 9 12 9 12 9 12 9 12 9 12 9 12 9 12 9 12 9 12 9 12 9 12 9 12 9 12 9 12 9 1 7 1 12 10 10 10 10 10 10 1 7 10 1 7 10 10 10 10 10 1 7 10 10 12 9 10 10 10 1 7 10 1 7 10 10 12 9 12 9 10 12 9 12 9 12 9 12 9 12 9 1 12 10 12 9 12 9 12 9 12 9 12 9 12 9 1 7 12 10 12 9 10 10 1 7 10 1 12 10 1 12 9 12 10 9 12 9 9 12 10 9 9 9 9 9 1 1 12 10 12 10 12 9 1 8 18 1 10 1 100 12 9 16 15 1 16 1 12 18 1 16 18 1 16 18 1 12 10 9 1 8 12 10 15 1 16 18 1 12 10 1 8 12 9 10 12 10 15 1 16 18 1 8 1 16 18 1 8 1 8 1 8 1 16 18 1 8 1 100 1 12 10 1 1 1 7 1 12 10 1 8 12 9 12 9 12 9 1 12 10 1 7 1 12 9 9 12 9 1 1 100 1 100 1 1 12 9 12 10 1 12 10 1 8 1 7 9 1 100 10 1 12 10 15 16 1 12 18 1 12 10 12 10 1 7 1 12 9 1 8 1 12 10 15 1 16 1 12 18 10 1 1 1 1 1 1 1 1 1
staticfield com/android/tools/r8/utils/w b2 Z 0
staticfield com/android/tools/r8/utils/w c2 Lcom/android/tools/r8/internal/pb; com/android/tools/r8/internal/pb
staticfield com/android/tools/r8/utils/w d2 I 41
staticfield com/android/tools/r8/utils/w e2 Z 1
ciInstanceKlass com/android/tools/r8/graph/D5 1 1 411 1 8 1 1 7 1 1 7 1 100 1 100 1 100 1 1 7 1 7 1 1 1 1 1 1 1 12 10 1 12 10 1 1 7 1 1 12 10 1 7 1 1 12 10 1 1 12 10 1 7 1 12 10 1 100 1 1 1 7 1 1 12 10 1 100 1 1 12 10 1 1 12 10 1 100 1 12 10 1 12 10 1 1 12 10 1 100 12 10 1 100 1 12 10 1 12 10 1 12 10 1 1 12 10 1 100 1 1 12 10 1 100 1 1 12 9 1 100 1 1 12 11 10 1 12 10 1 12 10 1 12 10 1 12 9 1 100 12 9 1 100 1 12 9 1 12 9 1 1 12 10 1 1 12 9 1 100 1 12 10 1 1 12 10 1 100 12 11 1 100 1 12 10 1 12 10 1 12 10 12 10 12 10 12 10 1 100 12 11 1 12 10 12 10 1 12 10 1 12 10 1 12 10 12 10 12 10 1 12 10 12 10 1 12 10 1 12 10 1 12 10 12 10 1 12 9 1 12 10 1 100 1 12 9 1 12 10 1 100 1 12 9 1 12 10 1 100 12 10 1 12 10 1 100 1 12 10 12 10 1 100 1 12 10 1 12 10 1 12 10 1 100 1 1 12 10 1 1 12 10 1 1 12 10 1 100 1 12 10 1 100 12 9 1 100 1 100 12 10 1 1 12 10 1 1 1 12 9 12 9 1 7 1 12 10 1 12 10 1 1 1 1 100 1 12 10 1 1 12 9 1 12 10 1 12 9 1 100 1 12 10 1 12 9 1 12 9 1 12 10 1 12 10 1 1 1 1 1 1 1 1 1 1 1 12 9 1 1 10 1 1 12 10 1 1 1 1 1 1 7 1 12 10 1 1 100 1 12 10 1 12 10 12 9 1 100 1 12 11 1 12 10 1 1 1 1 1 1 1 1
staticfield com/android/tools/r8/graph/D5 f Z 1
instanceKlass com/android/tools/r8/graph/j
ciInstanceKlass com/android/tools/r8/graph/h 1 1 296 1 8 1 1 7 1 7 1 7 1 100 1 7 1 1 1 1 1 1 1 1 1 1 1 1 1 12 9 1 1 12 10 1 100 1 1 12 10 1 100 1 100 12 10 12 9 1 12 10 1 12 10 1 8 1 12 10 1 1 12 10 1 7 1 12 9 1 12 9 1 12 9 1 12 9 1 12 9 1 12 10 1 12 10 1 100 1 12 10 1 12 10 12 10 1 9 12 9 1 7 10 1 12 10 1 1 1 7 1 12 9 1 1 1 12 9 12 10 1 12 9 12 9 1 1 12 10 12 10 1 1 7 1 1 12 10 16 12 11 15 16 1 7 1 1 12 10 15 1 1 12 18 1 12 10 1 1 1 12 10 1 7 1 1 12 11 1 1 1 7 1 12 10 12 10 1 100 1 1 12 9 1 100 1 12 9 1 1 12 10 1 12 10 1 100 1 12 11 1 100 1 12 10 1 100 1 1 12 11 1 100 1 1 12 11 1 100 1 12 11 1 1 12 11 1 1 1 1 1 1 1 1 7 1 12 10 12 9 1 7 1 12 9 1 100 1 7 1 1 12 10 1 12 10 1 12 10 1 7 1 12 9 12 10 1 12 10 1 12 10 1 1 1 7 9 1 12 10 10 12 9 1 1 7 1 12 10 1 1 1 1 1 1 1 1
staticfield com/android/tools/r8/graph/h f Z 1
ciInstanceKlass com/android/tools/r8/utils/w$q 1 1 594 1 8 1 1 7 1 7 1 7 1 1 7 1 1 7 1 1 100 1 100 1 1 1 1 1 1 1 1 1 1 1 1 1 1 1 1 1 1 1 1 1 1 1 1 1 1 1 1 1 1 1 1 1 1 1 1 1 1 1 1 1 1 1 1 1 1 1 1 1 1 1 1 1 1 1 1 1 1 1 1 1 1 1 1 1 1 1 1 1 1 1 1 1 1 1 1 1 1 1 1 1 1 1 1 1 1 1 1 1 1 1 1 1 1 1 1 1 1 1 1 1 1 1 1 1 1 1 1 1 1 1 1 1 1 1 1 1 1 1 1 1 1 1 1 1 1 1 1 1 1 1 1 1 1 1 1 1 1 1 1 12 10 1 8 1 7 1 1 12 10 12 9 12 9 12 9 12 9 12 9 12 9 12 9 12 9 12 9 12 9 12 9 12 9 12 9 1 8 12 9 1 8 12 9 1 8 12 9 12 9 12 9 1 8 12 9 1 7 10 12 9 1 7 1 12 9 12 9 12 9 1 12 10 1 12 9 1 100 1 12 9 1 7 1 12 9 1 100 12 9 1 16 1 12 10 15 16 1 7 1 1 12 10 15 1 1 12 18 12 9 12 9 12 9 1 16 1 7 1 12 10 15 1 16 1 12 18 12 9 1 7 1 12 10 12 9 1 7 1 12 11 12 9 1 16 1 12 10 15 16 1 12 18 12 9 12 9 12 9 12 9 12 9 1 16 1 12 10 15 16 1 1 12 18 12 9 12 9 12 9 1 8 1 7 1 12 10 12 9 12 9 12 9 12 9 12 9 1 7 1 12 10 1 8 12 9 12 9 12 9 12 9 12 9 12 9 12 9 12 9 1 8 12 9 12 9 12 9 1 8 12 9 12 9 12 9 12 9 12 9 1 8 12 9 12 9 12 9 12 9 12 9 12 9 12 9 1 8 1 100 1 1 12 10 3 12 9 12 9 12 9 12 9 12 9 12 9 12 9 12 9 1 8 12 9 12 9 1 8 12 9 12 9 12 9 12 9 12 9 1 8 12 9 12 9 1 8 12 9 1 8 12 9 12 9 1 7 10 12 9 1 8 12 9 1 8 12 9 1 8 12 9 12 9 12 9 12 9 12 9 12 9 12 9 12 9 12 9 12 9 12 9 12 9 10 12 9 12 9 12 9 10 12 9 12 10 12 9 12 9 12 9 12 9 1 1 7 1 12 10 12 9 1 1 100 12 10 12 10 1 100 10 1 1 1 1 8 1 100 1 100 1 1 12 10 1 100 1 12 10 12 10 12 10 1 1 100 12 11 1 1 1 1 1 1 1 1 1 1 1 1 1 1
staticfield com/android/tools/r8/utils/w$q e1 Z 1
ciInstanceKlass com/android/tools/r8/graph/y 1 1 1400 1 8 1 1 7 1 1 7 1 100 1 100 1 100 1 100 1 100 1 100 1 100 1 100 1 100 1 100 1 100 1 100 1 100 1 100 1 100 1 100 1 1 100 1 7 1 1 100 1 1 100 1 1 100 1 1 1 1 1 1 1 1 1 1 1 1 1 1 1 1 1 1 1 1 1 1 1 1 1 1 1 1 1 1 1 1 1 1 1 1 1 1 1 1 1 1 1 1 1 1 1 1 1 1 1 1 1 1 1 1 1 1 1 1 1 1 1 1 1 1 1 1 1 1 1 1 1 1 1 1 1 1 1 1 1 1 1 1 1 1 1 1 1 1 100 1 12 11 1 12 10 1 1 1 12 11 1 12 10 1 1 1 12 11 1 12 10 1 100 1 12 10 1 12 9 1 12 10 1 7 1 12 10 1 1 12 10 1 1 12 10 1 12 10 1 1 12 10 12 10 1 100 1 12 10 1 1 12 10 1 12 9 1 12 10 1 12 9 1 100 1 8 1 12 10 1 100 1 1 12 10 12 9 12 9 12 9 12 9 12 9 1 100 1 12 10 1 1 7 1 12 10 1 1 7 1 12 10 1 1 12 10 1 7 1 12 10 1 1 7 1 12 10 1 12 9 12 9 1 100 1 1 12 11 1 12 9 1 1 12 10 1 7 12 10 1 1 1 1 12 9 12 9 12 10 1 100 1 12 10 1 12 10 12 10 1 100 1 12 10 12 9 1 7 12 9 1 12 10 1 1 1 12 9 1 100 12 10 12 10 12 9 12 9 1 1 1 1 8 1 7 12 10 1 100 12 10 10 1 12 10 1 100 1 12 10 12 10 1 12 10 1 7 12 10 1 100 1 12 10 1 12 9 1 1 1 12 9 1 1 12 9 1 1 12 9 12 9 1 100 1 12 10 12 9 1 100 1 12 11 1 12 10 10 1 10 1 1 12 10 1 100 10 9 12 9 1 100 10 12 9 1 12 9 1 7 1 1 12 10 12 9 1 7 12 9 1 12 10 9 1 12 10 12 9 1 8 1 12 10 1 12 10 1 12 9 1 100 1 12 11 1 12 9 12 9 1 12 9 1 12 9 1 12 9 12 9 12 9 1 1 12 10 12 9 1 12 10 12 9 12 10 1 1 1 1 12 9 1 12 9 1 1 1 12 9 1 1 1 12 11 1 16 12 10 15 1 16 1 7 1 1 12 10 15 1 1 12 18 12 10 15 1 16 18 12 10 15 1 16 18 1 100 1 12 10 1 100 1 1 100 1 100 1 12 10 1 100 1 100 1 12 10 1 12 10 1 100 1 100 10 1 12 10 1 12 9 1 1 1 100 10 12 9 1 7 1 12 9 1 100 1 12 11 1 12 9 1 100 1 12 10 12 9 1 12 10 1 12 9 1 100 1 12 11 1 1 12 9 12 9 1 12 10 1 100 1 100 1 12 9 1 12 10 1 12 9 1 1 1 12 10 1 7 1 12 10 1 7 1 12 9 1 12 9 12 9 1 1 12 9 1 12 9 1 100 12 9 1 100 1 1 12 10 1 12 9 1 100 11 1 1 100 12 10 1 12 9 1 100 1 8 1 12 10 12 10 1 12 10 1 12 10 1 8 1 100 1 12 10 1 100 1 12 9 1 100 1 1 12 11 1 1 12 11 1 100 1 100 1 12 11 1 1 12 11 1 100 12 9 1 12 11 1 12 11 1 100 1 12 10 1 100 11 1 100 1 12 10 1 12 10 1 1 12 11 1 100 1 12 10 1 12 10 11 12 9 1 12 10 12 10 1 100 1 12 10 1 100 1 12 10 12 9 1 8 1 100 12 10 1 100 12 9 11 1 12 10 1 12 9 1 100 1 12 10 1 100 1 12 10 1 100 1 12 10 1 7 1 12 10 12 10 1 1 100 12 9 1 12 10 12 10 1 1 12 10 9 12 9 1 100 1 100 1 1 12 10 1 100 12 10 1 12 10 1 100 1 12 10 12 9 1 12 9 1 100 1 12 11 1 100 1 12 10 1 1 1 12 9 1 100 12 11 12 9 12 10 12 10 1 8 1 100 1 1 12 10 15 1 12 18 12 10 1 8 18 12 10 1 100 1 12 10 1 12 10 16 1 12 10 15 16 1 12 18 1 100 1 1 12 11 1 1 100 12 9 1 1 12 10 12 10 1 12 10 1 12 10 1 12 10 1 1 1 1 100 1 12 10 1 12 10 1 1 12 9 1 100 9 12 10 1 12 9 1 12 10 1 100 1 12 11 1 12 10 1 12 10 1 1 8 1 100 1 100 16 12 10 15 1 16 1 12 18 12 10 1 12 10 1 12 10 1 12 10 1 12 10 1 1 1 12 10 1 100 12 10 1 12 10 1 12 10 15 1 16 1 12 18 1 12 10 1 100 1 12 10 1 12 9 1 12 10 1 12 10 15 16 18 12 10 12 10 1 8 1 100 1 12 10 1 12 10 1 100 1 12 9 1 12 10 1 12 10 10 1 12 10 10 10 10 10 10 10 10 10 1 100 1 100 1 12 10 1 12 10 1 100 1 100 11 1 100 1 12 10 12 10 1 100 9 1 100 1 1 12 10 1 1 12 10 1 12 10 1 12 10 12 10 11 1 1 7 1 12 10 10 1 7 10 1 12 10 12 9 1 7 12 10 1 7 12 9 12 9 1 7 10 12 9 1 7 10 12 9 12 9 1 7 1 12 9 1 7 10 1 12 10 9 1 7 1 12 9 1 7 12 9 1 7 1 12 9 1 7 10 12 9 12 9 12 9 1 100 16 12 10 15 16 1 12 18 1 8 1 12 10 1 7 10 1 7 10 12 9 1 100 10 12 9 1 100 10 12 9 12 10 15 16 18 1 8 1 7 1 12 10 15 16 1 12 18 1 8 12 9 12 9 1 8 1 12 10 9 1 12 10 9 1 100 10 1 12 10 1 100 1 12 10 12 10 15 16 18 1 8 12 10 15 16 1 12 18 1 8 12 10 15 16 18 1 8 12 10 15 16 18 1 8 12 10 15 16 18 1 8 1 7 12 9 1 1 100 1 8 1 100 12 9 1 12 9 11 1 12 10 1 12 10 10 12 9 1 8 12 10 12 10 16 12 10 15 1 12 18 1 100 11 1 1 1 1 1 1 1 1 1 1
staticfield com/android/tools/r8/graph/y X Z 1
ciInstanceKlass com/android/tools/r8/internal/QR 1 1 263 1 8 1 1 7 1 100 1 100 1 1 100 1 100 1 1 1 1 1 7 1 1 12 10 1 16 1 12 10 15 1 7 1 1 12 10 15 1 1 12 18 1 7 1 1 12 11 1 1 1 7 1 1 12 11 1 12 10 1 12 10 15 1 12 18 11 1 1 1 1 12 11 1 11 1 7 1 1 12 11 1 1 1 1 7 1 1 12 11 1 12 10 1 1 1 1 12 11 1 7 1 1 12 11 1 1 12 11 1 1 16 1 12 10 15 1 12 18 1 12 10 1 100 12 11 1 1 15 1 12 18 1 7 11 1 1 100 1 1 12 10 1 100 1 12 10 15 1 12 18 1 12 10 1 1 1 1 1 1 12 11 1 1 100 1 12 10 1 1 12 11 1 1 7 1 12 10 12 9 11 1 1 1 12 11 1 100 1 12 11 1 1 12 11 1 100 1 12 9 1 100 10 16 12 10 15 1 16 1 12 18 1 1 12 11 1 1 12 10 1 100 1 12 11 1 100 1 100 11 1 1 100 1 12 10 1 1 12 10 1 1 12 10 1 11 1 10 10 1 1 100 1 12 11 1 1 1 1 1 1 1 1
staticfield com/android/tools/r8/internal/QR a Z 1
ciInstanceKlass com/android/tools/r8/internal/gI 1 1 21 1 8 1 1 100 1 100 1 1 5 0 3 5 0 3 1 1 1 1 1
ciInstanceKlass com/android/tools/r8/graph/H4 1 1 161 1 8 1 1 7 1 1 7 1 100 1 1 1 1 1 12 10 1 12 10 1 12 10 1 1 1 1 12 9 3 1 1 1 1 1 12 10 1 1 1 1 1 12 10 1 1 1 1 1 1 12 10 1 3 1 1 1 1 1 1 100 1 12 10 1 12 9 1 12 10 1 8 1 12 10 1 8 1 8 1 8 1 8 1 8 12 10 12 10 16 12 10 15 1 100 1 1 12 10 15 1 1 12 18 12 10 15 18 12 10 15 18 12 10 15 18 12 10 15 18 12 10 15 18 1 12 10 1 1 12 10 12 9 1 100 12 10 12 10 1 1 10 1 1 3 3 1 1 7 1 12 10 1 1 1 1 1 1 1 1
staticfield com/android/tools/r8/graph/H4 f Z 1
ciInstanceKlass java/util/LinkedList$ListItr 1 1 133 9 7 12 1 1 1 10 7 12 1 1 1 9 7 12 1 1 1 9 12 1 9 12 1 10 12 1 1 9 12 1 1 9 12 1 10 12 1 10 12 1 1 100 1 10 9 12 1 9 7 1 9 12 1 1 10 12 1 9 12 1 9 12 1 100 1 10 10 12 1 1 10 12 1 1 10 12 1 1 10 100 12 1 1 1 11 100 12 1 1 100 1 10 100 1 1 1 1 1 1 1 1 1 1 1 1 1 1 1 1 1 1 1 1 1 1 1 1 1 1 1 1 1 1 1 1 1 1 1 1 1 1
ciInstanceKlass java/util/BitSet 1 1 417 7 1 9 12 1 1 9 12 1 1 9 12 1 1 100 1 10 12 1 1 10 7 1 9 12 1 10 12 1 1 100 1 100 1 10 8 1 10 12 1 1 10 12 1 10 12 1 1 10 12 1 10 12 1 1 10 12 1 10 100 12 1 1 1 10 12 1 10 100 12 1 1 1 10 12 1 1 10 12 1 1 10 12 1 10 100 12 1 1 1 10 12 1 1 10 12 1 9 100 12 1 1 1 10 12 1 1 10 10 12 1 10 12 1 1 10 12 1 1 10 12 1 5 0 10 12 1 1 10 12 1 1 10 100 12 1 1 1 10 12 1 100 1 8 1 10 8 1 8 1 8 1 8 1 10 12 1 10 12 1 10 12 1 1 5 0 10 12 1 10 12 1 10 12 10 12 10 12 1 10 12 10 100 12 1 1 1 8 1 10 12 1 10 12 1 10 12 1 10 100 12 1 1 1 5 0 10 12 1 10 12 1 1 10 7 100 1 100 1 10 12 1 10 100 12 1 1 1 8 1 10 100 12 1 1 10 12 1 10 100 12 1 1 1 10 100 12 1 1 100 1 3 10 12 1 3 10 10 12 1 10 12 1 10 12 1 8 1 100 1 10 12 1 10 100 12 1 1 1 10 7 12 1 1 1 7 1 10 12 1 9 12 1 1 100 1 100 1 1 1 3 1 3 1 3 1 1 1 5 0 1 1 1 1 1 1 1 1 1 1 1 1 1 1 1 1 1 1 1 1 1 1 1 1 1 100 1 1 1 1 1 1 1 1 1 1 1 1 1 1 1 1 1 1 1 1 1 1 1 1 1 1 1 1 1 1 1 1 1 1 1 1 1 1 1 1 1 1 1 1 1 1 1 1 1 1 100 1 1 1 1 1 100 1 1 1 1 1 1 1 1 1 1 1 1 1 1 1 1 1 1 100 1 100 1 1
staticfield java/util/BitSet serialPersistentFields [Ljava/io/ObjectStreamField; 1 [Ljava/io/ObjectStreamField;
staticfield java/util/BitSet $assertionsDisabled Z 1
ciInstanceKlass java/util/PriorityQueue 1 1 391 7 1 10 12 1 1 10 7 12 1 1 100 1 10 7 1 9 12 1 1 9 12 1 1 100 1 11 12 1 10 12 1 1 10 10 12 1 1 10 12 1 10 12 1 1 10 12 1 1 10 12 1 1 10 12 1 1 9 12 1 11 100 1 100 1 100 10 7 12 1 1 1 100 1 10 10 12 1 10 7 12 1 1 1 10 12 1 10 12 1 1 9 12 1 10 12 1 1 10 12 1 1 10 12 1 10 12 1 1 10 12 1 1 10 100 12 1 1 1 100 1 10 12 10 12 1 1 10 12 1 1 10 12 1 10 12 1 1 10 12 1 1 7 1 11 12 1 11 7 12 1 1 1 10 100 12 1 1 10 100 12 1 1 1 10 12 1 10 12 1 1 10 100 12 1 1 10 12 1 10 100 12 1 1 1 11 100 12 1 1 1 10 12 1 1 100 1 10 12 1 10 100 12 1 1 1 10 12 1 1 18 12 1 1 18 11 100 12 1 100 1 10 10 12 1 1 10 12 1 1 10 12 1 1 11 100 12 1 1 11 12 1 100 1 1 1 1 5 0 1 3 1 1 1 1 1 1 1 1 1 1 1 1 1 1 1 1 1 1 1 1 1 1 1 1 1 1 1 1 1 1 1 1 1 1 1 1 1 1 1 1 1 1 1 1 1 1 1 1 1 1 1 1 1 1 1 1 1 1 1 1 1 1 1 1 1 1 1 1 1 1 1 1 1 1 1 1 100 1 1 1 100 1 1 1 1 1 1 1 1 1 1 1 1 1 1 1 1 1 1 1 1 1 100 1 1 1 1 1 1 1 1 1 1 1 1 1 1 15 10 100 12 1 1 1 16 15 10 12 15 10 12 1 1 1 100 1 100 1 1
ciInstanceKlass java/util/AbstractList$SubList 1 1 164 10 7 12 1 1 1 9 7 12 1 1 1 9 12 1 1 9 12 1 1 9 12 1 9 12 1 9 10 100 12 1 1 1 10 12 1 10 12 1 1 10 12 1 1 10 12 1 1 10 12 1 1 10 12 1 10 12 1 10 12 1 1 10 12 1 1 11 100 12 1 1 10 10 12 1 1 7 1 10 12 1 10 12 1 1 10 12 1 100 1 10 12 1 1 10 12 1 100 1 10 8 1 10 12 1 1 10 12 1 8 1 10 12 1 1 100 1 10 1 1 1 1 1 1 1 1 1 1 1 1 1 1 1 1 1 1 1 1 1 1 1 1 1 1 1 1 1 1 1 1 1 1 1 1 1 1 1 1 1 1 1 1 1
ciInstanceKlass com/android/tools/r8/internal/dH 1 1 39 1 8 1 1 7 1 7 1 1 1 1 12 10 1 10 12 9 1 1 1 8 1 1 8 1 1 8 1 1 1 7 1 1 12 10 1 1 1
staticfield com/android/tools/r8/internal/dH d Lcom/android/tools/r8/internal/dH; com/android/tools/r8/internal/dH
ciInstanceKlass com/android/tools/r8/internal/ts 1 1 39 1 8 1 1 7 1 7 1 1 1 1 12 10 1 10 12 9 1 1 1 8 1 1 8 1 1 8 1 1 1 7 1 1 12 10 1 1 1
staticfield com/android/tools/r8/internal/ts d Lcom/android/tools/r8/internal/ts; com/android/tools/r8/internal/ts
ciInstanceKlass com/android/tools/r8/internal/MS 1 1 39 1 8 1 1 7 1 7 1 1 1 1 12 10 1 10 12 9 1 1 1 8 1 1 8 1 1 8 1 1 1 7 1 1 12 10 1 1 1
staticfield com/android/tools/r8/internal/MS d Lcom/android/tools/r8/internal/MS; com/android/tools/r8/internal/MS
ciInstanceKlass com/android/tools/r8/internal/Hw 1 1 39 1 8 1 1 7 1 7 1 1 1 1 12 10 1 10 12 9 1 1 1 8 1 1 8 1 1 8 1 1 1 7 1 1 12 10 1 1 1
staticfield com/android/tools/r8/internal/Hw d Lcom/android/tools/r8/internal/Hw; com/android/tools/r8/internal/Hw
instanceKlass com/android/tools/r8/internal/FX
instanceKlass com/android/tools/r8/internal/ui
instanceKlass com/android/tools/r8/internal/i2
instanceKlass com/android/tools/r8/internal/h2
instanceKlass com/android/tools/r8/internal/nC
instanceKlass com/android/tools/r8/internal/v40
instanceKlass com/android/tools/r8/internal/qW
instanceKlass com/android/tools/r8/internal/wi
instanceKlass com/android/tools/r8/internal/P90
instanceKlass com/android/tools/r8/internal/Ns0
instanceKlass com/android/tools/r8/internal/pW
instanceKlass com/android/tools/r8/internal/Qb
instanceKlass com/android/tools/r8/internal/A4
instanceKlass com/android/tools/r8/internal/j6
instanceKlass com/android/tools/r8/internal/d3
instanceKlass com/android/tools/r8/internal/G3
instanceKlass com/android/tools/r8/internal/M3
instanceKlass com/android/tools/r8/internal/lW
instanceKlass com/android/tools/r8/internal/gD
instanceKlass com/android/tools/r8/internal/ri
instanceKlass com/android/tools/r8/internal/CX
instanceKlass com/android/tools/r8/internal/OJ
instanceKlass com/android/tools/r8/internal/HX
instanceKlass com/android/tools/r8/internal/sv
instanceKlass com/android/tools/r8/internal/Ng
instanceKlass com/android/tools/r8/internal/mI
ciInstanceKlass com/android/tools/r8/internal/rD 1 1 906 1 8 1 1 7 1 7 1 100 1 100 1 100 1 100 1 7 1 100 1 100 1 100 1 100 1 100 1 100 1 100 1 1 1 1 1 1 1 1 1 1 1 1 1 1 1 1 1 1 1 12 9 12 9 1 100 1 1 12 10 1 1 100 1 1 1 12 10 1 7 1 12 9 1 12 10 12 10 1 1 1 8 1 12 10 1 100 1 12 9 1 7 1 1 12 10 1 7 1 1 12 10 1 1 1 1 1 12 10 1 12 10 1 12 9 1 7 10 1 12 9 1 16 1 12 10 15 1 16 1 7 1 1 12 10 15 1 1 12 18 1 12 10 1 1 12 10 1 7 1 7 1 12 11 1 1 12 11 12 11 1 12 9 1 12 10 12 10 12 10 1 12 10 1 1 12 9 1 1 100 1 12 10 1 1 12 10 1 1 12 9 1 100 1 12 10 12 10 1 1 12 10 1 100 1 12 10 1 7 1 12 9 1 1 12 10 1 1 1 12 10 1 1 1 1 1 12 10 1 1 12 10 1 7 1 12 10 11 1 1 1 12 10 1 8 1 100 1 1 12 10 15 1 12 18 1 12 10 12 9 11 1 12 10 11 1 12 9 1 7 12 9 1 12 9 1 12 11 1 12 10 1 12 9 1 1 100 1 1 1 7 1 12 10 1 100 10 12 10 1 1 12 10 1 12 10 1 8 1 12 10 1 8 1 12 10 1 12 9 1 8 1 12 10 10 1 12 9 1 1 1 7 12 10 1 12 11 1 7 1 12 11 1 12 10 1 12 10 1 1 12 10 1 1 12 10 1 100 1 1 12 10 1 100 1 12 9 1 100 10 8 1 12 10 1 100 1 100 1 7 1 7 1 7 1 12 10 1 1 12 9 100 12 10 1 12 11 1 12 10 1 12 10 1 100 10 12 10 1 12 10 12 10 1 7 1 7 1 12 10 1 12 10 12 10 12 9 1 1 12 9 1 7 1 12 10 1 1 7 1 1 7 1 1 7 1 12 11 1 12 9 1 12 10 12 10 1 1 7 1 1 12 10 12 10 1 7 1 12 9 1 12 9 1 12 10 1 100 1 12 9 1 100 1 12 9 1 1 1 1 1 1 100 1 1 1 7 12 9 1 7 1 1 12 9 1 1 1 7 1 1 1 1 1 1 1 1 100 1 1 1 1 1 1 1 1 100 1 1 1 1 1 7 1 1 1 12 10 1 12 10 1 1 12 9 1 100 1 12 10 1 100 12 10 1 1 1 1 1 1 1 1 1 1 1 1 100 1 1 1 1 1 1 1 1 1 1 1 100 1 1 1 1 100 1 1 1 1 1 100 1 1 1 1 1 1 1 1 1 1 1 1 1 1 1 1 1 1 1 1 1 1 1 1 1 1 1 1 1 100 1 1 1 1 1 1 7 1 1 1 1 1 1 1 100 1 1 1 1 1 1 100 1 1 1 1 1 1 1 1 7 1 1 12 10 1 1 1 1 1 1 1 1 1 1 1 1 1 1 1 1 1 1 1 1 1 1 1 1 1 7 1 1 1 1 1 1 1 1 1 1 1 1 100 1 1 1 1 1 1 1 1 1 1 1 1 1 1 1 1 1 1 1 1 1 100 1 1 1 1 100 1 1 1 1 1 1 1 100 1 1 1 1 7 1 7 1 7 1 7 1 1 1 1 1 1 1 1 1 1 1 1 1 1 1 1 1 1 7 1 1 1 1 100 1 1 1 1 100 1 1 1 1 1 1 1 100 1 1 1 1 1 1 1 100 1 1 1 1 100 1 1 1 1 100 1 1 1 1 100 1 1 1 1 12 10 1 12 10 12 10 1 1 1 100 12 10 1 100 1 8 1 12 10 1 1 1 100 1 8 1 12 18 10 1 1 1 8 1 1 1 12 10 1 1 1 1 10 12 10 12 10 12 10 1 100 1 12 9 1 1 10 10 12 10 12 10 16 15 16 1 1 12 18 1 1 12 10 11 1 1 12 10 12 9 1 12 9 1 100 1 12 10 1 1 1 7 11 1 1 1 1 1 1 1
staticfield com/android/tools/r8/internal/rD h Z 1
ciInstanceKlass com/android/tools/r8/internal/uD 1 1 242 1 8 1 1 100 1 1 100 1 100 1 100 1 100 1 7 1 1 1 1 1 1 12 9 1 1 1 12 11 1 1 1 1 100 1 1 12 10 12 11 1 1 1 1 12 11 1 100 1 100 1 12 10 1 1 12 11 1 1 1 1 100 10 1 1 1 1 1 100 1 1 12 10 1 12 11 1 1 1 1 1 1 12 11 1 12 11 1 1 100 1 12 11 1 1 1 1 100 1 12 10 1 12 11 1 1 1 100 1 12 10 1 12 11 1 1 1 1 1 1 1 1 1 1 1 1 1 1 1 1 1 1 1 12 11 1 1 12 11 12 10 12 11 1 12 11 1 1 12 11 1 1 1 1 12 11 1 1 1 1 1 100 1 12 10 12 11 1 100 12 10 1 16 12 11 15 1 16 1 100 1 1 12 10 15 1 1 12 18 12 11 12 11 15 18 12 11 1 1 1 1 1 1 1 1 100 1 8 1 1 12 10 1 1 1 8 1 1 1 8 1 1 8 1 1 1 8 1 1 1 8 1 1 8 1 1 1 8 1 1 8
instanceKlass com/android/tools/r8/internal/g2
instanceKlass com/android/tools/r8/internal/Ep
instanceKlass com/android/tools/r8/internal/md0
instanceKlass com/android/tools/r8/internal/Mg
instanceKlass com/android/tools/r8/internal/Og
instanceKlass com/android/tools/r8/internal/Pg
instanceKlass com/android/tools/r8/internal/Xg
instanceKlass com/android/tools/r8/internal/Sg
ciInstanceKlass com/android/tools/r8/internal/Ng 1 1 33 1 8 1 1 100 1 7 1 1 1 1 12 10 1 1 1 1 1 1 1 1 100 1 1 12 9 1 1 1 1 1 1
staticfield com/android/tools/r8/internal/Ng i I 0
instanceKlass com/android/tools/r8/internal/si
ciInstanceKlass com/android/tools/r8/internal/Sg 1 1 345 1 8 1 1 7 1 7 1 100 1 100 1 1 1 1 1 1 1 1 1 12 10 1 12 9 1 7 1 1 12 10 1 7 1 1 12 9 1 12 9 1 100 1 1 12 10 12 9 1 1 1 12 9 1 1 1 12 9 1 100 1 1 12 10 1 1 1 12 9 1 100 1 1 12 10 1 1 12 10 1 1 1 1 1 12 9 1 7 1 12 10 1 7 1 1 12 10 1 7 1 12 10 1 7 1 12 10 1 12 9 1 12 9 1 7 1 12 11 12 10 12 10 1 7 1 12 10 1 7 1 12 10 1 12 10 5 0 1 7 10 12 10 1 7 10 1 7 1 12 10 5 0 5 0 1 7 10 1 7 10 5 0 1 7 10 1 7 10 1 1 100 10 1 100 1 12 10 1 100 1 12 10 1 1 8 1 12 10 1 1 1 12 10 1 12 10 1 8 1 100 1 1 12 10 15 1 12 18 1 8 1 12 18 1 1 12 10 1 1 12 10 1 5 0 5 0 1 1 1 1 1 7 1 12 10 1 100 1 1 12 9 1 1 1 1 1 12 9 1 12 10 1 7 1 12 9 1 7 1 7 12 10 12 9 1 7 1 12 9 1 12 10 1 100 1 1 100 1 12 9 1 100 1 12 10 1 100 10 1 100 1 12 10 12 10 1 12 10 12 10 1 12 10 1 1 1 100 1 12 10 1 12 10 1 100 1 1 12 10 1 100 1 12 9 1 1 12 10 12 10 12 10 1 1 7 1 12 10 1 1 1 1 1 1
staticfield com/android/tools/r8/internal/Sg k Z 1
ciInstanceKlass com/android/tools/r8/internal/Xg 1 1 237 1 8 1 1 7 1 7 1 100 1 1 1 1 1 1 1 12 10 12 9 1 1 1 12 10 1 1 12 9 1 7 1 1 12 10 1 100 10 1 100 1 1 12 10 12 10 1 1 7 1 1 12 10 1 1 1 1 1 1 1 12 9 1 1 12 9 1 7 1 12 9 1 7 1 12 11 1 7 1 12 10 1 12 10 1 1 12 10 1 12 10 1 1 8 1 12 10 1 1 1 12 10 1 8 1 100 1 1 12 10 15 1 12 18 1 1 1 1 7 10 1 100 1 100 1 1 12 10 1 100 1 12 10 1 1 7 1 1 12 10 1 7 1 12 9 1 7 1 7 1 1 12 10 1 12 10 1 7 1 12 9 1 12 9 1 1 100 1 12 10 1 1 100 1 12 10 1 100 1 12 10 1 1 12 10 1 100 1 1 12 9 1 1 7 1 12 10 1 7 1 12 10 1 1 1 12 9 1 7 1 12 10 1 100 1 12 9 1 1 12 10 1 1 12 10 1 1 100 12 10 1 1 1 1 1 1
staticfield com/android/tools/r8/internal/Xg k Z 1
ciInstanceKlass com/android/tools/r8/internal/LI 1 1 286 1 8 1 1 7 1 7 1 1 1 1 12 10 1 1 1 100 1 12 10 1 1 7 1 1 12 10 12 9 1 1 1 1 1 1 100 1 12 10 1 1 1 7 1 1 12 9 1 1 1 8 1 1 7 1 12 10 1 7 1 12 10 1 1 12 10 1 12 10 1 1 12 10 1 12 10 1 12 10 1 7 1 7 1 1 12 10 1 12 10 1 100 10 1 12 10 1 100 1 7 1 12 10 1 100 10 1 100 1 12 10 1 1 7 1 12 10 12 10 1 1 1 1 100 1 1 12 10 1 100 1 12 9 1 100 1 12 10 1 100 1 12 9 1 100 1 100 1 100 1 12 9 1 100 1 1 12 10 1 100 1 100 1 12 10 1 100 1 1 12 10 1 100 1 12 9 1 100 1 12 10 1 12 9 12 9 1 100 1 12 10 1 12 10 12 9 1 1 100 1 12 10 1 100 1 12 10 1 1 1 12 10 1 100 1 1 12 10 1 100 1 12 10 1 12 10 1 1 12 10 1 12 10 1 100 1 12 10 1 100 1 12 10 1 12 10 1 12 10 1 1 12 10 1 100 1 1 12 10 1 12 10 1 100 12 10 1 1 100 1 12 10 1 1 12 9 1 100 1 12 10 1 1 1 1
staticfield com/android/tools/r8/internal/LI m Z 1
ciInstanceKlass com/android/tools/r8/internal/im0 1 1 347 1 8 1 1 7 1 7 1 100 1 100 1 1 1 1 1 1 1 7 1 1 12 9 1 1 12 9 1 100 1 1 12 10 1 7 1 1 12 10 1 100 1 1 12 10 1 7 1 12 10 1 1 12 10 1 100 1 12 10 1 12 10 1 1 12 10 1 12 10 1 100 1 1 12 10 1 100 1 12 10 1 1 12 10 1 7 1 12 10 1 1 12 10 1 1 12 10 1 7 1 12 10 1 100 1 8 1 100 1 1 12 10 15 1 12 18 1 12 10 1 7 1 7 1 12 10 1 7 10 1 100 10 1 100 10 1 100 10 1 7 10 1 7 10 1 100 1 12 10 1 1 1 1 1 12 9 1 7 1 12 10 1 7 1 12 9 12 10 1 1 1 1 7 1 1 12 10 1 1 12 10 1 1 100 1 12 10 1 1 12 10 1 12 10 1 8 1 12 18 1 1 1 1 1 100 1 100 1 12 9 1 1 12 10 1 12 10 1 100 1 1 12 10 1 100 1 100 1 1 12 10 1 12 10 1 12 10 1 1 12 9 1 1 7 1 12 10 1 12 10 1 1 7 12 10 1 1 100 1 12 9 1 12 10 1 12 10 1 100 1 100 12 10 1 1 7 1 1 12 10 1 1 12 10 1 100 1 12 10 1 1 100 1 12 10 1 1 100 1 12 10 1 1 100 1 12 10 1 1 100 1 12 10 1 12 10 1 1 12 10 1 7 1 12 10 1 12 10 1 12 10 1 1 7 1 12 10 1 12 10 1 1 1 1 1 1
staticfield com/android/tools/r8/internal/im0 k Z 1
ciInstanceKlass com/android/tools/r8/internal/HX 1 1 330 1 8 1 1 7 1 7 1 100 1 100 1 7 1 1 100 1 100 1 1 1 1 1 1 1 1 1 12 10 12 9 12 9 1 100 1 12 10 1 100 12 9 1 1 10 1 1 7 1 1 12 10 1 1 1 1 1 1 1 100 1 12 10 1 1 12 9 1 1 12 9 1 7 1 1 12 9 1 7 1 12 11 1 7 1 12 10 1 12 10 1 1 12 10 1 8 1 100 1 1 12 10 15 1 12 18 1 1 12 10 1 1 12 10 1 1 8 1 12 10 1 1 1 1 100 1 12 9 1 100 1 12 10 1 1 1 100 1 12 10 1 1 100 12 10 1 100 1 12 10 1 1 1 7 1 12 10 1 7 1 12 10 1 1 7 1 1 12 10 1 100 1 12 10 1 1 12 10 1 12 10 1 1 12 9 1 7 1 1 12 11 1 1 12 9 1 100 1 12 10 1 100 1 12 10 1 1 12 10 1 12 10 1 12 10 1 100 1 12 10 1 12 10 1 100 1 100 1 12 10 1 100 12 10 1 12 10 1 1 12 9 1 12 9 1 12 10 1 100 1 12 10 1 1 12 10 1 100 1 12 10 1 100 1 1 12 9 1 100 1 12 9 1 8 1 1 1 12 10 1 100 12 10 1 1 12 10 10 1 12 10 1 100 1 12 10 1 1 12 10 1 1 12 9 1 12 9 1 12 10 1 1 100 1 12 10 1 1 100 1 12 10 1 1 1 1 1 1 1
staticfield com/android/tools/r8/internal/HX k Z 1
ciInstanceKlass com/android/tools/r8/internal/xb0 1 1 76 1 8 1 1 100 1 7 1 1 12 10 1 1 1 1 12 9 1 12 10 1 1 100 1 1 12 9 1 1 1 100 12 10 1 100 10 1 8 1 100 1 1 12 10 15 1 12 18 1 1 1 100 1 1 12 10 1 1 1 1 12 10 1 1 12 9 1 12 9 1 1 1 1 1 1
instanceKlass com/android/tools/r8/internal/Wh0
instanceKlass com/android/tools/r8/internal/vo0
instanceKlass com/android/tools/r8/internal/ip0
instanceKlass com/android/tools/r8/internal/zy
instanceKlass com/android/tools/r8/internal/zA
ciInstanceKlass com/android/tools/r8/internal/OJ 1 1 66 1 8 1 1 7 1 7 1 1 1 1 1 12 10 1 12 10 1 1 12 10 1 1 7 1 1 12 10 12 9 1 1 1 1 1 100 1 8 1 12 10 1 1 1 7 1 12 9 1 1 1 1 1 100 1 1 12 9 1 1 1 1 1 1 1
staticfield com/android/tools/r8/internal/OJ i Z 1
ciInstanceKlass com/android/tools/r8/internal/zA 1 1 311 1 8 1 1 7 1 7 1 7 1 1 1 1 1 1 1 1 1 12 10 1 7 1 1 12 9 1 7 1 1 12 10 1 7 1 1 12 10 1 16 1 12 10 15 1 16 1 100 1 1 12 10 15 1 1 12 18 1 12 10 1 12 10 1 1 12 9 1 100 1 1 12 10 1 1 12 9 1 1 1 12 10 1 12 10 1 12 10 1 7 1 1 12 10 1 1 12 10 1 7 11 1 1 12 11 1 12 10 1 100 1 12 10 1 12 10 11 1 1 7 1 12 9 1 1 12 9 1 7 1 1 12 10 1 7 1 12 10 1 12 10 1 1 1 100 12 10 1 12 10 1 1 12 10 1 12 10 1 8 1 12 10 1 12 10 1 8 10 1 1 1 8 1 12 10 1 12 10 1 1 12 10 1 1 100 1 1 12 10 1 12 10 1 12 10 1 12 10 1 100 1 1 12 10 1 12 10 1 1 12 10 1 100 12 10 1 100 1 12 10 1 12 9 1 7 1 12 10 1 100 1 8 1 100 1 1 12 10 15 1 12 18 10 1 1 100 1 100 1 12 10 1 12 10 1 12 10 1 100 10 1 1 100 1 12 10 1 12 10 1 1 1 100 1 12 10 1 100 1 100 12 9 1 12 9 1 100 1 12 10 1 1 12 10 1 1 12 10 1 1 7 1 12 10 1 1 1 1 1 1
staticfield com/android/tools/r8/internal/zA k Z 1
ciInstanceKlass com/android/tools/r8/internal/zy 1 1 188 1 8 1 1 7 1 7 1 1 1 1 12 10 1 1 7 1 1 12 10 12 9 1 1 1 1 1 1 1 7 1 12 10 1 7 1 1 12 10 1 100 10 1 1 12 10 1 7 1 12 11 1 1 12 11 1 1 7 1 1 12 10 12 10 1 7 1 1 12 9 1 7 1 12 10 1 12 10 1 7 1 12 10 1 1 8 1 12 10 1 1 8 1 1 1 12 11 1 1 12 10 1 100 1 12 10 12 10 1 12 10 1 8 1 100 1 1 12 10 15 1 12 18 1 8 1 12 18 1 1 12 10 1 1 12 10 1 1 1 100 1 100 1 12 10 1 12 10 1 12 10 1 1 1 100 1 12 9 1 100 1 12 10 1 100 12 9 1 12 10 1 12 9 1 100 1 12 10 1 1 12 10 1 1 1 1 1
staticfield com/android/tools/r8/internal/zy j Z 1
ciInstanceKlass com/android/tools/r8/internal/IG 1 0 124 1 8 1 1 100 1 100 1 100 1 100 1 100 1 1 1 1 1 1 1 1 1 1 1 1 1 1 1 100 1 8 1 1 12 10 1 1 1 8 1 1 8 1 1 8 1 1 8 1 1 8 1 1 1 8 1 1 1 8 1 1 8 1 1 1 8 1 1 1 8 1 1 1 8 1 1 1 8 1 1 8 1 1 1 8 1 1 8 1 1 1 8 1 1 8 1 1 1 8 1 1 8 1 1 8 1 1 1 8 1 1 8 1 1 8 1 1 8 1 1 8 1 1
instanceKlass com/android/tools/r8/internal/sG
ciInstanceKlass com/android/tools/r8/internal/Z 1 1 251 1 8 1 1 7 1 7 1 100 1 1 1 7 1 1 12 10 1 100 1 8 1 8 1 100 1 1 12 10 1 100 1 1 12 10 1 8 1 12 10 1 1 12 10 1 1 12 10 1 8 1 100 1 12 10 1 1 8 1 1 1 1 12 10 1 100 1 1 12 11 1 100 1 1 12 11 1 1 12 11 1 100 1 12 10 1 1 12 11 1 12 10 1 1 1 12 10 1 1 1 1 12 10 1 100 1 100 11 1 100 1 12 11 1 12 11 1 1 12 11 1 100 1 12 11 1 12 11 1 1 1 100 1 12 10 1 8 10 1 8 1 1 12 11 1 1 1 1 100 11 12 11 1 12 11 1 100 1 1 12 10 11 1 100 12 10 1 1 1 12 10 1 100 1 1 12 11 1 1 1 12 10 1 8 1 8 1 100 1 12 10 1 8 1 1 1 12 10 1 1 1 12 11 1 1 1 12 11 1 12 11 12 10 12 10 1 1 1 1 1 1 100 1 8 1 1 12 10 1 1 1 8 1 1 1 8 1 1 1 8 1 8 1 1 1 8 1 8 1 1
ciInstanceKlass com/android/tools/r8/internal/sG 1 1 179 1 8 1 1 7 1 7 1 100 1 100 1 100 1 1 1 1 1 1 1 12 10 12 9 1 12 10 12 9 1 7 1 1 12 10 1 1 1 1 100 1 8 1 8 1 100 1 1 12 10 1 8 1 100 1 12 10 1 1 12 10 1 1 1 1 12 10 12 10 1 1 1 1 1 1 1 1 1 100 1 100 1 8 10 1 1 12 10 1 8 1 12 10 1 1 12 10 10 1 100 1 8 1 8 1 100 1 12 10 10 1 8 1 100 1 12 10 1 100 1 1 100 12 11 1 100 12 11 1 1 1 100 1 1 12 10 1 100 1 1 12 11 1 1 1 7 1 12 10 1 1 1 1 12 10 5 0 5 0 1 100 1 1 12 10 1 12 10 12 10 1 8 1 1 1 1 1 1
ciInstanceKlass com/android/tools/r8/internal/It0 1 1 227 1 8 1 1 7 1 1 7 1 100 1 7 1 1 1 1 1 1 1 1 1 1 1 12 10 1 1 1 16 1 1 12 10 15 1 16 1 100 1 1 12 10 15 1 1 12 18 1 100 1 12 10 1 1 100 1 8 1 100 1 1 12 10 15 1 12 18 1 12 10 1 8 18 12 9 12 9 12 9 12 9 12 9 1 1 8 1 12 18 1 100 1 8 10 1 1 7 1 12 9 1 7 1 12 9 12 10 1 1 12 9 1 8 1 12 18 1 1 7 1 1 12 10 1 12 10 1 12 10 1 12 10 1 12 10 1 8 1 12 18 1 1 1 8 12 10 1 8 1 8 1 8 1 8 12 9 1 1 16 12 10 15 12 18 12 10 1 12 9 12 10 1 7 1 1 12 9 1 12 9 1 12 9 1 12 9 1 12 9 1 1 8 1 12 18 1 1 12 10 1 1 12 10 1 1 12 10 1 1 12 10 1 1 1 12 10 1 1 1 1 1 1 1 1 1 1
staticfield com/android/tools/r8/internal/It0 b Lcom/android/tools/r8/internal/It0; com/android/tools/r8/internal/It0
staticfield com/android/tools/r8/internal/It0 c Lcom/android/tools/r8/internal/It0; com/android/tools/r8/internal/It0
staticfield com/android/tools/r8/internal/It0 d Lcom/android/tools/r8/internal/It0; com/android/tools/r8/internal/It0
staticfield com/android/tools/r8/internal/It0 e Lcom/android/tools/r8/internal/It0; com/android/tools/r8/internal/It0
staticfield com/android/tools/r8/internal/It0 f Lcom/android/tools/r8/internal/It0; com/android/tools/r8/internal/It0
staticfield com/android/tools/r8/internal/It0 g [Lcom/android/tools/r8/internal/It0; 5 [Lcom/android/tools/r8/internal/It0;
ciInstanceKlass com/android/tools/r8/graph/j0 1 1 172 1 8 1 1 7 1 1 7 1 100 1 1 1 1 1 1 1 1 1 1 16 1 12 10 15 16 1 100 1 1 12 10 15 1 1 12 18 1 100 1 12 10 1 12 10 15 16 18 12 10 15 18 1 12 10 1 1 1 12 10 12 9 12 9 12 9 1 1 7 1 1 12 11 1 7 1 1 12 11 1 7 1 1 12 11 1 100 1 7 1 1 12 11 1 1 12 11 1 7 1 12 10 1 7 1 1 12 11 1 1 12 10 1 1 16 12 10 15 12 18 1 1 7 12 10 1 1 1 12 10 1 100 1 12 10 1 100 12 10 1 100 1 12 10 1 100 1 8 1 100 1 1 12 10 15 1 12 18 1 100 10 1 8 1 1 1 1 1 1 1 1
staticfield com/android/tools/r8/graph/j0 e I 0
ciInstanceKlass com/android/tools/r8/internal/pI 1 1 341 1 8 1 1 7 1 7 1 100 1 1 1 1 1 1 12 10 12 9 12 9 1 100 1 1 12 9 1 100 1 1 12 10 8 1 100 1 1 12 10 1 100 1 12 10 1 1 10 1 1 7 1 1 12 10 1 1 1 1 1 1 100 1 12 10 1 1 1 7 1 1 12 9 1 1 8 1 1 7 1 12 10 1 7 1 12 10 1 12 10 1 12 10 1 1 12 10 1 7 1 7 1 1 12 10 1 12 10 1 12 10 1 7 1 12 10 1 100 1 12 10 1 1 7 1 12 10 12 10 1 1 7 12 10 1 1 1 1 100 1 1 12 10 1 1 12 9 1 100 1 12 10 1 100 1 12 9 1 100 1 100 1 12 9 1 100 1 12 10 1 100 1 100 1 1 12 10 1 100 1 1 12 10 12 9 1 100 1 1 12 10 1 12 10 1 100 1 12 9 1 12 10 1 1 100 1 12 10 1 100 1 12 10 1 1 1 12 10 1 100 1 1 12 10 1 100 1 12 10 1 100 1 12 11 1 12 10 1 100 1 12 10 1 1 7 1 1 12 10 1 7 1 12 9 1 7 1 12 11 1 12 10 1 7 1 12 9 1 12 10 1 12 9 1 12 10 12 10 1 100 1 12 10 1 1 100 1 12 10 1 12 10 1 100 1 12 10 1 100 1 12 10 1 12 9 1 100 1 12 10 1 100 1 12 10 1 100 1 12 10 1 1 12 9 1 100 1 12 10 1 1 100 1 12 10 1 1 1 1 1
staticfield com/android/tools/r8/internal/pI n Z 1
ciInstanceKlass com/android/tools/r8/internal/d3 1 1 163 1 8 1 1 7 1 7 1 100 1 1 1 1 1 1 1 1 12 10 12 9 12 9 1 1 1 7 1 1 12 10 12 9 1 1 1 1 12 9 1 7 1 12 10 1 100 1 12 9 1 1 1 1 1 7 1 12 9 1 1 100 1 8 1 12 10 1 3 1 1 7 1 12 9 1 1 12 10 1 1 12 9 1 7 1 12 10 1 7 1 12 10 1 12 10 1 1 12 10 1 1 1 1 100 1 12 9 1 1 1 100 12 10 1 1 100 1 1 12 10 1 1 1 12 10 1 1 1 1 1 1 100 1 12 10 1 1 12 10 1 100 1 1 12 10 1 100 1 100 1 12 11 1 1 12 11 10 1 1 1 1 1
staticfield com/android/tools/r8/internal/d3 k Z 1
instanceKlass com/android/tools/r8/internal/Td
instanceKlass com/android/tools/r8/internal/F3
instanceKlass com/android/tools/r8/internal/oS
ciInstanceKlass com/android/tools/r8/internal/j6 1 1 178 1 8 1 1 7 1 7 1 1 1 1 1 1 1 12 10 12 9 1 12 10 1 1 1 7 1 1 12 10 12 9 1 1 12 10 1 100 12 10 1 1 12 10 1 7 1 12 10 1 1 12 9 1 7 1 1 12 10 1 1 12 10 1 1 1 1 1 1 12 10 1 1 12 9 1 7 1 12 11 1 12 9 1 12 11 1 7 1 1 12 10 1 7 1 1 12 9 1 7 1 12 10 1 7 1 1 7 12 9 1 12 10 1 1 12 10 1 1 12 10 1 7 1 12 9 1 7 1 12 10 1 1 12 10 1 1 12 10 1 12 10 1 1 1 1 1 1 1 1 1 1 1 100 1 1 12 9 1 1 100 1 12 10 12 10 1 1 7 1 12 10 1 1 1 1 1 1
staticfield com/android/tools/r8/internal/j6 j Z 1
instanceKlass com/android/tools/r8/internal/kw
instanceKlass com/android/tools/r8/internal/lw
instanceKlass com/android/tools/r8/internal/Hl0
instanceKlass com/android/tools/r8/internal/Gl0
instanceKlass com/android/tools/r8/internal/f40
ciInstanceKlass com/android/tools/r8/internal/vt0 1 1 965 1 8 1 1 7 1 1 7 1 100 1 7 1 100 1 100 1 1 1 1 1 1 1 1 1 1 1 1 1 1 1 1 1 1 1 1 1 1 1 1 1 1 1 12 9 1 16 1 1 12 10 15 1 16 1 7 1 1 12 10 15 1 1 12 18 1 7 1 1 12 10 12 9 1 12 9 1 12 10 15 1 16 1 12 18 12 9 1 1 1 12 10 12 9 1 7 1 12 10 1 12 10 1 7 1 100 1 100 1 100 1 8 1 100 1 1 12 10 15 1 12 18 1 100 1 1 12 10 1 100 1 100 1 1 12 10 1 1 12 10 1 12 10 1 12 10 1 12 9 1 7 1 1 12 10 1 7 1 1 12 10 1 100 1 8 1 12 18 1 12 10 1 12 10 1 12 10 1 12 10 1 12 10 1 12 10 1 12 10 1 12 10 1 12 10 1 12 10 1 12 10 1 12 10 12 9 1 7 1 12 10 12 9 1 1 12 10 1 7 1 12 10 1 100 1 12 10 1 12 10 1 12 10 12 10 1 12 10 12 10 1 12 10 1 12 10 1 1 12 10 1 100 1 12 10 1 100 1 12 9 1 1 1 7 1 1 1 1 1 7 1 12 9 1 7 1 12 9 1 12 10 1 7 1 7 1 7 1 12 10 1 7 12 11 12 11 1 12 11 1 12 11 1 1 12 10 1 100 1 1 12 9 1 12 9 1 12 9 1 100 12 10 1 12 10 1 7 1 12 10 1 12 9 1 1 12 10 12 9 12 10 12 9 1 10 10 1 12 10 1 1 12 11 1 7 1 100 1 12 11 1 1 12 11 1 12 10 1 1 7 1 12 10 1 12 11 1 1 7 10 1 12 10 1 12 10 1 1 1 12 10 1 12 11 10 1 10 1 12 10 12 10 12 10 1 1 1 1 12 10 1 7 12 10 12 10 1 7 1 12 10 1 7 10 1 12 10 1 100 1 1 12 10 1 1 12 10 1 100 12 10 1 12 10 11 1 12 10 1 1 7 11 1 1 1 7 10 1 16 12 10 15 1 16 1 1 12 18 1 7 1 12 10 12 10 12 11 1 1 12 11 1 1 100 1 1 12 10 15 1 12 18 1 12 10 1 12 10 1 7 10 1 12 10 12 10 1 1 12 9 1 12 9 12 10 12 10 10 12 10 1 12 10 1 1 7 1 1 7 1 1 12 10 1 1 1 1 100 1 8 10 1 1 12 10 1 8 1 12 10 1 12 10 1 1 12 10 1 1 12 11 1 12 10 15 1 12 18 1 100 1 12 11 1 8 1 1 12 10 1 12 10 1 8 1 12 10 1 8 12 9 12 10 1 1 1 7 1 12 10 1 1 12 10 1 12 10 1 7 15 1 12 18 12 10 10 1 12 10 1 1 12 10 15 18 1 12 10 1 100 1 12 10 1 100 12 10 1 100 1 1 100 1 1 7 1 12 10 1 12 10 1 7 1 12 9 12 10 1 12 9 1 100 12 9 1 100 1 12 9 1 100 12 10 12 10 1 1 1 1 12 10 15 18 12 10 1 12 10 15 18 1 1 12 10 1 12 10 1 12 9 1 100 1 1 12 10 12 10 1 12 10 1 100 12 10 1 12 10 1 12 11 1 1 12 10 1 7 11 12 10 12 10 1 1 7 1 12 10 1 12 10 1 12 10 1 1 12 10 1 12 9 1 12 9 1 12 10 1 12 10 10 1 100 1 8 1 12 18 12 10 1 12 10 1 8 1 12 18 1 1 12 10 1 1 100 12 9 1 12 10 1 12 10 1 12 10 10 15 16 18 12 10 12 10 1 12 10 1 12 9 1 12 10 1 100 12 10 10 12 10 1 100 12 10 1 12 10 1 100 12 10 1 12 9 12 9 12 9 1 12 10 1 12 10 1 1 12 10 1 100 12 10 1 12 10 12 10 1 12 10 12 10 15 18 10 1 12 10 1 1 1 1 12 10 1 12 10 1 100 1 12 11 11 12 10 15 18 1 1 12 11 1 12 11 12 11 1 100 11 12 10 1 12 11 1 100 1 12 10 12 9 1 12 10 12 11 1 10 10 12 9 12 9 12 9 1 12 10 15 18 1 100 1 100 1 100 1 100 1 100 1 12 10 1 100 1 1 7 1 12 10 12 10 12 9 1 1 1 1 1 1 1 1
staticfield com/android/tools/r8/internal/vt0 p Lcom/android/tools/r8/internal/vt0; com/android/tools/r8/internal/vt0
staticfield com/android/tools/r8/internal/vt0 q Z 1
instanceKlass com/android/tools/r8/internal/g40
ciInstanceKlass com/android/tools/r8/internal/f40 1 1 470 1 8 1 1 7 1 7 1 100 1 100 1 7 1 1 1 1 1 1 1 1 1 1 1 1 1 1 12 10 1 100 1 1 12 9 1 8 1 100 1 1 12 10 15 1 12 18 1 1 12 10 1 1 1 12 10 12 9 1 7 1 1 12 11 1 1 12 10 1 1 12 10 1 12 10 12 9 1 100 1 12 10 1 1 12 9 1 1 12 9 12 9 12 10 12 10 1 1 1 12 10 12 9 1 7 1 12 10 1 7 1 1 12 11 1 1 12 11 1 7 1 12 11 1 1 12 11 1 12 10 1 1 12 9 1 7 10 1 1 12 9 1 7 1 12 10 1 7 1 12 9 1 12 10 1 100 1 8 10 1 12 9 1 1 1 12 10 1 1 1 1 10 1 7 1 12 11 1 1 12 10 12 10 1 7 1 12 9 11 1 10 1 1 12 10 1 1 12 10 1 7 1 100 1 12 10 1 12 10 1 12 10 1 7 1 12 10 1 7 1 1 12 10 1 7 1 7 1 12 10 1 1 12 9 1 1 12 9 1 7 1 1 12 10 1 7 1 12 9 1 12 10 12 9 1 7 1 1 12 11 11 1 7 1 12 11 1 1 12 11 1 12 10 1 12 10 1 7 1 12 10 1 1 12 10 12 10 1 1 1 100 10 8 1 1 12 10 1 12 9 1 12 10 1 8 1 12 10 1 8 1 8 16 1 12 10 15 1 16 1 100 1 1 12 10 15 1 1 12 18 1 100 1 12 10 1 100 1 12 10 1 8 1 12 10 10 1 1 100 12 10 1 10 1 1 100 1 12 10 12 10 1 100 1 100 1 12 10 1 12 10 10 1 12 10 1 1 12 10 1 12 10 1 100 10 10 10 1 12 10 1 1 12 10 1 1 12 10 12 10 12 10 1 12 10 1 12 10 1 100 12 10 16 12 10 15 16 1 1 12 18 1 1 12 10 1 1 1 12 10 10 1 12 9 1 1 7 1 12 10 1 12 10 1 7 10 10 1 12 10 1 12 10 1 12 10 1 100 1 12 10 1 1 1 1 1 1 1 1
staticfield com/android/tools/r8/internal/f40 w Z 1
instanceKlass com/android/tools/r8/internal/ni0
ciInstanceKlass com/android/tools/r8/internal/Qb 1 1 311 1 8 1 1 7 1 7 1 100 1 1 1 1 1 1 1 1 12 10 12 9 12 9 1 1 1 1 7 1 1 12 10 12 9 1 1 1 1 1 1 1 1 1 1 12 9 1 7 1 1 12 10 1 7 1 1 1 12 9 1 7 1 1 12 9 1 7 1 1 12 11 1 12 9 1 12 10 1 12 10 1 7 1 12 10 1 7 1 12 10 1 7 1 7 10 1 12 10 1 1 12 10 1 1 12 10 1 1 1 1 7 1 1 12 10 1 7 1 12 9 1 1 12 10 1 100 12 10 1 100 1 12 10 1 1 12 10 1 12 10 1 12 10 1 12 10 1 12 10 1 100 1 12 10 1 100 1 100 1 12 10 1 100 12 10 1 1 12 9 12 10 1 100 1 12 10 1 100 1 12 10 1 7 1 12 10 1 12 10 1 12 10 1 1 1 12 10 1 8 1 100 1 1 12 10 15 1 12 18 1 1 100 1 12 9 1 100 1 12 10 1 1 12 10 12 10 1 1 12 10 1 100 12 10 1 100 12 10 1 12 10 1 12 10 12 10 1 100 12 10 1 8 1 12 18 1 12 10 1 1 100 1 12 10 12 10 1 1 1 1 100 1 12 10 1 100 1 12 10 1 1 1 100 1 12 10 1 1 100 1 1 12 10 1 100 1 100 1 1 12 10 1 12 10 1 1 1 1 1 1
staticfield com/android/tools/r8/internal/Qb k Z 1
instanceKlass com/android/tools/r8/internal/ti
ciInstanceKlass com/android/tools/r8/internal/pW 1 1 151 1 8 1 1 7 1 7 1 1 1 1 12 10 1 1 1 7 1 1 12 10 12 9 1 1 1 1 1 1 1 1 12 9 1 1 1 12 9 1 7 1 1 12 10 1 7 1 1 100 1 8 1 12 10 1 1 7 1 1 12 10 1 7 1 12 10 1 7 1 12 10 1 1 8 1 1 3 1 1 1 12 10 1 1 12 10 1 12 10 1 8 1 100 1 1 12 10 15 1 12 18 1 12 10 1 12 10 1 1 12 10 1 100 12 10 1 12 9 12 10 1 1 1 1 100 1 1 12 9 1 1 12 10 1 1 1 1 1 100 1 100 1 1 12 10 1 1 1 1 1
staticfield com/android/tools/r8/internal/pW i Z 1
ciInstanceKlass com/android/tools/r8/internal/ti 1 1 157 1 8 1 1 7 1 7 1 1 1 1 12 10 12 9 1 100 1 1 12 10 1 100 1 12 10 1 1 7 1 12 10 1 1 1 1 1 1 1 1 100 1 1 12 10 1 1 1 12 10 1 100 1 12 10 1 1 100 1 12 10 1 100 1 12 10 1 100 1 12 10 1 100 1 12 10 1 12 9 1 1 12 9 1 100 1 12 11 1 100 1 1 12 11 1 1 100 1 1 12 10 1 12 10 1 100 1 1 12 9 1 100 1 12 10 1 12 10 1 12 10 1 1 12 10 1 1 12 10 12 10 1 100 1 12 10 1 1 100 1 1 12 10 1 1 12 10 1 100 1 12 10 1 1 1 1
staticfield com/android/tools/r8/internal/ti j Z 1
ciInstanceKlass com/android/tools/r8/internal/vG 1 1 101 1 8 1 1 7 1 7 1 100 1 1 1 1 1 1 12 10 1 7 1 12 9 12 9 1 1 1 7 1 1 12 11 1 7 1 12 10 1 1 7 1 1 12 10 1 12 9 100 1 100 1 8 1 8 1 100 1 12 10 1 8 1 100 1 12 10 1 12 10 1 1 1 7 1 12 10 1 1 1 1 1 1 1 1 1 1 1 100 12 10 10 1 100 1 100 10 1 1 1 1
instanceKlass com/android/tools/r8/internal/Fc0
instanceKlass com/android/tools/r8/internal/gs
instanceKlass com/android/tools/r8/internal/tW
instanceKlass com/android/tools/r8/internal/c2
instanceKlass com/android/tools/r8/internal/lo0
ciInstanceKlass com/android/tools/r8/internal/F3 1 1 307 1 8 1 1 7 1 7 1 100 1 100 1 1 1 1 1 12 10 1 1 1 7 1 1 12 10 12 9 1 1 1 1 1 1 1 1 1 100 1 100 12 10 1 7 1 7 1 12 9 1 7 1 1 12 10 1 1 12 10 12 10 1 1 12 10 1 1 12 10 1 7 1 12 10 1 12 9 1 12 10 1 12 10 1 12 10 1 7 1 12 9 1 1 12 9 1 7 1 12 10 1 100 1 1 12 10 1 8 1 100 1 1 12 10 15 1 12 18 1 12 10 12 10 12 10 12 10 12 10 12 10 1 12 10 1 1 12 10 1 1 12 10 1 7 1 12 10 1 12 10 12 10 1 12 10 12 10 12 10 12 10 12 10 12 10 1 100 1 12 10 1 1 1 1 1 12 10 1 7 1 12 9 1 7 1 7 1 12 11 1 7 1 1 12 10 1 7 1 7 1 12 10 1 7 12 9 1 12 9 1 12 10 12 9 1 12 10 1 12 9 1 100 1 1 12 10 1 12 10 1 1 12 10 1 12 9 1 100 1 1 12 10 1 12 10 1 1 12 10 1 1 12 9 1 12 10 1 7 1 12 10 1 1 12 10 1 12 10 1 100 1 12 10 1 1 100 12 9 1 12 9 1 12 10 12 9 1 100 1 1 12 10 1 100 1 12 10 1 12 10 1 1 1 1 1 1
staticfield com/android/tools/r8/internal/F3 k Z 1
ciInstanceKlass com/android/tools/r8/internal/lo0 1 1 216 1 8 1 1 7 1 7 1 100 1 100 1 1 1 1 1 12 10 1 1 1 7 1 1 12 10 12 9 1 1 1 1 1 1 1 7 1 12 10 1 1 7 10 1 1 7 10 1 7 10 1 1 1 7 1 12 10 1 1 7 10 1 7 10 1 7 10 1 100 1 8 1 12 10 1 8 1 1 100 1 1 12 10 1 7 1 1 12 10 1 7 1 1 12 9 1 1 1 1 1 1 1 7 12 9 1 7 1 12 10 1 1 12 10 1 1 12 10 1 7 1 1 12 9 5 0 5 0 1 1 12 9 1 7 1 1 12 10 12 10 12 10 1 100 12 10 1 12 10 1 1 12 10 12 10 5 0 5 0 1 1 7 1 12 9 1 12 10 1 12 9 1 7 1 12 11 1 12 9 1 7 12 10 10 1 100 1 12 10 1 100 10 1 7 10 1 100 10 1 100 1 12 10 12 10 1 1 1 12 9 1 1 1 1 1
staticfield com/android/tools/r8/internal/lo0 l Z 1
ciInstanceKlass com/android/tools/r8/internal/c2 1 1 99 1 8 1 1 7 1 7 1 100 1 100 1 1 1 1 12 10 1 7 1 1 12 10 10 1 1 1 1 1 1 1 1 7 1 12 10 1 1 100 10 1 1 7 10 1 7 10 1 1 1 7 1 12 10 1 1 7 10 1 7 10 1 7 10 1 7 10 1 100 10 1 1 7 1 12 10 1 1 12 10 1 1 12 9 1 1 1 1 1 1 1 12 9 1 1 1 1 1
ciInstanceKlass com/android/tools/r8/internal/tW 1 1 102 1 8 1 1 100 1 7 1 100 1 100 1 1 1 1 12 10 1 100 1 1 12 10 10 1 1 1 1 1 1 1 1 7 1 12 10 1 1 7 10 1 1 7 10 1 7 10 1 1 1 100 1 12 10 1 1 100 10 1 100 10 1 100 10 1 7 10 1 7 10 1 1 100 1 1 12 10 1 100 1 1 12 10 1 1 12 9 1 1 1 1 1 1 1 12 9 1 1 1 1 1
ciInstanceKlass com/android/tools/r8/c 1 1 35 1 8 1 1 7 1 100 1 1 1 1 12 9 1 1 100 1 12 10 1 1 1 1 1 1 1 7 1 1 12 10 1 1 1
staticfield com/android/tools/r8/c a [I 15
ciInstanceKlass com/android/tools/r8/internal/Wh0 1 1 241 1 8 1 1 7 1 7 1 100 1 1 1 1 12 10 1 12 10 1 1 7 1 1 12 10 12 9 1 1 1 1 1 1 7 1 1 12 9 1 7 1 12 10 1 1 12 10 1 100 10 1 1 12 10 1 7 1 1 1 7 10 12 10 1 1 12 9 1 7 1 1 12 9 1 7 1 12 11 1 1 12 10 1 7 12 10 1 7 1 12 10 1 12 10 1 7 10 1 12 10 1 7 10 1 100 10 1 12 10 1 1 12 9 1 7 1 1 12 9 1 7 10 1 12 9 1 12 10 1 100 1 12 10 1 12 10 1 100 1 12 10 1 1 12 10 1 1 12 10 1 1 1 8 1 12 10 1 1 100 1 1 12 10 1 100 1 12 9 1 100 1 12 10 1 12 10 1 100 1 12 9 12 9 1 1 100 1 12 10 1 1 100 10 1 100 1 100 1 100 1 12 10 1 12 10 1 100 1 12 10 1 1 100 1 1 12 10 1 100 1 1 12 10 1 1 12 10 1 100 1 12 10 1 12 10 1 1 1 1 1
staticfield com/android/tools/r8/internal/Wh0 j Z 1
ciInstanceKlass com/android/tools/r8/internal/wi 1 1 123 1 8 1 1 7 1 7 1 1 1 1 1 12 10 1 1 7 1 1 12 10 12 9 1 1 1 1 1 1 1 1 1 12 10 1 100 1 12 10 1 7 1 1 12 10 1 100 1 100 12 10 1 7 1 7 1 7 10 1 12 10 1 12 10 1 1 1 1 100 10 1 1 1 100 1 1 12 9 1 1 7 1 12 9 1 1 1 1 100 1 100 10 1 12 10 1 1 1 1 1 100 1 12 9 1 1 12 9 12 10 1 12 9 1 100 1 12 10 1 1 1 1
staticfield com/android/tools/r8/internal/wi i Z 1
ciInstanceKlass com/android/tools/r8/internal/qW 1 1 187 1 8 1 1 7 1 7 1 1 1 1 1 1 1 1 1 12 10 12 9 12 9 1 1 1 7 1 1 12 10 12 9 1 1 1 1 1 1 1 12 9 1 1 12 9 1 7 1 1 12 9 1 7 1 12 11 1 7 1 12 10 1 12 10 1 1 100 1 8 1 12 10 1 1 1 7 1 1 12 10 1 7 1 1 12 9 1 7 1 12 10 1 1 12 10 1 1 7 1 1 12 10 1 12 9 1 100 1 12 10 1 100 1 1 12 10 1 100 1 12 10 1 12 9 1 100 12 10 1 7 1 12 9 1 12 9 1 1 100 1 12 9 1 1 100 1 12 10 1 1 1 1 1 7 1 12 10 1 7 1 12 10 1 1 1 1 1 1 100 1 1 12 10 1 1 12 10 1 100 1 12 10 1 1 1 1
staticfield com/android/tools/r8/internal/qW k Z 1
ciInstanceKlass com/android/tools/r8/internal/g40 1 1 131 1 8 1 1 7 1 7 1 100 1 1 1 1 1 12 10 1 1 1 7 1 1 12 10 12 9 1 1 100 1 12 10 1 100 12 10 1 7 1 1 12 9 1 7 1 12 10 1 1 12 10 1 1 12 10 1 100 1 12 10 1 12 10 1 12 10 1 100 10 1 12 10 1 12 10 1 100 1 1 12 10 1 1 1 12 10 1 7 1 12 10 1 1 12 10 1 7 1 1 12 11 1 7 1 12 11 1 1 12 11 1 12 10 1 12 10 1 12 10 1 7 1 12 10 1 1 1 1 1 1
staticfield com/android/tools/r8/internal/g40 x Z 1
ciInstanceKlass com/android/tools/r8/internal/Mg 1 1 278 1 8 1 1 7 1 7 1 100 1 1 1 1 1 1 1 1 12 10 1 12 10 12 9 1 7 1 1 12 10 1 100 1 12 10 12 9 12 9 1 1 1 7 1 1 12 10 1 100 1 1 7 1 12 10 1 1 1 1 1 1 1 1 12 9 1 1 12 9 1 7 1 12 9 1 7 1 12 11 1 7 1 12 10 1 12 10 1 1 8 1 12 10 1 1 1 12 10 1 12 10 1 8 1 100 1 1 12 10 15 1 12 18 1 1 1 7 1 12 10 1 12 10 1 100 1 12 10 1 7 1 12 10 1 1 12 10 1 100 1 12 10 1 1 12 10 1 12 10 1 100 1 12 10 1 100 1 100 1 12 10 1 100 12 10 1 1 7 1 1 12 10 1 1 12 10 1 1 100 1 12 9 1 100 1 12 10 1 1 7 1 12 10 1 7 12 9 1 7 1 12 9 1 12 10 1 12 10 1 1 1 100 1 12 10 1 1 100 1 12 10 1 100 1 12 10 1 1 7 1 12 9 12 10 1 1 12 9 1 7 1 1 12 10 1 7 1 12 9 1 1 100 1 12 10 1 1 100 1 100 1 1 12 10 1 1 12 10 1 12 10 1 1 1 1 1 1
staticfield com/android/tools/r8/internal/Mg l Z 1
ciInstanceKlass com/android/tools/r8/internal/K5 1 1 1198 1 8 1 1 7 1 7 1 7 1 7 1 100 1 100 1 100 1 100 1 1 7 1 7 1 1 1 1 1 1 1 1 1 1 1 1 1 1 1 1 1 1 1 1 1 1 1 1 12 9 1 7 1 12 9 1 7 1 1 12 11 12 9 1 1 12 11 1 7 1 1 12 10 12 9 1 100 1 1 12 10 1 7 1 12 10 1 12 10 1 1 12 11 1 16 1 12 10 15 1 16 1 7 1 1 12 10 15 1 1 12 18 1 100 1 1 12 11 1 12 10 1 12 11 12 10 1 12 9 1 7 1 12 10 10 1 7 1 1 12 10 1 7 1 12 10 1 1 12 10 1 12 10 1 8 1 12 10 1 12 10 1 12 10 1 100 12 9 1 7 10 1 1 12 11 1 7 1 12 11 1 1 12 11 1 12 10 1 8 1 8 1 1 12 10 1 8 10 1 1 12 10 1 7 10 1 1 100 12 9 1 10 1 1 12 10 1 12 10 1 12 10 11 1 12 10 1 7 1 12 10 1 1 12 9 1 7 12 10 1 7 1 1 12 10 1 12 10 1 7 1 12 10 16 1 7 1 12 10 15 1 16 1 1 12 18 1 7 12 11 1 12 10 1 12 10 1 7 11 1 1 12 9 1 12 10 12 10 1 8 1 7 1 12 10 1 12 10 1 1 8 1 7 1 100 12 10 1 12 10 1 12 10 1 12 10 10 1 12 10 1 12 10 10 1 12 10 1 1 12 10 12 10 1 12 10 1 12 10 1 12 11 1 1 12 10 1 1 12 10 1 12 10 1 8 1 1 12 10 1 12 10 11 1 1 8 12 10 1 12 10 1 12 10 1 12 10 9 1 7 1 12 10 12 10 1 12 9 1 100 12 10 1 7 1 12 10 1 12 10 1 100 1 100 1 12 10 12 10 1 1 12 10 1 12 10 1 12 10 1 12 10 12 9 10 1 12 9 1 7 10 1 12 10 1 1 12 10 1 100 12 9 1 12 9 100 1 12 10 1 12 10 1 8 12 9 1 12 10 1 1 12 9 10 12 9 1 1 8 1 100 1 1 12 10 15 1 12 18 1 8 1 1 16 12 10 15 1 12 18 12 10 15 18 1 1 12 10 1 12 10 1 1 12 10 1 12 9 1 7 1 12 11 1 12 11 12 10 12 10 15 16 1 12 18 1 1 12 10 12 10 12 9 1 10 12 9 1 7 1 12 10 1 8 1 12 18 10 10 1 7 1 1 12 10 1 1 7 10 10 1 1 100 1 7 10 12 9 12 9 1 12 10 12 9 12 9 1 12 10 11 1 7 1 12 11 1 12 11 1 12 10 10 11 1 11 1 1 12 10 1 1 7 12 10 1 12 10 1 100 12 10 11 15 1 12 18 1 12 10 1 12 10 12 10 1 12 10 1 12 10 9 12 9 12 9 11 10 1 12 10 12 10 1 12 10 1 12 10 12 10 1 12 10 11 1 12 11 12 9 1 12 10 10 15 1 16 1 12 18 1 1 12 11 1 1 12 11 1 100 10 1 1 100 1 100 10 1 12 10 12 10 1 12 10 1 1 12 9 1 12 10 1 12 9 1 1 12 10 12 9 1 12 10 1 1 12 10 1 1 12 10 11 1 12 9 1 1 1 12 10 1 1 12 10 1 100 10 1 8 1 1 12 10 1 12 10 1 8 18 1 8 18 1 8 18 1 8 1 12 18 1 8 18 1 8 16 12 10 15 16 1 1 12 18 1 100 12 10 12 11 1 12 10 1 8 12 10 15 1 12 18 1 8 10 1 8 1 8 12 10 1 8 1 8 12 9 1 8 1 100 1 12 10 1 12 9 1 8 1 12 10 1 12 10 1 12 10 1 100 1 1 12 10 1 12 10 1 1 12 10 1 12 10 1 12 10 1 12 10 1 8 12 10 1 100 12 9 11 1 8 1 8 1 8 10 10 1 1 12 10 11 10 1 7 1 1 12 10 1 12 10 12 9 1 12 9 10 1 12 10 1 12 9 1 7 1 12 10 15 1 16 1 12 18 1 12 10 1 1 12 10 1 1 7 1 12 9 1 7 1 12 10 1 1 12 10 1 1 12 10 1 10 12 10 11 12 10 12 10 9 1 12 10 1 100 1 12 9 12 10 1 1 12 9 1 100 1 1 12 9 1 1 12 10 1 12 10 12 9 1 100 1 100 10 1 12 9 1 7 12 10 1 12 10 1 12 10 1 12 10 12 10 12 10 12 10 9 12 11 1 100 1 8 1 12 10 12 9 1 12 9 1 12 10 1 12 10 12 10 1 7 10 1 12 10 10 1 12 10 11 10 10 1 7 1 12 10 12 10 1 12 10 12 10 12 11 12 9 12 10 15 16 1 12 18 11 12 10 15 18 10 1 1 12 10 15 1 12 18 1 12 11 1 12 10 1 7 1 12 11 1 1 100 10 1 100 1 12 10 12 10 1 100 12 11 12 10 1 1 100 10 1 1 12 10 10 12 9 1 12 10 1 100 1 12 11 1 12 10 1 100 1 7 1 7 12 11 10 1 1 100 1 12 10 10 1 12 10 1 8 1 100 1 1 12 11 1 1 12 10 1 12 9 12 10 10 1 1 12 10 12 10 1 1 7 1 12 10 1 1 100 10 10 1 12 10 11 1 12 10 15 18 12 10 15 18 11 1 1 1 1 1 1 1 1 1
staticfield com/android/tools/r8/internal/K5 p Z 1
ciInstanceKlass com/android/tools/r8/internal/tt0 1 1 33 1 8 1 1 7 1 7 1 100 1 1 1 1 1 1 1 12 10 1 7 1 1 12 10 12 9 12 9 1 1 1 1
instanceKlass com/android/tools/r8/internal/Sz
instanceKlass com/android/tools/r8/internal/Rz
ciInstanceKlass com/android/tools/r8/internal/Uz 1 1 44 1 8 1 1 7 1 7 1 7 1 1 1 1 1 1 1 1 1 12 10 12 9 1 100 10 1 100 12 9 12 9 1 1 7 1 1 12 10 1 1 1 1 1
staticfield com/android/tools/r8/internal/Uz c Z 1
ciInstanceKlass com/android/tools/r8/internal/sI 1 1 282 1 8 1 1 7 1 7 1 1 1 1 12 10 1 1 1 7 1 1 12 10 12 9 1 1 1 1 1 1 100 1 12 10 1 1 1 100 1 1 12 9 1 1 1 8 1 1 7 1 12 10 1 7 1 12 10 1 1 12 10 1 12 10 1 1 12 10 12 10 1 12 10 1 7 1 7 1 1 12 10 1 12 10 1 100 10 1 12 10 1 100 1 7 1 12 10 1 100 10 1 100 1 12 10 1 1 7 1 1 12 10 12 10 1 1 1 1 100 1 12 9 1 100 1 12 10 1 100 1 12 9 1 100 1 100 1 100 1 12 9 1 100 1 1 12 10 1 100 1 100 1 12 10 1 100 1 1 12 10 1 100 1 12 9 1 100 1 12 10 1 12 9 12 9 1 100 1 12 10 1 12 10 12 9 1 1 100 1 12 10 1 100 1 12 10 1 1 1 12 10 1 100 1 1 12 10 1 100 1 12 10 1 12 10 1 1 12 10 1 12 10 1 100 1 12 10 1 100 1 12 10 1 12 10 1 12 10 1 1 12 10 1 100 1 1 12 10 1 12 10 1 100 12 10 1 1 100 1 12 10 1 1 100 1 12 9 1 100 1 1 12 10 1 100 1 12 10 1 1 1 1
staticfield com/android/tools/r8/internal/sI m Z 1
ciInstanceKlass com/android/tools/r8/internal/N5 1 1 957 1 8 1 1 7 1 7 1 7 1 100 1 100 1 1 100 1 100 1 1 1 1 1 1 1 1 1 1 1 1 1 1 12 9 1 7 12 11 1 1 12 11 1 1 12 9 1 7 1 12 10 1 7 1 12 11 1 1 12 11 1 12 11 1 12 10 1 12 9 1 12 10 12 9 1 12 10 1 100 1 1 12 10 12 9 12 9 1 12 10 1 1 12 11 12 9 1 7 12 10 1 12 10 1 7 1 100 1 100 1 100 1 7 1 12 10 1 12 11 1 1 12 11 1 1 12 10 1 100 10 1 7 11 1 12 11 12 10 1 100 1 1 12 11 1 12 10 1 12 10 1 1 12 10 1 12 11 1 12 10 11 1 1 12 10 1 7 1 12 10 1 1 12 10 1 7 11 1 12 9 1 7 1 12 10 1 1 12 10 1 12 9 1 7 1 12 10 1 12 9 11 12 10 1 1 12 10 12 10 12 9 1 12 10 1 12 9 1 12 11 11 12 11 1 100 10 1 1 10 1 7 10 1 12 11 10 1 12 10 1 12 10 1 100 1 12 10 1 12 10 1 12 10 10 1 1 12 10 12 9 1 1 12 10 12 10 1 100 1 12 10 1 100 1 12 10 12 10 1 1 100 1 12 10 1 12 10 1 12 10 1 100 1 12 10 1 100 1 1 12 10 1 1 12 10 1 1 12 9 1 12 9 1 100 1 12 9 1 100 10 1 100 9 1 12 10 1 100 12 9 1 12 10 11 1 1 100 1 12 10 1 12 10 1 12 10 1 1 12 10 1 100 1 1 12 10 1 100 1 12 10 1 100 1 12 9 1 100 1 12 11 1 12 10 1 1 12 10 1 100 12 11 1 1 12 10 1 100 1 12 10 1 12 10 12 10 1 12 10 1 1 100 1 100 1 12 10 1 12 10 1 12 10 12 10 1 12 9 1 12 10 12 10 1 12 10 1 100 1 12 10 1 12 10 1 100 11 1 100 1 100 1 12 9 1 12 10 1 12 11 1 12 9 1 12 9 1 12 10 1 12 10 1 100 1 12 10 10 1 1 12 10 1 100 1 12 10 1 1 1 100 1 1 12 10 12 10 1 100 1 12 10 1 1 100 1 12 10 1 12 10 1 100 12 10 1 12 10 1 1 12 11 1 12 10 1 100 1 12 9 1 100 10 1 12 9 12 10 1 100 1 12 9 12 10 1 12 10 1 1 12 11 1 12 10 12 11 1 12 10 1 16 1 12 10 15 1 16 1 7 1 1 12 10 15 1 12 18 1 100 1 12 10 1 12 10 9 1 12 9 1 7 12 10 1 12 10 1 7 10 1 12 10 1 100 1 1 12 11 1 12 11 1 1 1 12 11 10 1 1 1 12 10 1 100 1 12 10 1 100 1 1 12 9 1 100 12 9 1 12 10 1 100 1 12 10 1 12 10 9 1 100 1 100 12 9 1 100 11 1 12 10 1 12 10 1 12 10 1 12 9 1 100 12 10 1 100 9 1 100 1 12 10 10 1 12 10 1 1 12 10 1 12 10 1 12 10 1 12 10 1 100 12 10 10 1 12 10 1 12 10 1 1 12 10 1 12 10 11 1 12 10 1 100 12 10 12 10 11 1 100 12 10 12 9 10 1 12 10 12 10 1 100 1 12 10 12 10 1 12 11 1 12 10 12 9 1 12 10 1 1 12 10 16 1 12 10 15 1 16 1 1 12 18 1 100 1 1 12 11 1 100 1 12 10 1 12 10 12 10 11 1 12 10 1 12 10 1 1 12 10 1 100 1 12 10 12 9 1 100 1 12 9 1 100 12 10 1 100 1 100 1 12 10 1 100 1 12 10 1 12 10 1 12 10 11 1 12 10 12 10 10 10 1 12 10 1 12 10 10 1 12 10 15 1 16 1 12 18 1 100 12 11 9 12 9 1 12 9 12 9 15 18 1 7 1 12 11 10 1 12 10 1 12 10 10 12 10 11 12 10 12 9 1 12 10 1 12 9 1 12 10 1 12 10 1 100 9 1 100 10 10 12 10 1 12 10 1 12 10 10 1 10 1 7 1 1 12 10 1 1 12 10 1 12 10 1 12 10 15 1 12 18 1 12 9 1 12 10 1 100 10 1 1 7 1 12 10 15 18 1 1 1 1 1 1
staticfield com/android/tools/r8/internal/N5 g Z 1
ciInstanceKlass com/android/tools/r8/internal/aA 1 1 1527 1 8 1 1 7 1 7 1 100 1 100 1 7 1 7 1 7 1 100 1 100 1 100 1 1 7 1 7 1 1 100 1 7 1 1 1 1 1 1 1 1 1 1 1 1 1 1 1 1 1 1 1 1 1 1 12 10 1 7 1 1 12 10 1 1 12 10 1 12 9 1 100 1 1 12 10 1 100 1 12 10 1 100 1 1 12 10 12 9 1 7 12 10 1 1 12 10 1 7 1 12 10 1 1 12 9 12 9 1 1 1 1 7 1 12 10 1 7 1 12 9 1 7 1 1 12 10 1 1 12 9 1 1 7 1 1 12 10 1 7 1 100 1 1 12 11 1 12 11 12 10 1 12 10 1 7 1 12 10 1 1 12 10 1 12 9 1 7 1 1 12 10 1 7 1 1 12 11 1 100 1 12 10 1 1 12 10 1 12 10 1 1 12 10 1 12 10 1 7 1 7 11 11 1 12 10 1 100 1 12 10 1 12 10 1 12 11 1 100 1 12 11 1 1 12 10 1 7 1 12 11 1 100 1 12 10 1 12 10 12 10 1 12 10 1 100 10 1 12 10 1 100 12 10 1 12 10 1 12 10 1 12 11 1 1 12 10 1 16 1 12 10 15 16 1 7 1 1 12 10 15 1 1 12 18 1 100 1 1 12 11 1 10 12 10 12 9 10 1 1 12 10 1 100 11 12 9 10 1 12 10 1 12 10 1 12 10 12 10 1 12 10 11 1 1 12 11 1 1 12 10 1 1 1 12 10 1 12 10 10 1 7 1 12 10 1 100 1 12 10 1 12 10 10 1 7 1 12 10 12 10 12 10 12 10 12 9 1 1 1 100 1 8 1 12 10 1 12 10 1 1 12 10 1 8 12 10 1 1 1 7 1 12 11 1 12 10 1 10 1 12 9 1 12 9 1 12 11 10 12 10 1 7 10 1 7 10 1 12 10 10 1 12 10 12 9 1 12 10 10 12 10 1 12 10 1 7 1 12 10 12 10 12 9 1 1 12 9 1 12 9 1 1 12 10 1 12 10 1 12 10 1 12 10 1 100 1 1 12 10 1 12 9 1 12 10 15 1 16 18 1 12 10 1 100 11 1 100 1 1 12 10 1 100 1 1 12 10 1 100 1 12 10 1 100 1 1 12 10 1 100 1 12 11 1 12 10 1 100 1 12 10 16 12 10 15 1 12 18 1 1 15 1 12 18 1 1 12 10 1 100 1 12 10 12 10 15 18 1 7 1 12 10 1 1 1 7 10 1 1 12 10 10 1 12 10 1 100 1 12 10 1 12 10 1 100 1 12 10 10 1 1 12 10 1 12 10 1 100 1 100 12 10 1 100 10 12 10 1 100 12 10 1 12 9 1 100 1 12 10 1 12 10 1 12 10 1 12 10 1 7 12 11 1 12 10 15 18 1 100 1 12 11 12 9 1 12 9 1 12 10 1 1 7 12 10 1 12 10 1 1 7 1 12 10 1 10 12 10 12 10 1 12 10 1 1 12 10 1 7 11 11 12 10 1 12 11 11 16 1 12 10 15 1 16 1 12 18 1 1 12 11 10 15 16 1 12 18 12 10 1 1 100 1 100 12 10 10 1 7 10 12 10 12 10 12 10 12 10 1 12 10 1 12 10 1 12 10 1 7 1 12 10 1 7 1 12 9 1 12 10 12 10 1 12 10 15 12 18 11 3 1 12 9 12 9 1 1 12 10 1 7 12 10 10 1 12 10 11 11 11 1 100 1 12 10 1 12 10 15 1 12 18 1 7 1 12 10 1 1 10 1 12 10 1 12 10 15 1 12 18 1 12 10 1 12 11 10 10 1 12 10 11 1 1 12 10 1 100 12 10 1 100 1 100 1 12 9 1 7 1 12 9 1 12 10 12 10 1 12 11 12 10 1 1 100 12 10 12 10 12 9 1 12 10 1 8 1 100 1 1 12 10 15 1 12 18 10 10 1 12 10 12 10 1 8 1 12 18 1 12 10 12 10 12 10 1 12 10 12 10 1 12 9 1 12 10 1 12 10 1 12 10 12 10 1 1 12 10 1 100 1 12 10 1 100 1 12 10 12 9 11 1 7 1 7 1 12 9 1 100 1 1 12 10 1 100 1 12 10 1 7 10 1 16 1 12 10 15 16 1 1 12 18 1 100 1 12 10 15 1 16 1 12 18 1 100 1 1 12 11 12 10 15 18 11 1 12 11 11 12 10 15 18 11 12 10 15 18 1 1 12 9 1 100 1 12 10 12 10 1 100 1 12 10 1 1 12 10 1 12 10 12 10 12 10 12 10 1 1 12 10 15 16 18 1 12 10 1 12 10 1 100 1 12 10 12 11 1 12 9 1 10 12 10 10 1 7 10 1 12 10 10 12 10 1 12 9 1 7 1 12 10 1 12 9 11 1 12 9 1 100 11 11 1 1 12 11 1 12 10 11 10 11 1 12 10 1 12 11 12 11 11 1 12 10 100 12 10 11 1 12 10 1 16 1 12 10 15 1 16 1 1 12 18 1 1 12 10 10 15 18 15 18 10 10 11 1 12 10 1 1 12 10 1 12 10 10 12 10 1 8 1 12 18 12 10 10 12 10 12 10 1 12 10 1 100 1 12 9 1 12 10 12 10 1 12 10 1 100 12 10 1 12 10 1 12 10 1 8 1 12 18 1 12 10 1 16 1 12 10 15 1 16 1 12 18 1 100 1 12 10 12 10 12 10 12 10 1 12 10 1 100 10 10 1 8 1 100 1 8 1 12 10 1 8 12 10 1 8 1 12 10 1 8 1 100 1 8 1 100 1 8 1 100 1 8 1 100 1 8 12 10 1 8 1 100 1 8 10 1 8 1 12 10 1 8 1 100 1 8 1 100 1 8 1 12 10 1 8 1 100 1 8 1 12 10 1 8 1 100 1 8 1 100 1 8 1 100 1 8 1 12 10 1 8 1 100 1 8 1 100 1 8 1 100 1 8 1 100 1 8 12 10 1 8 1 12 10 1 8 1 100 1 8 1 100 1 8 1 100 1 8 10 1 100 1 12 9 1 100 12 10 12 10 1 100 1 1 12 10 1 12 10 1 12 10 1 100 1 12 10 12 10 15 1 12 18 12 10 15 1 16 18 1 100 1 1 12 10 1 1 12 10 1 1 12 11 1 16 12 10 15 16 1 12 18 1 12 11 12 10 15 18 12 10 15 18 12 10 1 1 100 12 10 12 11 1 1 12 10 1 1 10 12 9 1 12 10 1 1 1 12 11 11 12 10 15 18 1 12 11 12 10 15 18 1 12 10 1 100 1 12 10 1 100 1 12 10 1 100 12 10 1 12 10 1 100 1 12 9 1 100 1 12 10 10 10 1 100 1 100 1 12 11 1 100 10 12 11 1 1 7 1 12 10 12 10 15 12 18 1 12 10 12 10 1 1 1 1 1 1 1 1 1 1
staticfield com/android/tools/r8/internal/aA k Z 1
ciInstanceKlass com/android/tools/r8/internal/Tw 1 1 34 1 8 1 1 7 1 7 1 1 1 1 12 9 1 12 10 1 1 1 7 1 1 12 9 1 7 1 1 12 11 1 1 1
ciInstanceKlass com/android/tools/r8/internal/CQ 1 1 1450 1 8 1 1 7 1 7 1 7 1 7 1 100 1 7 1 1 1 1 1 1 1 1 1 1 1 1 1 1 1 1 1 1 1 1 1 1 1 1 1 1 1 1 1 1 1 1 1 1 12 9 1 7 1 12 10 1 12 9 12 10 1 100 1 1 12 10 12 9 12 10 1 7 10 12 9 1 1 12 10 1 7 1 12 11 1 1 12 11 1 7 12 10 12 9 1 12 10 1 7 1 1 12 10 1 1 12 10 12 9 1 7 1 1 12 10 1 7 12 10 12 9 12 9 12 9 100 1 12 10 12 9 12 9 1 12 9 9 3 3 1 12 9 1 12 10 1 12 10 12 9 12 9 1 7 12 9 1 7 10 1 7 1 12 10 1 7 1 7 11 11 1 7 1 12 10 1 7 1 12 11 1 1 1 12 10 12 9 1 7 10 12 9 1 7 11 1 12 10 1 12 10 12 9 12 9 12 9 1 7 10 1 12 10 12 9 12 10 1 7 12 10 1 12 10 12 9 1 12 9 12 10 1 12 10 1 12 10 12 10 10 1 12 9 1 12 10 1 1 12 10 1 7 1 1 12 10 1 12 10 10 11 1 12 10 12 9 1 7 10 1 1 12 10 12 9 1 7 1 1 12 10 1 7 1 1 12 9 1 12 10 1 12 10 1 1 12 10 1 12 10 1 12 10 1 7 1 12 10 12 10 1 12 10 12 9 12 10 1 12 9 1 7 12 9 1 1 12 10 1 12 10 1 1 12 10 1 7 1 12 9 1 7 12 9 12 9 12 9 12 10 1 1 12 10 1 7 1 12 10 1 12 10 1 1 12 10 1 12 10 1 100 1 100 1 12 10 1 1 12 10 1 100 1 100 1 100 12 10 1 1 12 10 1 12 10 1 1 7 12 10 1 12 10 12 10 1 7 1 1 12 10 12 9 10 12 10 3 1 7 1 1 7 1 12 11 1 7 1 7 1 12 11 12 10 12 10 1 12 10 1 100 1 1 12 10 1 8 1 100 1 1 12 10 15 1 12 18 1 12 10 1 10 1 7 12 10 10 12 10 16 1 7 11 15 1 7 1 1 12 10 15 1 1 12 18 1 12 10 10 12 10 11 1 12 10 12 10 12 10 1 12 10 10 1 12 10 12 9 10 10 12 9 10 10 1 7 12 9 1 12 10 12 9 9 10 12 10 12 10 9 1 1 12 10 1 7 11 1 7 12 10 1 1 12 10 11 12 9 1 12 9 12 10 11 1 12 10 12 10 1 7 1 12 10 12 10 10 10 1 12 10 12 9 1 12 9 1 7 1 12 10 1 12 10 1 12 10 1 12 10 1 12 10 12 10 12 9 10 12 9 1 7 10 1 7 1 12 9 1 12 10 12 10 1 1 12 11 12 10 12 10 10 16 12 10 15 1 16 1 12 18 1 1 12 10 1 16 1 12 10 15 16 1 1 12 18 1 12 10 1 12 10 10 12 10 1 12 10 1 1 12 10 1 7 1 12 9 1 7 10 1 12 10 1 12 10 1 1 12 10 1 7 10 1 7 1 7 1 12 11 1 12 10 1 12 10 9 1 12 10 1 12 10 1 1 12 10 1 12 9 1 7 1 12 10 1 7 1 1 12 10 1 7 12 10 12 10 12 11 1 12 10 1 12 11 1 12 10 1 12 10 1 1 12 10 1 7 1 12 10 1 100 12 10 12 10 12 10 1 7 1 12 10 1 12 10 11 12 9 12 9 12 10 12 9 12 11 1 12 10 12 9 12 9 1 12 10 1 12 10 1 12 9 1 7 12 10 12 9 12 9 1 12 11 1 1 12 10 1 7 11 10 12 10 12 10 1 12 9 1 12 10 1 100 1 1 12 10 1 100 1 12 10 1 12 10 1 100 1 7 1 12 10 12 10 1 1 12 10 1 12 10 1 7 12 10 1 12 10 1 100 1 8 1 12 18 1 1 12 10 1 12 10 12 10 1 10 11 1 1 100 1 8 1 12 10 12 10 1 1 12 10 1 8 1 12 10 1 8 10 1 8 1 12 18 1 100 1 12 10 1 8 1 12 18 1 8 12 10 1 8 12 10 1 1 1 12 9 1 7 1 12 10 1 1 12 10 1 12 10 12 9 1 12 10 1 12 10 1 1 7 10 10 12 10 12 10 12 10 1 1 12 10 16 15 16 1 12 18 16 15 1 16 1 12 18 12 10 15 18 12 10 15 18 15 18 15 18 1 12 10 1 12 10 15 16 1 12 18 10 12 10 1 12 10 1 12 10 1 12 10 1 12 10 10 1 12 10 12 10 1 1 12 10 9 10 1 12 9 1 1 12 10 1 12 10 12 11 10 10 10 10 10 10 10 1 12 10 10 1 12 10 1 100 1 1 12 10 12 10 1 7 12 10 9 1 12 10 12 10 1 7 12 10 10 10 12 10 11 10 12 10 10 1 12 9 1 7 12 10 12 10 1 12 10 12 10 1 7 10 1 7 1 12 10 1 7 1 12 10 1 7 1 1 12 11 1 7 1 7 1 12 9 1 7 1 12 10 1 1 12 10 1 7 9 11 1 7 1 12 9 1 12 10 1 12 10 1 7 10 12 10 1 12 9 12 10 1 12 10 12 9 12 9 12 9 12 10 12 10 12 10 12 10 1 7 12 10 12 10 10 1 1 12 9 10 1 12 10 15 1 12 18 12 10 15 18 12 10 1 1 10 10 1 9 12 9 9 1 7 1 12 9 1 12 10 12 10 1 12 10 10 1 12 10 1 11 12 10 1 9 1 1 7 1 12 10 12 10 16 12 10 15 16 1 1 12 18 1 7 1 1 12 11 12 10 9 12 11 1 12 10 1 12 10 15 1 16 18 1 7 10 1 12 9 1 7 1 12 10 11 12 10 15 16 1 12 18 1 7 1 12 11 12 10 15 1 16 1 12 18 1 1 12 10 12 9 1 12 9 12 10 12 10 10 1 12 10 1 7 1 7 12 9 1 12 10 1 7 10 10 1 7 11 10 1 7 1 12 11 1 7 12 10 1 12 10 10 1 1 12 10 11 1 7 1 1 12 10 12 10 11 12 10 10 1 100 10 9 10 9 1 7 1 12 10 10 12 10 1 7 1 12 10 1 1 12 9 1 7 10 1 12 10 10 1 7 10 1 12 10 1 7 12 10 10 10 12 10 1 12 10 1 12 9 1 12 11 1 7 1 12 9 100 1 12 10 12 10 1 8 12 10 1 12 10 15 1 16 18 1 1 1 1 1 1 1 1
staticfield com/android/tools/r8/internal/CQ r Z 1
instanceKlass com/android/tools/r8/internal/E0
ciInstanceKlass com/android/tools/r8/internal/U0 1 1 140 1 8 1 1 7 1 7 1 100 1 1 1 1 1 12 10 1 1 1 1 12 10 1 100 12 11 1 1 1 12 11 1 1 1 12 10 1 100 10 1 1 12 11 1 8 1 100 1 12 10 11 1 1 8 1 8 12 11 1 1 1 100 1 1 12 10 1 100 1 12 10 1 100 11 1 1 12 11 1 100 1 12 10 1 1 12 11 12 11 1 12 11 12 9 12 10 1 100 1 12 10 1 12 9 12 10 1 7 10 1 1 1 1 12 10 1 12 11 1 1 12 10 1 1 1 1 1 100 1 8 1 1 12 10 1 1 1 8 1
instanceKlass com/android/tools/r8/internal/fz
ciInstanceKlass com/android/tools/r8/internal/E0 1 1 190 1 8 1 1 7 1 7 1 100 1 1 1 1 1 1 1 12 10 1 7 1 1 12 11 12 9 1 100 10 1 1 1 7 1 1 12 9 1 100 1 1 12 11 1 1 1 12 11 1 7 1 12 11 1 100 1 12 10 1 1 7 10 1 1 100 1 1 12 10 1 16 12 10 15 1 16 1 100 1 1 12 10 15 1 12 18 1 1 12 11 1 1 1 12 11 1 100 11 1 100 1 12 11 1 1 12 11 12 11 12 9 1 1 1 12 11 1 100 1 12 10 1 100 1 12 10 1 1 100 1 12 10 1 12 10 1 8 1 1 12 11 1 12 10 1 1 12 11 5 0 1 8 1 100 1 100 1 1 12 10 1 100 1 12 10 1 12 10 1 100 1 12 10 1 1 12 11 1 8 1 100 1 12 10 1 1 1 1 1
ciInstanceKlass com/android/tools/r8/internal/fz 1 1 31 1 8 1 1 100 1 7 1 1 1 1 1 7 12 10 1 12 10 1 1 100 1 1 12 10 12 10 1 1 1
staticfield com/android/tools/r8/internal/fz f I 0
instanceKlass com/android/tools/r8/internal/nc0
instanceKlass com/android/tools/r8/internal/oc0
ciInstanceKlass com/android/tools/r8/internal/mc0 1 1 23 1 8 1 1 100 1 7 1 100 1 1 12 10 1 1 1 1 1 1 1 1 1
ciInstanceKlass com/android/tools/r8/internal/oc0 1 1 67 1 8 1 1 7 1 7 1 1 1 1 1 1 1 1 1 12 10 12 9 1 7 1 7 1 12 9 1 12 10 12 9 1 1 7 1 1 12 10 12 9 1 1 1 12 10 1 100 10 1 100 12 10 1 12 10 1 12 10 1 12 9 1 1 1 1
staticfield com/android/tools/r8/internal/oc0 c Z 1
ciInstanceKlass com/android/tools/r8/internal/nc0 1 1 136 1 8 1 1 7 1 7 1 1 1 1 1 1 1 1 1 1 1 1 1 1 12 10 12 9 12 9 3 1 7 12 10 12 9 12 9 12 9 12 9 1 1 7 1 1 12 10 12 9 1 1 1 12 10 1 100 10 1 100 1 7 1 1 12 10 1 100 1 8 1 100 1 1 12 10 15 1 12 18 1 12 10 1 1 7 1 7 1 1 12 10 1 7 1 1 12 10 1 12 9 1 7 1 12 9 1 12 10 1 1 12 10 1 12 9 1 7 1 12 10 1 1 12 10 1 7 1 12 9 1 1 1 1 1 1
staticfield com/android/tools/r8/internal/nc0 g Z 1
ciInstanceKlass com/android/tools/r8/internal/YR 1 1 367 1 8 1 1 7 1 1 7 1 100 1 1 1 1 1 1 1 1 1 1 1 1 1 1 1 1 1 1 1 1 1 1 1 1 1 1 1 1 12 9 12 9 1 16 1 1 12 10 15 1 16 1 100 1 1 12 10 15 1 1 12 18 1 100 1 1 12 11 1 7 1 1 12 10 12 9 1 7 12 9 1 1 12 10 1 7 1 1 12 11 1 1 12 11 1 1 12 10 12 9 1 12 10 1 1 12 10 1 12 10 1 100 1 12 10 1 12 9 1 7 1 1 12 10 1 7 12 10 1 12 10 1 7 1 1 12 10 12 9 1 7 1 1 12 10 12 9 12 10 1 3 12 10 12 9 12 9 12 9 1 12 9 12 9 12 9 1 12 9 1 7 1 12 10 1 12 9 1 7 11 11 1 7 1 1 12 10 1 12 9 12 9 9 11 1 12 9 1 7 10 1 7 9 12 9 1 7 1 1 12 10 1 12 11 1 12 9 1 12 10 1 12 10 11 1 10 9 3 1 12 10 1 1 7 1 12 11 1 12 10 10 12 10 16 1 12 10 15 1 16 1 1 12 18 1 12 10 12 10 10 10 1 12 10 1 1 12 11 1 1 12 10 10 1 12 10 1 12 10 12 10 3 12 10 1 100 1 1 12 10 1 8 1 12 10 1 1 1 100 1 8 1 12 10 1 1 12 10 1 8 1 12 10 1 12 10 1 8 1 8 12 10 10 1 8 1 8 1 1 12 10 1 12 10 1 10 12 10 10 12 9 1 1 12 10 1 7 11 1 7 12 9 12 9 1 1 7 1 12 10 1 1 1 1 1 1
staticfield com/android/tools/r8/internal/YR s Z 1
ciInstanceKlass com/android/tools/r8/internal/bS 1 1 53 1 8 1 1 7 1 1 7 1 100 1 1 1 1 1 1 1 1 12 10 12 9 12 9 1 3 12 10 12 9 1 1 1 8 1 100 1 1 12 10 15 1 12 18 1 1 1 1 1 1 1 1
staticfield com/android/tools/r8/internal/bS d Lcom/android/tools/r8/internal/bS; com/android/tools/r8/internal/bS
ciInstanceKlass com/android/tools/r8/internal/Zz 1 1 72 1 8 1 1 7 1 7 1 7 1 1 1 1 1 1 1 1 1 1 1 12 10 12 9 1 100 1 1 12 10 1 100 10 1 100 1 7 1 100 12 9 12 9 12 9 1 1 7 1 1 12 10 1 1 1 100 10 1 1 12 10 11 1 12 10 11 1 1 1 1 1
staticfield com/android/tools/r8/internal/Zz d Z 1
ciInstanceKlass com/android/tools/r8/internal/ZR 1 1 34 1 8 1 1 7 1 1 7 1 100 1 1 1 1 1 1 12 10 12 9 12 9 1 1 1 1 1 1 1 1 1 1 1
ciInstanceKlass com/android/tools/r8/internal/lc0 1 1 44 1 8 1 1 7 1 7 1 100 1 1 1 1 1 1 1 1 12 10 1 1 1 8 12 10 12 9 1 8 12 9 1 8 12 9 1 8 12 9 1 1 1 1
staticfield com/android/tools/r8/internal/lc0 b Lcom/android/tools/r8/internal/lc0; com/android/tools/r8/internal/lc0
staticfield com/android/tools/r8/internal/lc0 c Lcom/android/tools/r8/internal/lc0; com/android/tools/r8/internal/lc0
staticfield com/android/tools/r8/internal/lc0 d Lcom/android/tools/r8/internal/lc0; com/android/tools/r8/internal/lc0
staticfield com/android/tools/r8/internal/lc0 e Lcom/android/tools/r8/internal/lc0; com/android/tools/r8/internal/lc0
ciInstanceKlass com/android/tools/r8/internal/Uk0 1 1 419 1 8 1 1 7 1 7 1 1 1 1 1 1 1 1 1 1 1 1 1 1 1 1 1 1 12 10 1 7 10 12 9 12 9 12 9 12 9 12 9 12 9 12 9 1 7 1 12 10 1 7 12 9 1 7 1 12 10 1 7 1 1 12 9 1 12 10 1 12 10 12 9 1 7 1 12 9 1 7 1 1 12 10 1 7 1 1 12 11 1 1 12 11 1 7 12 9 1 7 1 1 12 10 1 7 12 9 1 7 1 1 12 10 1 1 12 10 1 1 7 10 1 1 7 1 12 10 12 9 1 1 100 10 1 7 1 7 1 12 10 1 12 10 1 12 9 1 12 10 1 12 9 12 9 1 12 9 1 16 12 10 15 16 1 7 1 1 12 10 15 1 1 12 18 1 1 12 10 1 7 1 1 12 11 1 1 12 10 1 1 12 10 1 7 1 7 11 1 12 10 1 12 10 11 1 7 1 12 9 1 7 1 12 9 1 12 10 1 12 10 12 9 16 15 16 1 1 12 18 1 7 1 12 11 1 7 1 12 11 12 10 15 18 12 10 15 18 12 9 1 1 12 10 12 10 1 12 10 1 12 10 1 1 12 10 15 1 16 1 12 18 1 1 12 11 1 7 1 12 11 1 12 10 1 1 12 10 1 1 12 10 1 7 1 12 10 1 12 10 1 1 12 10 1 100 1 12 10 1 12 10 1 7 1 1 12 10 1 7 1 12 10 1 12 10 12 10 1 12 11 1 1 12 11 1 12 10 12 10 15 18 1 7 1 12 10 11 12 9 12 10 1 12 9 12 10 1 12 10 1 7 1 12 9 1 12 10 1 12 10 1 12 9 1 1 12 10 1 7 1 1 12 9 1 7 1 12 10 1 12 10 1 12 10 12 10 12 9 1 7 1 1 12 10 9 12 10 1 7 11 1 12 10 1 1 1 1 1
staticfield com/android/tools/r8/internal/Uk0 i Z 1
ciInstanceKlass com/android/tools/r8/internal/CQ$$Lambda$617+0x0000027d812452a8 1 1 28 1 7 1 7 1 100 1 1 1 1 1 12 10 12 9 1 1 1 7 1 7 1 1 12 10 1 1
ciInstanceKlass com/android/tools/r8/internal/CQ$$Lambda$621+0x0000027d81245dd0 1 1 34 1 7 1 7 1 100 1 1 1 1 1 12 10 12 9 1 1 1 100 1 100 1 1 12 10 1 100 1 1 12 10 1 1
ciInstanceKlass com/android/tools/r8/internal/CQ$$Lambda$625+0x0000027d81246750 1 1 28 1 7 1 7 1 100 1 1 1 1 1 12 10 12 9 1 1 1 7 1 7 1 1 12 10 1 1
ciInstanceKlass com/android/tools/r8/internal/CQ$$Lambda$628+0x0000027d81246bf0 1 1 34 1 7 1 7 1 100 1 1 1 1 1 12 10 12 9 1 1 1 7 1 7 1 1 12 10 1 7 1 1 12 10 1 1
ciInstanceKlass com/android/tools/r8/internal/CQ$$Lambda$631+0x0000027d81247510 1 1 28 1 7 1 7 1 100 1 1 1 1 1 12 10 12 9 1 1 1 7 1 7 1 1 12 10 1 1
ciInstanceKlass com/android/tools/r8/internal/CQ$$Lambda$635+0x0000027d8124c000 1 1 34 1 7 1 7 1 100 1 1 1 1 1 12 10 12 9 1 1 1 7 1 7 1 1 12 10 1 7 1 1 12 10 1 1
instanceKlass com/android/tools/r8/internal/sJ
instanceKlass com/android/tools/r8/internal/Ac0
ciInstanceKlass com/android/tools/r8/internal/zB 1 1 147 1 8 1 1 7 1 7 1 100 1 1 1 1 1 1 1 1 1 1 12 10 12 10 1 100 1 1 12 10 1 1 12 9 12 10 1 100 1 1 1 1 12 11 1 1 100 1 12 10 1 1 100 1 12 10 1 1 1 100 1 12 10 1 1 1 100 12 10 1 12 9 1 7 1 1 12 10 1 100 1 1 12 9 1 7 1 12 10 1 100 1 1 1 1 1 12 10 10 1 1 100 1 100 1 100 1 12 11 1 1 12 11 1 100 12 10 12 10 1 100 1 1 12 10 1 1 1 1 1 1 1 100 1 8 1 1 12 10 1 1 1 8 1 1 8 1
staticfield com/android/tools/r8/internal/zB e I 0
instanceKlass com/android/tools/r8/internal/zc0
ciInstanceKlass com/android/tools/r8/internal/bX 1 1 37 1 8 1 1 7 1 7 1 100 1 1 1 1 1 1 1 12 10 12 9 12 9 1 8 1 7 1 1 12 10 1 1 1 1 1 1
ciInstanceKlass com/android/tools/r8/internal/aX 1 1 31 1 8 1 1 7 1 7 1 100 1 1 1 1 12 10 1 10 12 9 1 1 1 7 1 1 12 10 1 1 1
staticfield com/android/tools/r8/internal/aX b Lcom/android/tools/r8/internal/aX; com/android/tools/r8/internal/aX
ciInstanceKlass com/android/tools/r8/internal/Lh 1 1 34 1 8 1 1 7 1 7 1 100 1 1 1 1 1 12 10 12 9 1 1 1 1 1 1 1 100 1 12 10 1 1 1 1
ciInstanceKlass com/android/tools/r8/internal/T0 1 1 60 1 8 1 1 7 1 7 1 1 1 1 12 9 1 12 10 1 1 1 1 1 7 1 12 10 1 1 1 12 10 1 1 1 100 1 12 10 12 10 12 10 1 100 1 12 11 1 1 100 12 11 1 1 12 11 1 1 1 1
instanceKlass com/android/tools/r8/internal/bX
instanceKlass com/android/tools/r8/internal/B0
ciInstanceKlass com/android/tools/r8/internal/ZW 1 1 56 1 8 1 1 100 1 7 1 1 12 10 1 1 1 1 12 10 1 1 12 10 1 100 1 12 10 1 12 10 1 1 1 100 1 1 12 10 1 100 10 1 1 12 10 1 8 1 12 10 12 10 1 1 1 1
ciInstanceKlass com/android/tools/r8/internal/B0 1 1 58 1 8 1 1 7 1 7 1 1 1 1 1 1 12 9 12 9 1 12 10 1 1 7 1 12 11 1 1 1 12 11 1 7 1 12 9 1 100 1 1 12 9 1 100 1 12 9 1 100 1 1 12 11 1 1 1 1
ciInstanceKlass com/android/tools/r8/internal/yB 1 1 64 1 8 1 1 7 1 7 1 1 1 1 12 9 1 12 10 1 1 1 100 12 10 1 1 1 7 1 1 12 10 1 7 12 10 1 1 1 100 1 12 10 1 1 12 10 1 100 1 12 11 1 12 10 1 1 1 1 12 10 1 1 1 1
ciInstanceKlass com/android/tools/r8/internal/Ac0 1 1 202 1 8 1 1 7 1 7 1 1 1 1 1 1 1 1 1 1 1 1 1 1 7 1 1 12 11 1 7 12 9 1 7 1 12 9 1 1 12 10 100 1 7 1 12 10 1 1 12 11 1 7 1 1 12 11 1 1 12 11 1 7 1 12 10 1 7 1 1 12 10 12 10 1 12 10 1 12 10 1 7 1 12 10 1 12 10 1 100 1 12 10 1 100 1 1 12 10 1 100 1 100 1 100 10 1 12 10 1 100 1 1 12 10 1 1 12 10 1 100 1 12 10 1 1 12 10 1 7 1 12 10 1 12 10 12 9 12 9 12 9 12 9 12 9 1 1 7 1 1 12 9 12 10 12 9 1 12 10 1 12 9 1 100 1 12 10 12 9 1 1 7 1 7 1 1 12 10 1 12 10 1 100 1 1 1 1 1 1 100 1 8 1 1 12 10 1 1 1 8 1 1
staticfield com/android/tools/r8/internal/Ac0 k [Lcom/android/tools/r8/internal/bX; 0 [Lcom/android/tools/r8/internal/bX;
staticfield com/android/tools/r8/internal/Ac0 l Lcom/android/tools/r8/internal/zB; com/android/tools/r8/internal/Ac0
ciInstanceKlass com/android/tools/r8/internal/zc0 1 1 22 1 8 1 1 7 1 7 1 1 1 1 1 12 10 12 9 1 1 1 1 1
ciInstanceKlass com/android/tools/r8/internal/CQ$$Lambda$818+0x0000027d812c7a08 1 1 26 1 7 1 7 1 100 1 1 1 1 1 12 10 12 9 1 1 1 7 1 1 12 11 1 1
ciMethodData java/lang/Object <init> ()V 2 8607259 orig 80 0 0 0 0 0 0 0 0 0 0 0 0 0 0 0 0 0 0 0 0 0 0 0 0 0 0 0 0 0 0 0 0 0 0 0 0 0 0 0 0 0 0 0 0 0 0 0 0 0 0 0 0 0 0 0 0 0 0 0 0 0 0 0 0 0 0 0 0 0 0 0 0 0 0 0 0 0 0 0 0 data 4 0x0 0x9 0x1 0x0 oops 0 methods 0
ciMethodData java/util/AbstractCollection <init> ()V 2 1351606 orig 80 0 0 0 0 0 0 0 0 0 0 0 0 125 2 0 0 0 0 0 0 0 0 0 0 0 0 0 0 0 0 0 0 0 0 0 0 0 0 0 0 0 0 0 0 0 0 0 0 0 0 0 0 0 0 0 0 0 0 0 0 0 0 0 0 0 0 0 0 0 0 0 0 0 0 0 0 0 0 0 0 data 7 0x10002 0x14a09e 0x0 0x0 0x9 0x1 0x0 oops 0 methods 0
ciMethodData java/util/AbstractMap <init> ()V 2 532642 orig 80 0 0 0 0 0 0 0 0 0 0 0 0 0 0 0 0 0 0 0 0 0 0 0 0 0 0 0 0 0 0 0 0 0 0 0 0 0 0 0 0 0 0 0 0 0 0 0 0 0 0 0 0 0 0 0 0 0 0 0 0 0 0 0 0 0 0 0 0 0 0 0 0 0 0 0 0 0 0 0 0 data 7 0x10002 0x81ef8 0x0 0x0 0x9 0x1 0x0 oops 0 methods 0
ciMethodData java/util/ArrayList$Itr hasNext ()Z 2 323788 orig 80 0 0 0 0 0 0 0 0 0 0 0 0 125 2 0 0 0 0 0 0 0 0 0 0 0 0 0 0 0 0 0 0 0 0 0 0 0 0 0 0 0 0 0 0 0 0 0 0 0 0 0 0 0 0 0 0 0 0 0 0 0 0 0 0 0 0 0 0 0 0 0 0 0 0 0 0 0 0 0 0 data 14 0xb0007 0x22bb5 0x38 0x2c595 0xf0003 0x2c596 0x18 0x0 0x0 0x0 0x0 0x9 0x1 0x0 oops 0 methods 0
ciMethodData java/util/ArrayList$Itr next ()Ljava/lang/Object; 2 10725 orig 80 0 0 0 0 0 0 0 0 0 0 0 0 125 2 0 0 0 0 0 0 0 0 0 0 0 0 0 0 0 0 0 0 0 0 0 0 0 0 0 0 0 0 0 0 0 0 0 0 0 0 0 0 0 0 0 0 0 0 0 0 0 0 0 0 0 0 0 0 0 0 0 0 0 0 0 0 0 0 0 0 data 28 0x10005 0x28c6 0x0 0x0 0x0 0x0 0x0 0x110007 0x28c6 0x30 0x0 0x180002 0x0 0x270007 0x28c6 0x30 0x0 0x2e0002 0x0 0x0 0x0 0x0 0x0 0x0 0x0 0x9 0x1 0x6 oops 0 methods 0
ciMethodData java/util/ArrayList$Itr checkForComodification ()V 2 10727 orig 80 0 0 0 0 0 0 0 0 0 0 0 0 0 0 0 0 0 0 0 0 0 0 0 0 0 0 0 0 0 0 0 0 0 0 0 0 0 0 0 0 0 0 0 0 0 0 0 0 0 0 0 0 0 0 0 0 0 0 0 0 0 0 0 0 0 0 0 0 0 0 0 0 0 0 0 0 0 0 0 0 data 13 0xb0007 0x28c8 0x30 0x0 0x120002 0x0 0x0 0x0 0x0 0x0 0x9 0x1 0x0 oops 0 methods 0
ciMethodData java/util/AbstractList <init> ()V 2 818341 orig 80 0 0 0 0 0 0 0 0 0 0 0 0 125 2 0 0 0 0 0 0 0 0 0 0 0 0 0 0 0 0 0 0 0 0 0 0 0 0 0 0 0 0 0 0 0 0 0 0 0 0 0 0 0 0 0 0 0 0 0 0 0 0 0 0 0 0 0 0 0 0 0 0 0 0 0 0 0 0 0 0 data 9 0x10002 0xc7d27 0x0 0x0 0x0 0x0 0x9 0x1 0x6 oops 0 methods 0
ciMethod java/lang/IndexOutOfBoundsException <init> (Ljava/lang/String;)V 0 0 1 0 -1
ciMethodData java/util/ArrayList get (I)Ljava/lang/Object; 2 600802 orig 80 0 0 0 0 0 0 0 0 0 0 0 0 0 0 0 0 0 0 0 0 0 0 0 0 0 0 0 0 0 0 0 0 0 0 0 0 0 0 0 0 0 0 0 0 0 0 0 0 0 0 0 0 0 0 0 0 0 0 0 0 0 0 0 0 0 0 0 0 0 0 0 0 0 0 0 0 0 0 0 0 data 19 0x50002 0x929cf 0xb0005 0x0 0x0 0x27de879ee30 0x92b55 0x0 0x0 0x0 0x0 0x0 0x0 0x0 0x0 0x9 0x2 0x0 0x0 oops 1 5 java/util/ArrayList methods 0
ciMethodData java/util/Objects checkIndex (II)I 2 611222 orig 80 0 0 0 0 0 0 0 0 0 0 0 0 0 0 0 0 0 0 0 0 0 0 0 0 0 0 0 0 0 0 0 0 0 0 0 0 0 0 0 0 0 0 0 0 0 0 0 0 0 0 0 0 0 0 0 0 0 0 0 0 0 0 0 0 0 0 0 0 0 0 0 0 0 0 0 0 0 0 0 0 data 12 0x30002 0x951d5 0x0 0x0 0x0 0x0 0x0 0x0 0x9 0x2 0x0 0x0 oops 0 methods 0
ciMethodData java/util/ArrayList elementData (I)Ljava/lang/Object; 2 612657 orig 80 0 0 0 0 0 0 0 0 0 0 0 0 0 0 0 0 0 0 0 0 0 0 0 0 0 0 0 0 0 0 0 0 0 0 0 0 0 0 0 0 0 0 0 0 0 0 0 0 0 0 0 0 0 0 0 0 0 0 0 0 0 0 0 0 0 0 0 0 0 0 0 0 0 0 0 0 0 0 0 0 data 8 0x0 0x0 0x0 0x0 0x9 0x2 0x0 0x0 oops 0 methods 0
ciMethod java/lang/AssertionError <init> ()V 0 0 1 0 -1
ciMethodData java/util/AbstractSet <init> ()V 2 210170 orig 80 0 0 0 0 0 0 0 0 0 0 0 0 125 2 0 0 0 0 0 0 0 0 0 0 0 0 0 0 0 0 0 0 0 0 0 0 0 0 0 0 0 0 0 0 0 0 0 0 0 0 0 0 0 0 0 0 0 0 0 0 0 0 0 0 0 0 0 0 0 0 0 0 0 0 0 0 0 0 0 0 data 7 0x10002 0x33396 0x0 0x0 0x9 0x1 0x0 oops 0 methods 0
ciMethod java/lang/IllegalStateException <init> ()V 0 0 1 0 -1
ciMethodData java/util/ArrayList iterator ()Ljava/util/Iterator; 2 500809 orig 80 0 0 0 0 0 0 0 0 0 0 0 0 125 2 0 0 0 0 0 0 0 0 0 0 0 0 0 0 0 0 0 0 0 0 0 0 0 0 0 0 0 0 0 0 0 0 0 0 0 0 0 0 0 0 0 0 0 0 0 0 0 0 0 0 0 0 0 0 0 0 0 0 0 0 0 0 0 0 0 0 data 8 0x50002 0x7a3a9 0x0 0x0 0x0 0x9 0x1 0x0 oops 0 methods 0
ciMethodData java/util/ArrayList$Itr <init> (Ljava/util/ArrayList;)V 2 500925 orig 80 0 0 0 0 0 0 0 0 0 0 0 0 0 0 0 0 0 0 0 0 0 0 0 0 0 0 0 0 0 0 0 0 0 0 0 0 0 0 0 0 0 0 0 0 0 0 0 0 0 0 0 0 0 0 0 0 0 0 0 0 0 0 0 0 0 0 0 0 0 0 0 0 0 0 0 0 0 0 0 0 data 10 0x60002 0x7a3f6 0x0 0x0 0x0 0x0 0x9 0x2 0xc 0x0 oops 0 methods 0
ciMethod java/util/NoSuchElementException <init> ()V 0 0 1 0 -1
ciMethod java/util/ConcurrentModificationException <init> ()V 0 0 1 0 -1
ciMethodData java/util/AbstractCollection isEmpty ()Z 2 209870 orig 80 0 0 0 0 0 0 0 0 0 0 0 0 125 2 0 0 0 0 0 0 0 0 0 0 0 0 0 0 0 0 0 0 0 0 0 0 0 0 0 0 0 0 0 0 0 0 0 0 0 0 0 0 0 0 0 0 0 0 0 0 0 0 0 0 0 0 0 0 0 0 0 0 0 0 0 0 0 0 0 0 data 23 0x10005 0x66f4 0x0 0x27def806d00 0xa177 0x27def806db0 0x4063 0x40007 0x1fc92 0x38 0x1401b 0x80003 0x14020 0x18 0x0 0x0 0x0 0x0 0x0 0x0 0x9 0x1 0xffffffffffffffff oops 2 3 com/android/tools/r8/internal/uc0 5 com/android/tools/r8/internal/rk0 methods 0
ciMethodData java/util/Arrays asList ([Ljava/lang/Object;)Ljava/util/List; 2 99781 orig 80 0 0 0 0 0 0 0 0 0 0 0 0 0 0 0 0 0 0 0 0 0 0 0 0 0 0 0 0 0 0 0 0 0 0 0 0 0 0 0 0 0 0 0 0 0 0 0 0 0 0 0 0 0 0 0 0 0 0 0 0 0 0 0 0 0 0 0 0 0 0 0 0 0 0 0 0 0 0 0 0 data 8 0x50002 0x17778 0x0 0x0 0x0 0x9 0x1 0x0 oops 0 methods 0
ciMethodData java/util/Arrays$ArrayList <init> ([Ljava/lang/Object;)V 2 96232 orig 80 0 0 0 0 0 0 0 0 0 0 0 0 0 0 0 0 0 0 0 0 0 0 0 0 0 0 0 0 0 0 0 0 0 0 0 0 0 0 0 0 0 0 0 0 0 0 0 0 0 0 0 0 0 0 0 0 0 0 0 0 0 0 0 0 0 0 0 0 0 0 0 0 0 0 0 0 0 0 0 0 data 21 0x10002 0x17778 0x60002 0x17779 0x90004 0x0 0x0 0x27def3fbd20 0x8 0x27def3fbd70 0x27f 0x0 0x0 0x0 0x0 0x0 0x0 0x9 0x2 0x6 0x0 oops 2 7 [Ljava/lang/Class; 9 [Lcom/android/tools/r8/graph/j1; methods 0
ciMethod java/util/LinkedList$ListItr <init> (Ljava/util/LinkedList;I)V 582 0 14711 0 832
ciMethod java/util/LinkedList$ListItr hasNext ()Z 1024 0 370681 0 96
ciMethod java/util/LinkedList$ListItr next ()Ljava/lang/Object; 1030 0 27209 0 640
ciMethod java/util/LinkedList$ListItr remove ()V 4288 0 59314 0 -1
ciMethod java/util/LinkedList$ListItr checkForComodification ()V 1040 0 114269 0 128
ciMethodData java/util/LinkedList$ListItr hasNext ()Z 2 370690 orig 80 0 0 0 0 0 0 0 0 0 0 0 0 0 0 0 0 0 0 0 0 0 0 0 0 0 0 0 0 0 0 0 0 0 0 0 0 0 0 0 0 0 0 0 0 0 0 0 0 0 0 0 0 0 0 0 0 0 0 0 0 0 0 0 0 0 0 0 0 0 0 0 0 0 0 0 0 0 0 0 0 data 14 0xb0007 0xe772 0x38 0x4c048 0xf0003 0x4c057 0x18 0x0 0x0 0x0 0x0 0x9 0x1 0x0 oops 0 methods 0
ciMethodData java/util/LinkedList$ListItr checkForComodification ()V 2 114271 orig 80 0 0 0 0 0 0 0 0 0 0 0 0 0 0 0 0 0 0 0 0 0 0 0 0 0 0 0 0 0 0 0 0 0 0 0 0 0 0 0 0 0 0 0 0 0 0 0 0 0 0 0 0 0 0 0 0 0 0 0 0 0 0 0 0 0 0 0 0 0 0 0 0 0 0 0 0 0 0 0 0 data 13 0xb0007 0x1bc64 0x30 0x0 0x120002 0x0 0x0 0x0 0x0 0x0 0x9 0x1 0x0 oops 0 methods 0
ciMethodData java/util/LinkedList$ListItr next ()Ljava/lang/Object; 2 27209 orig 80 0 0 0 0 0 0 0 0 0 0 0 0 0 0 0 0 0 0 0 0 0 0 0 0 0 0 0 0 0 0 0 0 0 0 0 0 0 0 0 0 0 0 0 0 0 0 0 0 0 0 0 0 0 0 0 0 0 0 0 0 0 0 0 0 0 0 0 0 0 0 0 0 0 0 0 0 0 0 0 0 data 29 0x10005 0x684e 0x0 0x0 0x0 0x0 0x0 0x50005 0x0 0x0 0x27de894a250 0x6868 0x0 0x0 0x80007 0x6864 0x30 0x0 0xf0002 0x0 0x0 0x0 0x0 0x0 0x0 0x0 0x9 0x1 0x0 oops 1 10 java/util/LinkedList$ListItr methods 0
ciMethod java/util/BitSet wordIndex (I)I 920 0 77949 0 64
ciMethod java/util/BitSet checkInvariants ()V 4498 0 19865 0 64
ciMethod java/util/BitSet recalculateWordsInUse ()V 818 0 417 0 0
ciMethod java/util/BitSet <init> (I)V 4172 0 26046 0 -1
ciMethod java/util/BitSet ensureCapacity (I)V 4170 0 3301 0 0
ciMethod java/util/BitSet expandTo (I)V 1024 0 17837 0 0
ciMethod java/util/BitSet set (I)V 1024 0 17836 0 256
ciMethod java/util/BitSet set (IZ)V 4678 0 16545 0 0
ciMethod java/util/BitSet clear (I)V 4114 0 20807 0 0
ciMethod java/util/BitSet get (I)Z 4128 0 19311 0 192
ciMethodData java/util/LinkedList checkPositionIndex (I)V 2 298942 orig 80 0 0 0 0 0 0 0 0 0 0 0 0 125 2 0 0 0 0 0 0 0 0 0 0 0 0 0 0 0 0 0 0 0 0 0 0 0 0 0 0 0 0 0 0 0 0 0 0 0 0 0 0 0 0 0 0 0 0 0 0 0 0 0 0 0 0 0 0 0 0 0 0 0 0 0 0 0 0 0 0 data 30 0x20005 0x48edb 0x0 0x0 0x0 0x0 0x0 0x50007 0x48f19 0x68 0x0 0xe0005 0x0 0x0 0x0 0x0 0x0 0x0 0x110002 0x0 0x0 0x0 0x0 0x0 0x0 0x0 0x9 0x2 0x0 0x0 oops 0 methods 0
ciMethodData java/util/LinkedList isPositionIndex (I)Z 2 298975 orig 80 0 0 0 0 0 0 0 0 0 0 0 0 0 0 0 0 0 0 0 0 0 0 0 0 0 0 0 0 0 0 0 0 0 0 0 0 0 0 0 0 0 0 0 0 0 0 0 0 0 0 0 0 0 0 0 0 0 0 0 0 0 0 0 0 0 0 0 0 0 0 0 0 0 0 0 0 0 0 0 0 data 18 0x10007 0x0 0x58 0x48ee6 0x90007 0x0 0x38 0x48eff 0xd0003 0x48f19 0x18 0x0 0x0 0x0 0x9 0x2 0x0 0x0 oops 0 methods 0
ciMethodData java/util/LinkedList listIterator (I)Ljava/util/ListIterator; 2 311996 orig 80 0 0 0 0 0 0 0 0 0 0 0 0 125 2 0 0 0 0 0 0 0 0 0 0 0 0 0 0 0 0 0 0 0 0 0 0 0 0 0 0 0 0 0 0 0 0 0 0 0 0 0 0 0 0 0 0 0 0 0 0 0 0 0 0 0 0 0 0 0 0 0 0 0 0 0 0 0 0 0 0 data 19 0x20005 0x4c1d6 0x0 0x0 0x0 0x0 0x0 0xb0002 0x4c210 0x0 0x0 0x0 0x0 0x0 0x0 0x9 0x2 0x0 0x0 oops 0 methods 0
ciMethodData java/util/LinkedList$ListItr <init> (Ljava/util/LinkedList;I)V 2 14711 orig 80 0 0 0 0 0 0 0 0 0 0 0 0 0 0 0 0 0 0 0 0 0 0 0 0 0 0 0 0 0 0 0 0 0 0 0 0 0 0 0 0 0 0 0 0 0 0 0 0 0 0 0 0 0 0 0 0 0 0 0 0 0 0 0 0 0 0 0 0 0 0 0 0 0 0 0 0 0 0 0 0 data 27 0x60002 0x3855 0x1a0007 0x32b0 0x38 0x5a7 0x1e0003 0x5a7 0x50 0x230005 0x0 0x0 0x27de8949cd0 0x32b2 0x0 0x0 0x0 0x0 0x0 0x0 0x0 0x0 0x9 0x3 0x1e 0x0 0x0 oops 1 12 java/util/LinkedList methods 0
ciMethodData java/util/LinkedList node (I)Ljava/util/LinkedList$Node; 2 13128 orig 80 0 0 0 0 0 0 0 0 0 0 0 0 125 2 0 0 0 0 0 0 0 0 0 0 0 0 0 0 0 0 0 0 0 0 0 0 0 0 0 0 0 0 0 0 0 0 0 0 0 0 0 0 0 0 0 0 0 0 0 0 0 0 0 0 0 0 0 0 0 0 0 0 0 0 0 0 0 0 0 0 data 26 0x70007 0x179b 0x58 0x1a3e 0x130007 0x1a3d 0x38 0xbc 0x1e0003 0xbc 0xffffffffffffffe0 0x310007 0x179c 0x38 0xce 0x3c0003 0xce 0xffffffffffffffe0 0x0 0x0 0x0 0x0 0x9 0x2 0x0 0x0 oops 0 methods 0
ciMethodData java/util/AbstractList listIterator ()Ljava/util/ListIterator; 2 269772 orig 80 0 0 0 0 0 0 0 0 0 0 0 0 125 2 0 0 0 0 0 0 0 0 0 0 0 0 0 0 0 0 0 0 0 0 0 0 0 0 0 0 0 0 0 0 0 0 0 0 0 0 0 0 0 0 0 0 0 0 0 0 0 0 0 0 0 0 0 0 0 0 0 0 0 0 0 0 0 0 0 0 data 16 0x20005 0x1 0x0 0x27de8949cd0 0x41c4e 0x27ded9dfc30 0x46 0x0 0x0 0x0 0x0 0x0 0x0 0x9 0x1 0xffffffffffffffff oops 2 3 java/util/LinkedList 5 java/util/AbstractList$SubList methods 0
ciMethod java/util/PriorityQueue <init> ()V 1400 0 1597 0 -1
ciMethod java/util/PriorityQueue grow (I)V 868 0 961 0 -1
ciMethod java/util/PriorityQueue add (Ljava/lang/Object;)Z 4136 0 38564 0 -1
ciMethod java/util/PriorityQueue offer (Ljava/lang/Object;)Z 4140 0 39805 0 -1
ciMethod java/util/PriorityQueue indexOf (Ljava/lang/Object;)I 4352 27296 15038 0 -1
ciMethod java/util/PriorityQueue remove (Ljava/lang/Object;)Z 3332 0 11672 0 -1
ciMethod java/util/PriorityQueue contains (Ljava/lang/Object;)Z 88 0 44 0 -1
ciMethod java/util/PriorityQueue clear ()V 24 674 72 0 -1
ciMethod java/util/PriorityQueue poll ()Ljava/lang/Object; 4346 0 25726 0 -1
ciMethod java/util/PriorityQueue removeAt (I)Ljava/lang/Object; 4116 0 10813 0 -1
ciMethod java/util/PriorityQueue siftUp (ILjava/lang/Object;)V 1728 0 42741 0 -1
ciMethod java/util/PriorityQueue siftUpComparable (ILjava/lang/Object;[Ljava/lang/Object;)V 4106 1396 44733 0 -1
ciMethod java/util/PriorityQueue siftUpUsingComparator (ILjava/lang/Object;[Ljava/lang/Object;Ljava/util/Comparator;)V 0 0 18 0 -1
ciMethod java/util/PriorityQueue siftDown (ILjava/lang/Object;)V 4240 0 10312 0 -1
ciMethod java/util/PriorityQueue siftDownComparable (ILjava/lang/Object;[Ljava/lang/Object;I)V 4104 8644 32469 0 -1
ciMethod java/util/PriorityQueue siftDownUsingComparator (ILjava/lang/Object;[Ljava/lang/Object;ILjava/util/Comparator;)V 0 0 17 0 -1
ciMethodData java/util/LinkedList linkLast (Ljava/lang/Object;)V 2 18156 orig 80 0 0 0 0 0 0 0 0 0 0 0 0 125 2 0 0 0 0 0 0 0 0 0 0 0 0 0 0 0 0 0 0 0 0 0 0 0 0 0 0 0 0 0 0 0 0 0 0 0 0 0 0 0 0 0 0 0 0 0 0 0 0 0 0 0 0 0 0 0 0 0 0 0 0 0 0 0 0 0 0 data 19 0xc0002 0x4561 0x160007 0x2c0b 0x38 0x1965 0x1e0003 0x1965 0x18 0x0 0x0 0x0 0x0 0x0 0x0 0x9 0x2 0xe 0x0 oops 0 methods 0
ciMethodData java/util/AbstractSequentialList iterator ()Ljava/util/Iterator; 2 165503 orig 80 0 0 0 0 0 0 0 0 0 0 0 0 125 2 0 0 0 0 0 0 0 0 0 0 0 0 0 0 0 0 0 0 0 0 0 0 0 0 0 0 0 0 0 0 0 0 0 0 0 0 0 0 0 0 0 0 0 0 0 0 0 0 0 0 0 0 0 0 0 0 0 0 0 0 0 0 0 0 0 0 data 16 0x10005 0x0 0x0 0x27de8949cd0 0x28576 0x0 0x0 0x0 0x0 0x0 0x0 0x0 0x0 0x9 0x1 0xffffffffffffffff oops 1 3 java/util/LinkedList methods 0
ciMethodData java/util/BitSet wordIndex (I)I 2 77949 orig 80 0 0 0 0 0 0 0 0 0 0 0 0 125 2 0 0 0 0 0 0 0 0 0 0 0 0 0 0 0 0 0 0 0 0 0 0 0 0 0 0 0 0 0 0 0 0 0 0 0 0 0 0 0 0 0 0 0 0 0 0 0 0 0 0 0 0 0 0 0 0 0 0 0 0 0 0 0 0 0 0 data 4 0x0 0x9 0x1 0x0 oops 0 methods 0
ciMethodData java/util/LinkedList add (Ljava/lang/Object;)Z 2 185276 orig 80 0 0 0 0 0 0 0 0 0 0 0 0 0 0 0 0 0 0 0 0 0 0 0 0 0 0 0 0 0 0 0 0 0 0 0 0 0 0 0 0 0 0 0 0 0 0 0 0 0 0 0 0 0 0 0 0 0 0 0 0 0 0 0 0 0 0 0 0 0 0 0 0 0 0 0 0 0 0 0 0 data 17 0x20005 0x0 0x0 0x27de8949cd0 0x2d1d3 0x0 0x0 0x0 0x0 0x0 0x0 0x0 0x0 0x9 0x2 0x0 0x0 oops 1 3 java/util/LinkedList methods 0
ciMethodData java/util/LinkedList <init> ()V 2 126884 orig 80 0 0 0 0 0 0 0 0 0 0 0 0 0 0 0 0 0 0 0 0 0 0 0 0 0 0 0 0 0 0 0 0 0 0 0 0 0 0 0 0 0 0 0 0 0 0 0 0 0 0 0 0 0 0 0 0 0 0 0 0 0 0 0 0 0 0 0 0 0 0 0 0 0 0 0 0 0 0 0 0 data 9 0x10002 0x1e784 0x0 0x0 0x0 0x0 0x9 0x1 0x6 oops 0 methods 0
ciMethodData java/util/AbstractSequentialList <init> ()V 2 125313 orig 80 0 0 0 0 0 0 0 0 0 0 0 0 0 0 0 0 0 0 0 0 0 0 0 0 0 0 0 0 0 0 0 0 0 0 0 0 0 0 0 0 0 0 0 0 0 0 0 0 0 0 0 0 0 0 0 0 0 0 0 0 0 0 0 0 0 0 0 0 0 0 0 0 0 0 0 0 0 0 0 0 data 7 0x10002 0x1e784 0x0 0x0 0x9 0x1 0x6 oops 0 methods 0
ciMethodData java/util/BitSet checkInvariants ()V 2 19865 orig 80 0 0 0 0 0 0 0 0 0 0 0 0 0 0 0 0 0 0 0 0 0 0 0 0 0 0 0 0 0 0 0 0 0 0 0 0 0 0 0 0 0 0 0 0 0 0 0 0 0 0 0 0 0 0 0 0 0 0 0 0 0 0 0 0 0 0 0 0 0 0 0 0 0 0 0 0 0 0 0 0 data 55 0x30007 0x44d4 0x70 0x0 0xa0007 0x0 0x50 0x0 0x1a0007 0x0 0x30 0x0 0x210002 0x0 0x280007 0x44d4 0x70 0x0 0x2f0007 0x0 0x40 0x0 0x3b0007 0x0 0x30 0x0 0x420002 0x0 0x490007 0x44d5 0x70 0x0 0x550007 0x0 0x50 0x0 0x630007 0x0 0x30 0x0 0x6a0002 0x0 0x0 0x0 0x0 0x0 0x0 0x0 0x0 0x0 0x0 0x0 0x9 0x1 0x0 oops 0 methods 0
ciMethodData java/util/BitSet get (I)Z 2 19311 orig 80 0 0 0 0 0 0 0 0 0 0 0 0 0 0 0 0 0 0 0 0 0 0 0 0 0 0 0 0 0 0 0 0 0 0 0 0 0 0 0 0 0 0 0 0 0 0 0 0 0 0 0 0 0 0 0 0 0 0 0 0 0 0 0 0 0 0 0 0 0 0 0 0 0 0 0 0 0 0 0 0 data 59 0x10007 0x4361 0xe8 0x0 0xc0002 0x0 0x110005 0x0 0x0 0x0 0x0 0x0 0x0 0x150005 0x0 0x0 0x0 0x0 0x0 0x0 0x180005 0x0 0x0 0x0 0x0 0x0 0x0 0x1b0002 0x0 0x200005 0x4361 0x0 0x0 0x0 0x0 0x0 0x240002 0x4361 0x2d0007 0x1d1 0x58 0x4190 0x3c0007 0xe2d 0x38 0x3367 0x400003 0x3367 0x18 0x0 0x0 0x0 0x0 0x0 0x0 0x9 0x2 0x0 0x0 oops 0 methods 0
ciMethodData java/util/TreeSet add (Ljava/lang/Object;)Z 2 89723 orig 80 0 0 0 0 0 0 0 0 0 0 0 0 0 0 0 0 0 0 0 0 0 0 0 0 0 0 0 0 0 0 0 0 0 0 0 0 0 0 0 0 0 0 0 0 0 0 0 0 0 0 0 0 0 0 0 0 0 0 0 0 0 0 0 0 0 0 0 0 0 0 0 0 0 0 0 0 0 0 0 0 data 24 0x80005 0x0 0x0 0x27def3f75e0 0x15679 0x0 0x0 0xd0007 0x23 0x38 0x1564c 0x110003 0x15650 0x18 0x0 0x0 0x0 0x0 0x0 0x0 0x9 0x2 0x0 0xffffffffffffffff oops 1 3 java/util/TreeMap methods 0
ciMethodData java/util/LinkedList unlink (Ljava/util/LinkedList$Node;)Ljava/lang/Object; 2 24434 orig 80 0 0 0 0 0 0 0 0 0 0 0 0 0 0 0 0 0 0 0 0 0 0 0 0 0 0 0 0 0 0 0 0 0 0 0 0 0 0 0 0 0 0 0 0 0 0 0 0 0 0 0 0 0 0 0 0 0 0 0 0 0 0 0 0 0 0 0 0 0 0 0 0 0 0 0 0 0 0 0 0 data 24 0x120007 0x363b 0x38 0x273b 0x1a0003 0x273b 0x18 0x290007 0x396a 0x38 0x240d 0x320003 0x240d 0x18 0x0 0x0 0x0 0x0 0x0 0x0 0x9 0x2 0xe 0xe oops 0 methods 0
ciMethodData java/util/TimSort sort ([Ljava/lang/Object;IILjava/util/Comparator;[Ljava/lang/Object;II)V 2 36160 orig 80 1 0 0 0 0 0 0 0 0 0 0 0 0 0 0 0 0 0 0 0 0 0 0 0 0 0 0 0 0 0 0 0 0 0 0 0 0 0 0 1 0 0 0 0 0 0 0 0 0 0 0 0 0 0 0 0 0 0 0 0 0 0 0 0 0 0 0 0 0 0 0 0 0 0 0 0 0 0 0 0 data 117 0x30007 0x850f 0xd0 0x0 0x70007 0x0 0xa0 0x0 0xb0007 0x0 0x80 0x0 0xf0007 0x0 0x60 0x0 0x140007 0x0 0x40 0x0 0x1a0007 0x0 0x30 0x0 0x210002 0x0 0x2d0007 0x1210 0x20 0x7300 0x350007 0x34 0x40 0x11dc 0x3c0002 0x11dc 0x490002 0x11dc 0x590002 0x34 0x600002 0x34 0x690002 0x79 0x8000000600720007 0x3 0x68 0x77 0x790007 0x45 0x38 0x32 0x7e0003 0x32 0x18 0x900002 0x77 0x9c0005 0x7a 0x0 0x0 0x0 0x0 0x0 0xa10005 0x7a 0x0 0x0 0x0 0x0 0x0 0xb20007 0x45 0xffffffffffffff18 0x35 0xb80007 0x35 0x50 0x0 0xbd0007 0x0 0x30 0x0 0xc40002 0x0 0xca0005 0x35 0x0 0x0 0x0 0x0 0x0 0xd00007 0x35 0x50 0x0 0xd90007 0x0 0x30 0x0 0xe00002 0x0 0x0 0x0 0x0 0x0 0x0 0x0 0x9 0x7 0x0 0x0 0x0 0x0 0x0 0x0 0x0 oops 0 methods 0
ciMethodData java/util/BitSet expandTo (I)V 2 17837 orig 80 0 0 0 0 0 0 0 0 0 0 0 0 0 0 0 0 0 0 0 0 0 0 0 0 0 0 0 0 0 0 0 0 0 0 0 0 0 0 0 0 0 0 0 0 0 0 0 0 0 0 0 0 0 0 0 0 0 0 0 0 0 0 0 0 0 0 0 0 0 0 0 0 0 0 0 0 0 0 0 0 data 21 0x90007 0x3793 0x58 0xc1b 0xe0005 0xc1b 0x0 0x0 0x0 0x0 0x0 0x0 0x0 0x0 0x0 0x0 0x0 0x9 0x2 0xe 0x0 oops 0 methods 0
ciMethodData java/util/BitSet set (I)V 2 17836 orig 80 0 0 0 0 0 0 0 0 0 0 0 0 0 0 0 0 0 0 0 0 0 0 0 0 0 0 0 0 0 0 0 0 0 0 0 0 0 0 0 0 0 0 0 0 0 0 0 0 0 0 0 0 0 0 0 0 0 0 0 0 0 0 0 0 0 0 0 0 0 0 0 0 0 0 0 0 0 0 0 0 data 55 0x10007 0x43ac 0xe8 0x0 0xc0002 0x0 0x110005 0x0 0x0 0x0 0x0 0x0 0x0 0x150005 0x0 0x0 0x0 0x0 0x0 0x0 0x180005 0x0 0x0 0x0 0x0 0x0 0x0 0x1b0002 0x0 0x200002 0x43ac 0x260005 0x43ac 0x0 0x0 0x0 0x0 0x0 0x360005 0x43ac 0x0 0x0 0x0 0x0 0x0 0x0 0x0 0x0 0x0 0x0 0x0 0x9 0x2 0xe 0x0 oops 0 methods 0
ciMethodData java/util/LinkedList remove (Ljava/lang/Object;)Z 2 30913 orig 80 0 0 0 0 0 0 0 0 0 0 0 0 125 2 0 0 0 0 0 0 0 0 0 0 0 0 0 0 0 0 0 0 0 0 0 0 0 0 0 0 0 0 0 0 0 0 0 0 0 0 0 0 0 0 0 0 0 0 0 0 0 0 0 0 0 0 0 0 0 0 0 0 0 0 0 0 0 0 0 0 data 60 0x10007 0x70b1 0xc8 0x0 0xa0007 0x0 0x90 0x0 0x110007 0x0 0x58 0x0 0x160005 0x0 0x0 0x0 0x0 0x0 0x0 0x210003 0x0 0xffffffffffffff88 0x240003 0x0 0xe0 0x2d0007 0x220 0xc8 0xa803 0x350005 0x42ed 0x0 0x27dedba51e0 0x2e7f 0x27de894a7d0 0x369c 0x380007 0x3974 0x58 0x6e94 0x3d0005 0x0 0x0 0x27de8949cd0 0x6e94 0x0 0x0 0x480003 0x3974 0xffffffffffffff50 0x0 0x0 0x0 0x0 0x0 0x0 0x9 0x2 0x0 0x0 oops 3 32 com/android/tools/r8/internal/Uz 34 com/android/tools/r8/internal/g40 43 java/util/LinkedList methods 0
ciMethodData java/util/AbstractCollection addAll (Ljava/util/Collection;)Z 2 54117 orig 80 0 0 0 0 0 0 0 0 0 0 0 0 0 0 0 0 0 0 0 0 0 0 0 0 0 0 0 0 0 0 0 0 0 0 0 0 0 0 0 0 0 0 0 0 0 0 0 0 0 0 0 0 0 0 0 0 0 0 0 0 0 0 0 0 0 0 0 0 0 0 0 0 0 0 0 0 0 0 0 0 data 49 0x30005 0x2432 0x0 0x27def75aab0 0x2238 0x27ded8ccf10 0xc29 0xa0005 0x41e1 0x0 0x27def0e0f30 0x9272 0x27ded8ccfc0 0x3e48 0xf0007 0x528f 0xc8 0xbffa 0x130005 0x1db0 0x0 0x27def0e0f30 0x7040 0x27ded8ccfc0 0x3223 0x1d0005 0x231 0x0 0x27def75aab0 0x7f53 0x27ded8ccf10 0x3e8f 0x200007 0x3059 0x20 0x8fc5 0x250003 0xc005 0xffffffffffffff18 0x0 0x0 0x0 0x0 0x0 0x0 0x9 0x2 0xffffffffffffffff 0xffffffffffffffff oops 8 3 java/util/LinkedHashSet 5 java/util/Collections$SetFromMap 10 java/util/LinkedHashMap$LinkedKeyIterator 12 java/util/IdentityHashMap$KeyIterator 21 java/util/LinkedHashMap$LinkedKeyIterator 23 java/util/IdentityHashMap$KeyIterator 28 java/util/LinkedHashSet 30 java/util/Collections$SetFromMap methods 0
ciMethodData java/util/LinkedList$ListItr remove ()V 2 60542 orig 80 0 0 0 0 0 0 0 0 0 0 0 0 0 0 0 0 0 0 0 0 0 0 0 0 0 0 0 0 0 0 0 0 0 0 0 0 0 0 0 0 0 0 0 0 0 0 0 0 0 0 0 0 0 0 0 0 0 0 0 0 0 0 0 0 0 0 0 0 0 0 0 0 0 0 0 0 0 0 0 0 data 38 0x10005 0xe421 0x0 0x0 0x0 0x0 0x0 0x80007 0xe424 0x30 0x0 0xf0002 0x0 0x230005 0x0 0x0 0x27de8949cd0 0xe425 0x0 0x0 0x2f0007 0xe081 0x38 0x3a5 0x370003 0x3a5 0x18 0x0 0x0 0x0 0x0 0x0 0x0 0x0 0x0 0x9 0x1 0xe oops 1 16 java/util/LinkedList methods 0
ciMethodData java/util/BitSet ensureCapacity (I)V 2 3301 orig 80 0 0 0 0 0 0 0 0 0 0 0 0 0 0 0 0 0 0 0 0 0 0 0 0 0 0 0 0 0 0 0 0 0 0 0 0 0 0 0 0 0 0 0 0 0 0 0 0 0 0 0 0 0 0 0 0 0 0 0 0 0 0 0 0 0 0 0 0 0 0 0 0 0 0 0 0 0 0 0 0 data 18 0x60007 0x4c0 0x40 0x0 0x110002 0x0 0x1b0002 0x0 0x0 0x0 0x0 0x0 0x0 0x0 0x9 0x2 0xc 0x0 oops 0 methods 0
ciMethodData java/util/TreeSet <init> (Ljava/util/NavigableMap;)V 2 28779 orig 80 0 0 0 0 0 0 0 0 0 0 0 0 0 0 0 0 0 0 0 0 0 0 0 0 0 0 0 0 0 0 0 0 0 0 0 0 0 0 0 0 0 0 0 0 0 0 0 0 0 0 0 0 0 0 0 0 0 0 0 0 0 0 0 0 0 0 0 0 0 0 0 0 0 0 0 0 0 0 0 0 data 10 0x10002 0x6c7e 0x0 0x0 0x0 0x0 0x9 0x2 0x6 0x0 oops 0 methods 0
ciMethodData java/util/PriorityQueue siftUp (ILjava/lang/Object;)V 2 42741 orig 80 0 0 0 0 0 0 0 0 0 0 0 0 0 0 0 0 0 0 0 0 0 0 0 0 0 0 0 0 0 0 0 0 0 0 0 0 0 0 0 0 0 0 0 0 0 0 0 0 0 0 0 0 0 0 0 0 0 0 0 0 0 0 0 0 0 0 0 0 0 0 0 0 0 0 0 0 0 0 0 0 data 22 0x40007 0xa385 0x48 0x12 0x110002 0x12 0x140003 0x12 0x28 0x1d0002 0xa385 0x0 0x0 0x0 0x0 0x0 0x0 0x9 0x3 0x0 0x0 0x0 oops 0 methods 0
ciMethodData java/util/PriorityQueue siftUpComparable (ILjava/lang/Object;[Ljava/lang/Object;)V 2 44733 orig 80 0 0 0 0 0 0 0 0 0 0 0 0 0 0 0 0 0 0 0 0 0 0 0 0 0 0 0 0 0 0 0 0 0 0 0 0 0 0 0 0 0 0 0 0 0 0 0 0 0 0 0 0 0 0 0 0 0 0 0 0 0 0 0 0 0 0 0 0 0 0 0 0 0 0 0 0 0 0 0 0 data 53 0x10004 0x0 0x0 0x27de8949ee0 0xa6b9 0x0 0x0 0x60007 0x1640 0xe0 0xc388 0x190005 0x0 0x0 0x27de8949ee0 0xc387 0x0 0x0 0x1e0007 0x3312 0x38 0x907b 0x210003 0x907b 0x68 0x280004 0x0 0x0 0x27de8949ee0 0x3312 0x0 0x0 0x2c0003 0x3312 0xffffffffffffff38 0x320004 0x0 0x0 0x27de8949ee0 0xa6b5 0x0 0x0 0x0 0x0 0x0 0x0 0x0 0x0 0x9 0x3 0x0 0x0 0xffffffffffffffff oops 4 3 com/android/tools/r8/internal/YR 14 com/android/tools/r8/internal/YR 28 com/android/tools/r8/internal/YR 38 com/android/tools/r8/internal/YR methods 0
ciMethodData java/util/PriorityQueue add (Ljava/lang/Object;)Z 2 40336 orig 80 0 0 0 0 0 0 0 0 0 0 0 0 0 0 0 0 0 0 0 0 0 0 0 0 0 0 0 0 0 0 0 0 0 0 0 0 0 0 0 0 0 0 0 0 0 0 0 0 0 0 0 0 0 0 0 0 0 0 0 0 0 0 0 0 0 0 0 0 0 0 0 0 0 0 0 0 0 0 0 0 data 17 0x20005 0x0 0x0 0x27de8949d80 0x95b3 0x0 0x0 0x0 0x0 0x0 0x0 0x0 0x0 0x9 0x2 0x0 0x0 oops 1 3 java/util/PriorityQueue methods 0
ciMethodData java/util/PriorityQueue offer (Ljava/lang/Object;)Z 2 40904 orig 80 0 0 0 0 0 0 0 0 0 0 0 0 0 0 0 0 0 0 0 0 0 0 0 0 0 0 0 0 0 0 0 0 0 0 0 0 0 0 0 0 0 0 0 0 0 0 0 0 0 0 0 0 0 0 0 0 0 0 0 0 0 0 0 0 0 0 0 0 0 0 0 0 0 0 0 0 0 0 0 0 data 34 0x10007 0x97b3 0x30 0x0 0x80002 0x0 0x210007 0x9427 0x58 0x38c 0x280005 0x38c 0x0 0x0 0x0 0x0 0x0 0x2e0005 0x97b2 0x0 0x0 0x0 0x0 0x0 0x0 0x0 0x0 0x0 0x0 0x0 0x9 0x2 0xe 0x0 oops 0 methods 0
ciMethodData java/util/PriorityQueue siftDownComparable (ILjava/lang/Object;[Ljava/lang/Object;I)V 2 79850 orig 80 0 0 0 0 0 0 0 0 0 0 0 0 0 0 0 0 0 0 0 0 0 0 0 0 0 0 0 0 0 0 0 0 0 0 0 0 0 0 0 0 0 0 0 0 0 0 0 0 0 0 0 0 0 0 0 0 0 0 0 0 0 0 0 0 0 0 0 0 0 0 0 0 0 0 0 0 0 0 0 0 data 76 0x10004 0x0 0x0 0x27de8949ee0 0x79db 0x0 0x0 0xe0007 0x648f 0x190 0x13c45 0x270007 0x144e 0xb0 0x1280e 0x2c0004 0x0 0x0 0x27de8949ee0 0x1280d 0x0 0x0 0x330005 0x0 0x0 0x27de8949ee0 0x1280b 0x0 0x0 0x380007 0xa675 0x20 0x81b2 0x480005 0x0 0x0 0x27de8949ee0 0x13c4d 0x0 0x0 0x4d0007 0x1270b 0x38 0x154f 0x500003 0x154f 0x68 0x570004 0x0 0x0 0x27de8949ee0 0x1270c 0x0 0x0 0x5b0003 0x1270b 0xfffffffffffffe88 0x620004 0x0 0x0 0x27de8949ee0 0x79d8 0x0 0x0 0x0 0x0 0x0 0x0 0x0 0x0 0x9 0x4 0x0 0x0 0xffffffffffffffff 0x0 oops 6 3 com/android/tools/r8/internal/YR 18 com/android/tools/r8/internal/YR 25 com/android/tools/r8/internal/YR 36 com/android/tools/r8/internal/YR 50 com/android/tools/r8/internal/YR 60 com/android/tools/r8/internal/YR methods 0
ciMethodData java/util/TreeSet isEmpty ()Z 2 26613 orig 80 0 0 0 0 0 0 0 0 0 0 0 0 0 0 0 0 0 0 0 0 0 0 0 0 0 0 0 0 0 0 0 0 0 0 0 0 0 0 0 0 0 0 0 0 0 0 0 0 0 0 0 0 0 0 0 0 0 0 0 0 0 0 0 0 0 0 0 0 0 0 0 0 0 0 0 0 0 0 0 0 data 16 0x40005 0x0 0x0 0x27def3f75e0 0x5fef 0x0 0x0 0x0 0x0 0x0 0x0 0x0 0x0 0x9 0x1 0x0 oops 1 3 java/util/TreeMap methods 0
ciMethodData java/util/PriorityQueue poll ()Ljava/lang/Object; 2 26787 orig 80 0 0 0 0 0 0 0 0 0 0 0 0 0 0 0 0 0 0 0 0 0 0 0 0 0 0 0 0 0 0 0 0 0 0 0 0 0 0 0 0 0 0 0 0 0 0 0 0 0 0 0 0 0 0 0 0 0 0 0 0 0 0 0 0 0 0 0 0 0 0 0 0 0 0 0 0 0 0 0 0 data 35 0xa0007 0x27a 0xd0 0x5dae 0x2b0104 0x0 0x0 0x0 0x0 0x0 0x0 0x2d0007 0xbc8 0x78 0x51b9 0x370007 0x11 0x48 0x51d4 0x3f0002 0x51d5 0x420003 0x51d4 0x28 0x4c0002 0x11 0x0 0x0 0x0 0x0 0x0 0x0 0x9 0x1 0x6 oops 0 methods 0
ciMethodData java/util/PriorityQueue indexOf (Ljava/lang/Object;)I 2 175262 orig 80 0 0 0 0 0 0 0 0 0 0 0 0 0 0 0 0 0 0 0 0 0 0 0 0 0 0 0 0 0 0 0 0 0 0 0 0 0 0 0 0 0 0 0 0 0 0 0 0 0 0 0 0 0 0 0 0 0 0 0 0 0 0 0 0 0 0 0 0 0 0 0 0 0 0 0 0 0 0 0 0 data 32 0x10007 0x0 0xb0 0x337d 0x140007 0xe66 0x90 0x29c61 0x1b0005 0x0 0x0 0x27de8949ee0 0x29c61 0x0 0x0 0x1e0007 0x2772b 0x20 0x2518 0x260003 0x27752 0xffffffffffffff88 0x0 0x0 0x0 0x0 0x0 0x0 0x9 0x2 0x0 0xffffffffffffffff oops 1 11 com/android/tools/r8/internal/YR methods 0
ciMethodData java/util/TreeSet first ()Ljava/lang/Object; 2 22749 orig 80 0 0 0 0 0 0 0 0 0 0 0 0 0 0 0 0 0 0 0 0 0 0 0 0 0 0 0 0 0 0 0 0 0 0 0 0 0 0 0 0 0 0 0 0 0 0 0 0 0 0 0 0 0 0 0 0 0 0 0 0 0 0 0 0 0 0 0 0 0 0 0 0 0 0 0 0 0 0 0 0 data 16 0x40005 0x0 0x0 0x27def3f75e0 0x55e3 0x0 0x0 0x0 0x0 0x0 0x0 0x0 0x0 0x9 0x1 0x0 oops 1 3 java/util/TreeMap methods 0
ciMethodData java/util/TreeMap$PrivateEntryIterator hasNext ()Z 2 36074 orig 80 0 0 0 0 0 0 0 0 0 0 0 0 0 0 0 0 0 0 0 0 0 0 0 0 0 0 0 0 0 0 0 0 0 0 0 0 0 0 0 0 0 0 0 0 0 0 0 0 0 0 0 0 0 0 0 0 0 0 0 0 0 0 0 0 0 0 0 0 0 0 0 0 0 0 0 0 0 0 0 0 data 16 0x40007 0x2dc1 0x38 0x5701 0x80003 0x5701 0x18 0x0 0x0 0x0 0x0 0x0 0x0 0x9 0x1 0x0 oops 0 methods 0
ciMethodData java/util/BitSet set (IZ)V 2 16545 orig 80 0 0 0 0 0 0 0 0 0 0 0 0 0 0 0 0 0 0 0 0 0 0 0 0 0 0 0 0 0 0 0 0 0 0 0 0 0 0 0 0 0 0 0 0 0 0 0 0 0 0 0 0 0 0 0 0 0 0 0 0 0 0 0 0 0 0 0 0 0 0 0 0 0 0 0 0 0 0 0 0 data 32 0x10007 0x36be 0x70 0xc1 0x60005 0x0 0x0 0x27ded1b2700 0xc1 0x0 0x0 0x90003 0xc1 0x50 0xe0005 0x0 0x0 0x27ded1b2700 0x36be 0x0 0x0 0x0 0x0 0x0 0x0 0x0 0x0 0x9 0x3 0x0 0x0 0x0 oops 2 7 java/util/BitSet 17 java/util/BitSet methods 0
ciMethodData java/util/BitSet clear (I)V 2 20807 orig 80 0 0 0 0 0 0 0 0 0 0 0 0 0 0 0 0 0 0 0 0 0 0 0 0 0 0 0 0 0 0 0 0 0 0 0 0 0 0 0 0 0 0 0 0 0 0 0 0 0 0 0 0 0 0 0 0 0 0 0 0 0 0 0 0 0 0 0 0 0 0 0 0 0 0 0 0 0 0 0 0 data 59 0x10007 0x493f 0xe8 0x0 0xc0002 0x0 0x110005 0x0 0x0 0x0 0x0 0x0 0x0 0x150005 0x0 0x0 0x0 0x0 0x0 0x0 0x180005 0x0 0x0 0x0 0x0 0x0 0x0 0x1b0002 0x0 0x200002 0x493f 0x290007 0x172 0x20 0x47cd 0x3e0005 0x172 0x0 0x0 0x0 0x0 0x0 0x420005 0x172 0x0 0x0 0x0 0x0 0x0 0x0 0x0 0x0 0x0 0x0 0x0 0x9 0x2 0x0 0x0 oops 0 methods 0
ciMethodData java/util/TreeMap$PrivateEntryIterator nextEntry ()Ljava/util/TreeMap$Entry; 2 24261 orig 80 0 0 0 0 0 0 0 0 0 0 0 0 0 0 0 0 0 0 0 0 0 0 0 0 0 0 0 0 0 0 0 0 0 0 0 0 0 0 0 0 0 0 0 0 0 0 0 0 0 0 0 0 0 0 0 0 0 0 0 0 0 0 0 0 0 0 0 0 0 0 0 0 0 0 0 0 0 0 0 0 data 23 0x60007 0x56b1 0x30 0x0 0xd0002 0x0 0x1c0007 0x56b1 0x30 0x0 0x230002 0x0 0x290002 0x56b1 0x0 0x0 0x0 0x0 0x0 0x0 0x9 0x1 0xc oops 0 methods 0
ciMethodData java/util/TreeMap$KeyIterator next ()Ljava/lang/Object; 2 24255 orig 80 0 0 0 0 0 0 0 0 0 0 0 0 0 0 0 0 0 0 0 0 0 0 0 0 0 0 0 0 0 0 0 0 0 0 0 0 0 0 0 0 0 0 0 0 0 0 0 0 0 0 0 0 0 0 0 0 0 0 0 0 0 0 0 0 0 0 0 0 0 0 0 0 0 0 0 0 0 0 0 0 data 16 0x10005 0x56c0 0x0 0x0 0x0 0x0 0x0 0x0 0x0 0x0 0x0 0x0 0x0 0x9 0x1 0xc oops 0 methods 0
ciMethodData java/util/TreeSet iterator ()Ljava/util/Iterator; 2 10456 orig 80 0 0 0 0 0 0 0 0 0 0 0 0 0 0 0 0 0 0 0 0 0 0 0 0 0 0 0 0 0 0 0 0 0 0 0 0 0 0 0 0 0 0 0 0 0 0 0 0 0 0 0 0 0 0 0 0 0 0 0 0 0 0 0 0 0 0 0 0 0 0 0 0 0 0 0 0 0 0 0 0 data 23 0x40005 0x0 0x0 0x27def3f75e0 0x1fe8 0x0 0x0 0x90005 0x0 0x0 0x27def3f7f30 0x1fe8 0x0 0x0 0x0 0x0 0x0 0x0 0x0 0x0 0x9 0x1 0x0 oops 2 3 java/util/TreeMap 10 java/util/TreeMap$KeySet methods 0
ciMethodData java/util/PriorityQueue remove (Ljava/lang/Object;)Z 2 12223 orig 80 0 0 0 0 0 0 0 0 0 0 0 0 0 0 0 0 0 0 0 0 0 0 0 0 0 0 0 0 0 0 0 0 0 0 0 0 0 0 0 0 0 0 0 0 0 0 0 0 0 0 0 0 0 0 0 0 0 0 0 0 0 0 0 0 0 0 0 0 0 0 0 0 0 0 0 0 0 0 0 0 data 28 0x20005 0x293e 0x0 0x0 0x0 0x0 0x0 0x80007 0x1c6a 0x20 0xcd4 0xf0005 0x0 0x0 0x27de8949d80 0x1c6b 0x0 0x0 0x0 0x0 0x0 0x0 0x0 0x0 0x9 0x2 0x0 0x0 oops 1 14 java/util/PriorityQueue methods 0
ciMethodData java/util/PriorityQueue grow (I)V 1 961 orig 80 0 0 0 0 0 0 0 0 0 0 0 0 0 0 0 0 0 0 0 0 0 0 0 0 0 0 0 0 0 0 0 0 0 0 0 0 0 0 0 0 0 0 0 0 0 0 0 0 0 0 0 0 0 0 0 0 0 0 0 0 0 0 0 0 0 0 0 0 0 0 0 0 0 0 0 0 0 0 0 0 data 21 0xd0007 0xe 0x38 0x274 0x130003 0x274 0x18 0x190002 0x282 0x230002 0x282 0x0 0x0 0x0 0x0 0x0 0x0 0x9 0x2 0xc 0x0 oops 0 methods 0
ciMethodData java/util/PriorityQueue removeAt (I)Ljava/lang/Object; 2 11050 orig 80 0 0 0 0 0 0 0 0 0 0 0 0 0 0 0 0 0 0 0 0 0 0 0 0 0 0 0 0 0 0 0 0 0 0 0 0 0 0 0 0 0 0 0 0 0 0 0 0 0 0 0 0 0 0 0 0 0 0 0 0 0 0 0 0 0 0 0 0 0 0 0 0 0 0 0 0 0 0 0 0 data 53 0x1d0007 0x20bf 0x70 0x262 0x230104 0x0 0x0 0x0 0x0 0x0 0x0 0x240003 0x262 0x100 0x2f0104 0x0 0x0 0x0 0x0 0x0 0x0 0x340005 0x20bf 0x0 0x0 0x0 0x0 0x0 0x3c0007 0x141c 0x78 0xca2 0x430005 0xca2 0x0 0x0 0x0 0x0 0x0 0x4b0007 0xb99 0x20 0x109 0x0 0x0 0x0 0x0 0x0 0x0 0x9 0x2 0x6 0x0 oops 0 methods 0
ciMethodData java/util/PriorityQueue siftDown (ILjava/lang/Object;)V 2 10312 orig 80 0 0 0 0 0 0 0 0 0 0 0 0 0 0 0 0 0 0 0 0 0 0 0 0 0 0 0 0 0 0 0 0 0 0 0 0 0 0 0 0 0 0 0 0 0 0 0 0 0 0 0 0 0 0 0 0 0 0 0 0 0 0 0 0 0 0 0 0 0 0 0 0 0 0 0 0 0 0 0 0 data 22 0x40007 0x2001 0x48 0x0 0x150002 0x0 0x180003 0x0 0x28 0x250002 0x2001 0x0 0x0 0x0 0x0 0x0 0x0 0x9 0x3 0x0 0x0 0x0 oops 0 methods 0
ciMethodData java/util/LinkedList addAll (Ljava/util/Collection;)Z 2 3835 orig 80 0 0 0 0 0 0 0 0 0 0 0 0 0 0 0 0 0 0 0 0 0 0 0 0 0 0 0 0 0 0 0 0 0 0 0 0 0 0 0 0 0 0 0 0 0 0 0 0 0 0 0 0 0 0 0 0 0 0 0 0 0 0 0 0 0 0 0 0 0 0 0 0 0 0 0 0 0 0 0 0 data 17 0x60005 0x0 0x0 0x27de8949cd0 0xafd 0x0 0x0 0x0 0x0 0x0 0x0 0x0 0x0 0x9 0x2 0xffffffffffffffff 0xffffffffffffffff oops 1 3 java/util/LinkedList methods 0
ciMethodData java/util/LinkedList addAll (ILjava/util/Collection;)Z 2 5532 orig 80 0 0 0 0 0 0 0 0 0 0 0 0 0 0 0 0 0 0 0 0 0 0 0 0 0 0 0 0 0 0 0 0 0 0 0 0 0 0 0 0 0 0 0 0 0 0 0 0 0 0 0 0 0 0 0 0 0 0 0 0 0 0 0 0 0 0 0 0 0 0 0 0 0 0 0 0 0 0 0 0 data 67 0x20005 0xd9a 0x0 0x0 0x0 0x0 0x0 0x60005 0x4b 0x0 0x27de879ee30 0x8fc 0x27ded9dfc30 0x452 0x120007 0x345 0x20 0xa53 0x1c0007 0x0 0x38 0x345 0x280003 0x345 0x50 0x2d0005 0x0 0x0 0x0 0x0 0x0 0x0 0x480007 0x345 0x80 0x414 0x5f0002 0x414 0x660007 0x1d7 0x38 0x23d 0x6f0003 0x23d 0x18 0x800003 0x414 0xffffffffffffff98 0x850007 0x0 0x38 0x345 0x8e0003 0x345 0x18 0x0 0x0 0x0 0x0 0x0 0x0 0x0 0x9 0x3 0x0 0x0 0x0 oops 2 10 java/util/ArrayList 12 java/util/AbstractList$SubList methods 0
ciMethodData java/util/BitSet recalculateWordsInUse ()V 1 417 orig 80 0 0 0 0 0 0 0 0 0 0 0 0 0 0 0 0 0 0 0 0 0 0 0 0 0 0 0 0 0 0 0 0 0 0 0 0 0 0 0 0 0 0 0 0 0 0 0 0 0 0 0 0 0 0 0 0 0 0 0 0 0 0 0 0 0 0 0 0 0 0 0 0 0 0 0 0 0 0 0 0 data 21 0x80007 0x0 0x70 0x106 0x130007 0x0 0x38 0x106 0x160003 0x106 0x30 0x1c0003 0x0 0xffffffffffffffa8 0x0 0x0 0x0 0x0 0x9 0x1 0x0 oops 0 methods 0
ciMethodData java/util/TreeSet <init> (Ljava/util/SortedSet;)V 1 366 orig 80 0 0 0 0 0 0 0 0 0 0 0 0 0 0 0 0 0 0 0 0 0 0 0 0 0 0 0 0 0 0 0 0 0 0 0 0 0 0 0 0 0 0 0 0 0 0 0 0 0 0 0 0 0 0 0 0 0 0 0 0 0 0 0 0 0 0 0 0 0 0 0 0 0 0 0 0 0 0 0 0 data 26 0x20005 0x0 0x0 0x27de8949c20 0x124 0x0 0x0 0x70002 0x124 0xc0005 0x0 0x0 0x27de8949c20 0x124 0x0 0x0 0x0 0x0 0x0 0x0 0x0 0x0 0x9 0x2 0xffffffffffffffff 0xffffffffffffffff oops 2 3 java/util/TreeSet 12 java/util/TreeSet methods 0
ciMethodData java/util/TreeSet <init> (Ljava/util/Comparator;)V 1 386 orig 80 0 0 0 0 0 0 0 0 0 0 0 0 0 0 0 0 0 0 0 0 0 0 0 0 0 0 0 0 0 0 0 0 0 0 0 0 0 0 0 0 0 0 0 0 0 0 0 0 0 0 0 0 0 0 0 0 0 0 0 0 0 0 0 0 0 0 0 0 0 0 0 0 0 0 0 0 0 0 0 0 data 11 0x60002 0x149 0x90002 0x149 0x0 0x0 0x0 0x9 0x2 0x6 0x0 oops 0 methods 0
ciMethodData java/util/TreeMap <init> (Ljava/util/Comparator;)V 1 389 orig 80 0 0 0 0 0 0 0 0 0 0 0 0 0 0 0 0 0 0 0 0 0 0 0 0 0 0 0 0 0 0 0 0 0 0 0 0 0 0 0 0 0 0 0 0 0 0 0 0 0 0 0 0 0 0 0 0 0 0 0 0 0 0 0 0 0 0 0 0 0 0 0 0 0 0 0 0 0 0 0 0 data 10 0x10002 0x149 0x0 0x0 0x0 0x0 0x9 0x2 0x1c 0x0 oops 0 methods 0
ciMethodData java/util/TreeSet addAll (Ljava/util/Collection;)Z 1 652 orig 80 0 0 0 0 0 0 0 0 0 0 0 0 0 0 0 0 0 0 0 0 0 0 0 0 0 0 0 0 0 0 0 0 0 0 0 0 0 0 0 0 0 0 0 0 0 0 0 0 0 0 0 0 0 0 0 0 0 0 0 0 0 0 0 0 0 0 0 0 0 0 0 0 0 0 0 0 0 0 0 0 data 97 0x40005 0x0 0x0 0x27def3f75e0 0x187 0x0 0x0 0x90007 0x4c 0x270 0x13b 0xd0005 0x0 0x0 0x27de8949c20 0x13b 0x0 0x0 0x120007 0x5d 0x218 0xde 0x160004 0x0 0x0 0x27de8949c20 0xde 0x0 0x0 0x190007 0x0 0x1c0 0xde 0x220004 0x0 0x0 0x27def3f75e0 0xde 0x0 0x0 0x250007 0x0 0x168 0xde 0x290004 0x0 0x0 0x27def3f75e0 0xde 0x0 0x0 0x2e0004 0x0 0x0 0x27de8949c20 0xde 0x0 0x0 0x330005 0x0 0x0 0x27de8949c20 0xde 0x0 0x0 0x390005 0x0 0x0 0x27def3f75e0 0xde 0x0 0x0 0x3c0002 0xde 0x3f0007 0xb 0x58 0xd3 0x470005 0x0 0x0 0x27def3f75e0 0xd3 0x0 0x0 0x4e0002 0xb4 0x0 0x0 0x0 0x0 0x0 0x0 0x9 0x2 0xffffffffffffffff 0xffffffffffffffff oops 9 3 java/util/TreeMap 14 java/util/TreeSet 25 java/util/TreeSet 36 java/util/TreeMap 47 java/util/TreeMap 54 java/util/TreeSet 61 java/util/TreeSet 68 java/util/TreeMap 81 java/util/TreeMap methods 0
ciMethodData java/util/LinkedList <init> (Ljava/util/Collection;)V 1 100 orig 80 0 0 0 0 0 0 0 0 0 0 0 0 0 0 0 0 0 0 0 0 0 0 0 0 0 0 0 0 0 0 0 0 0 0 0 0 0 0 0 0 0 0 0 0 0 0 0 0 0 0 0 0 0 0 0 0 0 0 0 0 0 0 0 0 0 0 0 0 0 0 0 0 0 0 0 0 0 0 0 0 data 19 0x10002 0x55 0x60005 0x0 0x0 0x27de8949cd0 0x55 0x0 0x0 0x0 0x0 0x0 0x0 0x0 0x0 0x9 0x2 0xffffffffffffffff 0xffffffffffffffff oops 1 5 java/util/LinkedList methods 0
ciMethodData java/util/Arrays sort ([Ljava/lang/Object;Ljava/util/Comparator;)V 1 154 orig 80 0 0 0 0 0 0 0 0 0 0 0 0 0 0 0 0 0 0 0 0 0 0 0 0 0 0 0 0 0 0 0 0 0 0 0 0 0 0 0 0 0 0 0 0 0 0 0 0 0 0 0 0 0 0 0 0 0 0 0 0 0 0 0 0 0 0 0 0 0 0 0 0 0 0 0 0 0 0 0 0 data 30 0x10007 0x84 0x48 0x0 0x50002 0x0 0x80003 0x0 0x70 0xe0007 0x84 0x48 0x0 0x130002 0x0 0x160003 0x0 0x28 0x210002 0x84 0x0 0x0 0x0 0x0 0x0 0x0 0x9 0x2 0xffffffffffffffff 0xffffffffffffffff oops 0 methods 0
ciMethodData java/util/Arrays copyOf ([II)[I 1 340 orig 80 0 0 0 0 0 0 0 0 0 0 0 0 0 0 0 0 0 0 0 0 0 0 0 0 0 0 0 0 0 0 0 0 0 0 0 0 0 0 0 0 0 0 0 0 0 0 0 0 0 0 0 0 0 0 0 0 0 0 0 0 0 0 0 0 0 0 0 0 0 0 0 0 0 0 0 0 0 0 0 0 data 14 0xb0002 0x81 0xe0002 0x81 0x0 0x0 0x0 0x0 0x0 0x0 0x9 0x2 0x0 0x0 oops 0 methods 0
ciMethod com/android/tools/r8/graph/E2 R1 ()Z 0 0 1 0 -1
ciMethod com/android/tools/r8/internal/LB a (Ljava/util/Collection;)Lcom/android/tools/r8/internal/LB; 4210 4210 85270 0 -1
ciMethod com/android/tools/r8/internal/SA iterator ()Lcom/android/tools/r8/internal/Gs0; 0 0 1 0 -1
ciMethod com/android/tools/r8/internal/SA toArray ([Ljava/lang/Object;)[Ljava/lang/Object; 1024 0 61093 0 -1
ciMethod com/android/tools/r8/internal/SA iterator ()Ljava/util/Iterator; 1024 0 19545 0 -1
ciMethod com/android/tools/r8/internal/cB iterator ()Lcom/android/tools/r8/internal/Gs0; 8904 0 4783 0 -1
ciMethod com/android/tools/r8/internal/cB b (I[Ljava/lang/Object;)Lcom/android/tools/r8/internal/cB; 4262 0 94854 0 -1
ciMethod com/android/tools/r8/internal/EB a ()Lcom/android/tools/r8/internal/cB; 378 0 153 0 -1
ciMethod com/android/tools/r8/internal/EB l ()Lcom/android/tools/r8/internal/cB; 0 0 1 0 -1
ciMethod com/android/tools/r8/internal/lz a (I)I 606 0 41947 0 -1
ciMethod com/android/tools/r8/internal/lz a (ID)I 4096 0 3106 0 -1
ciMethod com/android/tools/r8/internal/Gs0 hasNext ()Z 0 0 1 0 -1
ciMethod com/android/tools/r8/internal/Gs0 next ()Ljava/lang/Object; 0 0 1 0 -1
ciMethod com/android/tools/r8/internal/F a (I)Ljava/lang/Object; 0 0 1 0 -1
ciMethod com/android/tools/r8/internal/F hasNext ()Z 426 0 27921 0 -1
ciMethod com/android/tools/r8/internal/F next ()Ljava/lang/Object; 202 0 18159 0 -1
ciMethod com/android/tools/r8/internal/cJ hasNext ()Z 768 0 2686 0 -1
ciMethod com/android/tools/r8/internal/cJ next ()Ljava/lang/Object; 4140 0 21035 0 -1
ciMethod com/android/tools/r8/internal/iC iterator ()Lcom/android/tools/r8/internal/Gs0; 378 0 153 0 -1
ciMethod com/android/tools/r8/internal/sr0 I ()Z 370 0 185 0 -1
ciMethod com/android/tools/r8/internal/sr0 C ()Z 350 0 25159 0 0
ciMethod com/android/tools/r8/internal/sr0 B ()Z 64 0 12272 0 0
ciMethod com/android/tools/r8/internal/sr0 D ()Z 210 0 2789 0 0
ciMethod com/android/tools/r8/internal/sr0 z ()Z 2 0 1251 0 0
ciMethod com/android/tools/r8/internal/sr0 O ()I 582 0 18125 0 -1
ciMethod com/android/tools/r8/graph/G0 d ()Lcom/android/tools/r8/graph/h1; 340 0 170 0 -1
ciMethod com/android/tools/r8/graph/g o ()Z 1026 0 310169 0 -1
ciMethod com/android/tools/r8/graph/g d (II)Z 1024 0 865371 0 -1
ciMethod com/android/tools/r8/internal/ij0 <init> ()V 50 0 145 0 -1
ciMethod com/android/tools/r8/utils/w b ()Z 528 0 571006 0 -1
ciMethod com/android/tools/r8/graph/D5 getHolder ()Lcom/android/tools/r8/graph/E2; 1024 0 106183 0 -1
ciMethod com/android/tools/r8/graph/h j ()Lcom/android/tools/r8/utils/w; 216 0 639355 0 -1
ciMethod com/android/tools/r8/graph/y N ()Lcom/android/tools/r8/utils/w; 214 0 628946 0 -1
ciMethod com/android/tools/r8/internal/gI a (J)I 1010 0 15295 0 -1
ciMethodData com/android/tools/r8/internal/F hasNext ()Z 2 27921 orig 80 0 0 0 0 0 0 0 0 0 0 0 0 125 2 0 0 0 0 0 0 0 0 0 0 0 0 0 0 0 0 0 0 0 0 0 0 0 0 0 0 0 0 0 0 0 0 0 0 0 0 0 0 0 0 0 0 0 0 0 0 0 0 0 0 0 0 0 0 0 0 0 0 0 0 0 0 0 0 0 0 data 14 0x80007 0xd41 0x38 0x5f03 0xc0003 0x5f03 0x18 0x0 0x0 0x0 0x0 0x9 0x1 0x0 oops 0 methods 0
ciMethodData com/android/tools/r8/internal/F next ()Ljava/lang/Object; 2 18159 orig 80 0 0 0 0 0 0 0 0 0 0 0 0 125 2 0 0 0 0 0 0 0 0 0 0 0 0 0 0 0 0 0 0 0 0 0 0 0 0 0 0 0 0 0 0 0 0 0 0 0 0 0 0 0 0 0 0 0 0 0 0 0 0 0 0 0 0 0 0 0 0 0 0 0 0 0 0 0 0 0 0 data 29 0x10005 0x468d 0x0 0x0 0x0 0x0 0x0 0x40007 0x0 0x58 0x468c 0x150005 0x12 0x0 0x27ded1b2230 0x4267 0x27def3f5620 0x413 0x1d0002 0x0 0x0 0x0 0x0 0x0 0x0 0x0 0x9 0x1 0xffffffffffffffff oops 2 14 com/android/tools/r8/internal/dJ 16 com/android/tools/r8/internal/Tw methods 0
ciMethodData com/android/tools/r8/graph/g o ()Z 2 312111 orig 80 0 0 0 0 0 0 0 0 0 0 0 0 0 0 0 0 0 0 0 0 0 0 0 0 0 0 0 0 0 0 0 0 0 0 0 0 0 0 0 0 0 0 0 0 0 0 0 0 0 0 0 0 0 0 0 0 0 0 0 0 0 0 0 0 0 0 0 0 0 0 0 0 0 0 0 0 0 0 0 0 data 11 0x80002 0x4c210 0x0 0x0 0x0 0x0 0x0 0x0 0x9 0x1 0x0 oops 0 methods 0
ciMethod com/android/tools/r8/internal/rD d ()Lcom/android/tools/r8/internal/vt0; 270 0 135 0 -1
ciMethod com/android/tools/r8/internal/rD n ()Z 282 0 141 0 -1
ciMethod com/android/tools/r8/internal/rD r2 ()Z 4174 0 26006 0 -1
ciMethod com/android/tools/r8/internal/rD Y0 ()Lcom/android/tools/r8/internal/Ng; 0 0 1 0 -1
ciMethod com/android/tools/r8/internal/rD o ()Lcom/android/tools/r8/graph/j0; 4188 0 31047 0 -1
ciMethod com/android/tools/r8/internal/rD l1 ()Z 406 0 203 0 -1
ciMethod com/android/tools/r8/internal/rD A1 ()Z 336 0 168 0 -1
ciMethod com/android/tools/r8/internal/rD d2 ()Z 484 0 242 0 -1
ciMethod com/android/tools/r8/internal/rD j0 ()Lcom/android/tools/r8/internal/OJ; 0 0 1 0 -1
ciMethod com/android/tools/r8/internal/rD L1 ()Z 256 0 128 0 -1
ciMethod com/android/tools/r8/internal/rD i2 ()Z 262 0 131 0 -1
ciMethod com/android/tools/r8/internal/rD n0 ()Lcom/android/tools/r8/internal/pW; 0 0 1 0 -1
ciMethod com/android/tools/r8/internal/rD o2 ()Z 736 0 368 0 -1
ciMethod com/android/tools/r8/internal/rD u0 ()Lcom/android/tools/r8/internal/HX; 0 0 1 0 -1
ciMethod com/android/tools/r8/internal/uD remove ()V 0 0 1 0 -1
ciMethod com/android/tools/r8/internal/HX u0 ()Lcom/android/tools/r8/internal/HX; 260 0 130 0 0
ciMethod com/android/tools/r8/internal/sG add (I)Z 3808 0 11297 0 -1
ciMethod com/android/tools/r8/internal/sG p (I)V 4118 0 13576 0 -1
ciMethod com/android/tools/r8/internal/sG <init> (I)V 4308 0 34627 0 -1
ciMethod com/android/tools/r8/internal/It0 a (Lcom/android/tools/r8/internal/sr0;)Lcom/android/tools/r8/internal/It0; 1024 0 21872 0 224
ciMethod com/android/tools/r8/internal/It0 b ()Z 1024 0 389303 0 96
ciMethod com/android/tools/r8/internal/It0 c ()I 1024 0 329538 0 0
ciMethodData com/android/tools/r8/internal/sG add (I)Z 2 12040 orig 80 0 0 0 0 0 0 0 0 0 0 0 0 0 0 0 0 0 0 0 0 0 0 0 0 0 0 0 0 0 0 0 0 0 0 0 0 0 0 0 0 0 0 0 0 0 0 0 0 0 0 0 0 0 0 0 0 0 0 0 0 0 0 0 0 0 0 0 0 0 0 0 0 0 0 0 0 0 0 0 0 data 17 0x80005 0x27af 0x0 0x0 0x0 0x0 0x0 0x0 0x0 0x0 0x0 0x0 0x0 0x9 0x2 0x6 0x0 oops 0 methods 0
ciMethodData com/android/tools/r8/internal/sG p (I)V 2 14013 orig 80 0 0 0 0 0 0 0 0 0 0 0 0 0 0 0 0 0 0 0 0 0 0 0 0 0 0 0 0 0 0 0 0 0 0 0 0 0 0 0 0 0 0 0 0 0 0 0 0 0 0 0 0 0 0 0 0 0 0 0 0 0 0 0 0 0 0 0 0 0 0 0 0 0 0 0 0 0 0 0 0 data 20 0xd0007 0x2ea6 0x50 0xc 0x1b0002 0xc 0x200002 0xc 0x2b0002 0xc 0x0 0x0 0x0 0x0 0x0 0x0 0x9 0x2 0x4 0x0 oops 0 methods 0
ciMethod com/android/tools/r8/internal/j6 P2 ()Lcom/android/tools/r8/internal/vt0; 4152 0 24650 0 -1
ciMethod com/android/tools/r8/internal/j6 L2 ()Z 0 0 1 0 -1
ciMethod com/android/tools/r8/internal/pW K2 ()Lcom/android/tools/r8/internal/vt0; 424 0 212 0 -1
ciMethod com/android/tools/r8/internal/pW L2 ()Lcom/android/tools/r8/internal/vt0; 4246 0 17411 0 -1
ciMethod com/android/tools/r8/internal/pW n0 ()Lcom/android/tools/r8/internal/pW; 1024 0 2617 0 -1
ciMethod com/android/tools/r8/internal/vt0 t ()Lcom/android/tools/r8/graph/j0; 758 0 177896 0 96
ciMethod com/android/tools/r8/internal/vt0 A ()Z 624 0 115827 0 96
ciMethod com/android/tools/r8/internal/vt0 g0 ()Ljava/util/Set; 514 0 114557 0 -1
ciMethod com/android/tools/r8/internal/vt0 f0 ()Ljava/util/Set; 4108 0 91492 0 -1
ciMethod com/android/tools/r8/internal/vt0 d0 ()Lcom/android/tools/r8/internal/It0; 1024 0 21875 0 224
ciMethod com/android/tools/r8/internal/vt0 n ()Lcom/android/tools/r8/internal/Ng; 4096 0 28974 0 0
ciMethod com/android/tools/r8/internal/vt0 L ()Z 1024 0 75115 0 256
ciMethod com/android/tools/r8/internal/vt0 P ()Z 768 0 20408 0 128
ciMethod com/android/tools/r8/internal/vt0 i ()Z 418 0 209 0 -1
ciMethod com/android/tools/r8/internal/vt0 k ()Lcom/android/tools/r8/internal/f40; 0 0 1 0 -1
ciMethod com/android/tools/r8/internal/vt0 I ()Z 516 0 85390 0 -1
ciMethod com/android/tools/r8/internal/f40 i ()Z 418 0 209 0 -1
ciMethod com/android/tools/r8/internal/f40 k ()Lcom/android/tools/r8/internal/f40; 6430 0 4271 0 -1
ciMethod com/android/tools/r8/internal/f40 h0 ()Ljava/util/List; 364 0 182 0 -1
ciMethod com/android/tools/r8/internal/vG <init> ()V 4120 0 42490 0 -1
ciMethod com/android/tools/r8/internal/vG add (I)Z 4108 3346 20194 0 -1
ciMethod com/android/tools/r8/c b (I)I 464 0 2304 0 -1
ciMethodData com/android/tools/r8/graph/y N ()Lcom/android/tools/r8/utils/w; 2 642483 orig 80 0 0 0 0 0 0 0 0 0 0 0 0 0 0 0 0 0 0 0 0 0 0 0 0 0 0 0 0 0 0 0 0 0 0 0 0 0 0 0 0 0 0 0 0 0 0 0 0 0 0 0 0 0 0 0 0 0 0 0 0 0 0 0 0 0 0 0 0 0 0 0 0 0 0 0 0 0 0 0 0 data 16 0x40005 0x0 0x0 0x27df0ff8cd0 0x9ef7b 0x0 0x0 0x0 0x0 0x0 0x0 0x0 0x0 0x9 0x1 0x0 oops 1 3 com/android/tools/r8/graph/h methods 0
ciMethod com/android/tools/r8/internal/K5 t ()Ljava/util/List; 552 0 215671 0 -1
ciMethod com/android/tools/r8/internal/K5 s ()Ljava/util/List; 1024 0 354619 0 -1
ciMethod com/android/tools/r8/internal/K5 q ()Ljava/util/List; 310 0 155 0 -1
ciMethod com/android/tools/r8/internal/K5 k ()Ljava/util/LinkedList; 274 0 137 0 -1
ciMethod com/android/tools/r8/internal/K5 h ()Lcom/android/tools/r8/internal/OJ; 4156 0 19530 0 -1
ciMethod com/android/tools/r8/internal/K5 c (Lcom/android/tools/r8/internal/K5;)Z 4158 0 74354 0 -1
ciMethod com/android/tools/r8/internal/K5 a (Lcom/android/tools/r8/internal/aA;)Lcom/android/tools/r8/internal/N5; 4180 0 107415 0 -1
ciMethod com/android/tools/r8/internal/aA i ()Lcom/android/tools/r8/graph/D5; 480 0 240 0 -1
ciMethod com/android/tools/r8/internal/aA x ()Lcom/android/tools/r8/graph/j1; 4126 0 29345 0 -1
ciMethodData com/android/tools/r8/internal/SA iterator ()Ljava/util/Iterator; 2 19545 orig 80 0 0 0 0 0 0 0 0 0 0 0 0 0 0 0 0 0 0 0 0 0 0 0 0 0 0 0 0 0 0 0 0 0 0 0 0 0 0 0 0 0 0 0 0 0 0 0 0 0 0 0 0 0 0 0 0 0 0 0 0 0 0 0 0 0 0 0 0 0 0 0 0 0 0 0 0 0 0 0 0 data 16 0x10005 0x1066 0x0 0x27ded1b2020 0x1710 0x27ded1b20d0 0x22f0 0x0 0x0 0x0 0x0 0x0 0x0 0x9 0x1 0xffffffffffffffff oops 2 3 com/android/tools/r8/internal/sk0 5 com/android/tools/r8/internal/Bc0 methods 0
ciMethod com/android/tools/r8/internal/CQ b (Lcom/android/tools/r8/internal/YR;IZ)V 54 152 258 0 -1
ciMethod com/android/tools/r8/internal/CQ i ()Z 2042 0 17170 0 -1
ciMethod com/android/tools/r8/internal/CQ h ()I 0 0 1 0 -1
ciMethod com/android/tools/r8/internal/CQ g ()Z 24 2158 72 0 -1
ciMethod com/android/tools/r8/internal/CQ l ()Z 24 116 72 0 -1
ciMethod com/android/tools/r8/internal/CQ k ()V 32 5404 87 0 -1
ciMethod com/android/tools/r8/internal/CQ a (Lcom/android/tools/r8/internal/YR;Z)V 160 15776 125 0 -1
ciMethod com/android/tools/r8/internal/CQ b (Lcom/android/tools/r8/internal/YR;)Z 4304 0 24474 0 -1
ciMethod com/android/tools/r8/internal/CQ b (Lcom/android/tools/r8/internal/YR;I)Z 92 0 212 0 -1
ciMethod com/android/tools/r8/internal/CQ c (Lcom/android/tools/r8/internal/YR;)Z 4310 0 24471 0 -1
ciMethod com/android/tools/r8/internal/CQ c (Lcom/android/tools/r8/internal/YR;I)Z 0 0 1 0 -1
ciMethod com/android/tools/r8/internal/CQ e (Lcom/android/tools/r8/internal/YR;)Z 24874 0 24635 0 -1
ciMethod com/android/tools/r8/internal/CQ a (Lcom/android/tools/r8/internal/YR;ILcom/android/tools/r8/internal/mc0;ZLcom/android/tools/r8/internal/lc0;)I 4200 19234 21589 0 -1
ciMethod com/android/tools/r8/internal/CQ a (Ljava/util/function/Predicate;Ljava/util/function/BiPredicate;ILcom/android/tools/r8/internal/YR;IZLcom/android/tools/r8/internal/oc0;Lcom/android/tools/r8/internal/lc0;)I 4224 18 61596 0 -1
ciMethod com/android/tools/r8/internal/CQ a (Lcom/android/tools/r8/internal/YR;IZ)V 338 7464 258 0 -1
ciMethod com/android/tools/r8/internal/CQ j ()V 4778 280734 2949 0 -1
ciMethod com/android/tools/r8/internal/CQ a (IZ)I 876 4034 488 0 -1
ciMethod com/android/tools/r8/internal/CQ a (Lcom/android/tools/r8/internal/YR;)V 4110 0 21360 0 -1
ciMethod com/android/tools/r8/internal/CQ g (Lcom/android/tools/r8/internal/YR;)V 4134 0 25517 0 -1
ciMethod com/android/tools/r8/internal/CQ c (IZ)Z 0 0 1 0 -1
ciMethod com/android/tools/r8/internal/CQ f (Lcom/android/tools/r8/internal/YR;)Z 0 0 1 0 -1
ciMethod com/android/tools/r8/internal/CQ d ()I 4910 0 8191 0 -1
ciMethod com/android/tools/r8/internal/CQ d (I)I 782 0 14854 0 -1
ciMethod com/android/tools/r8/internal/CQ c (I)I 788 0 91132 0 -1
ciMethod com/android/tools/r8/internal/CQ a (Lcom/android/tools/r8/internal/YR;I)V 4178 1324 30563 0 -1
ciMethod com/android/tools/r8/internal/CQ a (Lcom/android/tools/r8/internal/YR;Lcom/android/tools/r8/internal/sG;)I 336 224 372 0 -1
ciMethod com/android/tools/r8/internal/CQ a (Lcom/android/tools/r8/internal/YR;ILcom/android/tools/r8/internal/nc0;ZI)Z 4124 0 4449 0 -1
ciMethod com/android/tools/r8/internal/CQ a (Lcom/android/tools/r8/internal/YR;IZLcom/android/tools/r8/internal/nc0;Lcom/android/tools/r8/internal/lc0;)I 4860 0 20748 0 -1
ciMethod com/android/tools/r8/internal/CQ a (I)V 4418 4496 6944 0 -1
ciMethod com/android/tools/r8/internal/CQ a (Lcom/android/tools/r8/internal/YR;Lcom/android/tools/r8/internal/vG;)V 4098 4188 3602 0 -1
ciMethod com/android/tools/r8/internal/CQ b (IZ)I 2050 208708 2997 0 -1
ciMethod com/android/tools/r8/internal/CQ b (I)V 0 0 1 0 -1
ciMethod com/android/tools/r8/internal/CQ a (Lcom/android/tools/r8/internal/rD;)Z 4404 0 68312 0 -1
ciMethod com/android/tools/r8/internal/CQ a (Ljava/util/List;Lcom/android/tools/r8/internal/YR;ILcom/android/tools/r8/internal/nc0;Lcom/android/tools/r8/internal/nc0;)V 876 12522 520 0 -1
ciMethod com/android/tools/r8/internal/CQ a (IILcom/android/tools/r8/internal/YR;)Z 798 1230 364 0 -1
ciMethod com/android/tools/r8/internal/E0 <init> (Ljava/util/HashMap;)V 44 0 142 0 -1
ciMethod com/android/tools/r8/internal/E0 b (Ljava/lang/Object;)I 0 0 1 0 -1
ciMethod com/android/tools/r8/internal/E0 a (Ljava/lang/Object;I)I 82 0 245 0 -1
ciMethod com/android/tools/r8/internal/U0 <init> ()V 44 0 143 0 -1
ciMethod com/android/tools/r8/internal/U0 entrySet ()Ljava/util/Set; 44 0 141 0 -1
ciMethod com/android/tools/r8/internal/U0 b ()Ljava/util/Set; 44 0 142 0 -1
ciMethod com/android/tools/r8/internal/fz <init> ()V 44 0 141 0 -1
ciMethod com/android/tools/r8/internal/mc0 <init> ()V 2578 0 24707 0 -1
ciMethod com/android/tools/r8/internal/oc0 <init> (Lcom/android/tools/r8/internal/nc0;)V 1024 0 18629 0 -1
ciMethod com/android/tools/r8/internal/nc0 <init> (I)V 4212 67360 7929 0 -1
ciMethod com/android/tools/r8/internal/nc0 a (IILcom/android/tools/r8/internal/YR;)V 4162 1488 6958 0 0
ciMethod com/android/tools/r8/internal/nc0 a (I)I 4112 0 55558 0 0
ciMethod com/android/tools/r8/internal/nc0 b (I)Z 4818 0 21376 0 -1
ciMethodData com/android/tools/r8/internal/cJ hasNext ()Z 2 2686 orig 80 0 0 0 0 0 0 0 0 0 0 0 0 125 2 0 0 0 0 0 0 0 0 0 0 0 0 0 0 0 0 0 0 0 0 0 0 0 0 0 0 0 0 0 0 0 0 0 0 0 0 0 0 0 0 0 0 0 0 0 0 0 0 0 0 0 0 0 0 0 0 0 0 0 0 0 0 0 0 0 0 data 6 0x0 0x0 0x0 0x9 0x1 0x0 oops 0 methods 0
ciMethodData com/android/tools/r8/internal/vt0 g0 ()Ljava/util/Set; 2 118733 orig 80 0 0 0 0 0 0 0 0 0 0 0 0 125 2 0 0 0 0 0 0 0 0 0 0 0 0 0 0 0 0 0 0 0 0 0 0 0 0 0 0 0 0 0 0 0 0 0 0 0 0 0 0 0 0 0 0 0 0 0 0 0 0 0 0 0 0 0 0 0 0 0 0 0 0 0 0 0 0 0 0 data 15 0x60007 0x8139 0x20 0x14e04 0xf0002 0x8139 0x0 0x0 0x0 0x0 0x0 0x0 0x9 0x1 0x10 oops 0 methods 0
ciMethod com/android/tools/r8/internal/YR l ()V 0 0 1 0 -1
ciMethod com/android/tools/r8/internal/YR k ()I 7586 0 329317 0 480
ciMethod com/android/tools/r8/internal/YR a (Lcom/android/tools/r8/internal/YR;Ljava/util/PriorityQueue;)V 4108 0 10495 0 -1
ciMethod com/android/tools/r8/internal/YR a (Z)V 412 0 398 0 -1
ciMethod com/android/tools/r8/internal/YR j ()Z 4102 0 21218 0 -1
ciMethod com/android/tools/r8/internal/YR i ()Z 4096 0 22243 0 -1
ciMethod com/android/tools/r8/internal/YR h ()Z 1024 0 68126 0 -1
ciMethod com/android/tools/r8/internal/YR g ()Z 776 0 75813 0 -1
ciMethod com/android/tools/r8/internal/YR a (Lcom/android/tools/r8/internal/bS;)V 1024 0 48786 0 -1
ciMethod com/android/tools/r8/internal/YR a (Lcom/android/tools/r8/internal/ZR;)V 4196 0 59401 0 -1
ciMethod com/android/tools/r8/internal/YR e ()I 1024 0 20264 0 256
ciMethod com/android/tools/r8/internal/YR a ()I 988 0 20282 0 -1
ciMethod com/android/tools/r8/internal/YR g (I)V 4110 0 31427 0 -1
ciMethod com/android/tools/r8/internal/YR c ()I 14200 390 12283 0 -1
ciMethod com/android/tools/r8/internal/YR a (IZ)Z 4166 0 7136 0 -1
ciMethod com/android/tools/r8/internal/YR e (I)Z 5222 1828 19605 0 -1
ciMethod com/android/tools/r8/internal/YR a (Lcom/android/tools/r8/internal/YR;)Z 22 4 26 0 -1
ciMethod com/android/tools/r8/internal/YR c (Lcom/android/tools/r8/internal/YR;)I 4168 5174 61599 0 0
ciMethod com/android/tools/r8/internal/YR a (I)I 4212 6896 5674 0 -1
ciMethod com/android/tools/r8/internal/YR b ()I 1024 0 21221 0 -1
ciMethod com/android/tools/r8/internal/YR a (Ljava/util/function/IntConsumer;)V 12 0 10 0 -1
ciMethod com/android/tools/r8/internal/YR h (I)Lcom/android/tools/r8/internal/YR; 898 3356 691 0 -1
ciMethod com/android/tools/r8/internal/YR b (I)Lcom/android/tools/r8/internal/YR; 4918 10 75363 0 -1
ciMethod com/android/tools/r8/internal/YR <init> (Lcom/android/tools/r8/internal/YR;)V 1630 0 720 0 -1
ciMethod com/android/tools/r8/internal/bS <init> (II)V 1024 0 84609 0 -1
ciMethodData com/android/tools/r8/internal/vt0 A ()Z 2 115875 orig 80 0 0 0 0 0 0 0 0 0 0 0 0 125 2 0 0 0 0 0 0 0 0 0 0 0 0 0 0 0 0 0 0 0 0 0 0 0 0 0 0 0 0 0 0 0 0 0 0 0 0 0 0 0 0 0 0 0 0 0 0 0 0 0 0 0 0 0 0 0 0 0 0 0 0 0 0 0 0 0 0 data 23 0x10005 0x1c373 0x0 0x0 0x0 0x0 0x0 0x40007 0x11bbe 0x38 0xa7ef 0x80003 0xa7f1 0x18 0x0 0x0 0x0 0x0 0x0 0x0 0x9 0x1 0x0 oops 0 methods 0
ciMethodData com/android/tools/r8/internal/vt0 t ()Lcom/android/tools/r8/graph/j0; 2 179405 orig 80 0 0 0 0 0 0 0 0 0 0 0 0 0 0 0 0 0 0 0 0 0 0 0 0 0 0 0 0 0 0 0 0 0 0 0 0 0 0 0 0 0 0 0 0 0 0 0 0 0 0 0 0 0 0 0 0 0 0 0 0 0 0 0 0 0 0 0 0 0 0 0 0 0 0 0 0 0 0 0 0 data 16 0x60007 0x17015 0x38 0x14bb4 0xa0003 0x14bb2 0x18 0x0 0x0 0x0 0x0 0x0 0x0 0x9 0x1 0x0 oops 0 methods 0
ciMethod com/android/tools/r8/internal/Uk0 <init> (Lcom/android/tools/r8/graph/y;Lcom/android/tools/r8/internal/aA;Lcom/android/tools/r8/internal/CQ;)V 4108 15828 2989 0 -1
ciMethod com/android/tools/r8/internal/Uk0 c (ILcom/android/tools/r8/internal/YR;Lcom/android/tools/r8/internal/YR;)V 4146 0 3524 0 -1
ciMethod com/android/tools/r8/internal/Uk0 a (I)I 4098 37362 2990 0 -1
ciMethod com/android/tools/r8/internal/Uk0 a (ILcom/android/tools/r8/internal/YR;Lcom/android/tools/r8/internal/YR;)V 2854 0 1387 0 -1
ciMethod com/android/tools/r8/internal/Uk0 b (ILcom/android/tools/r8/internal/YR;Lcom/android/tools/r8/internal/YR;)V 408 0 396 0 -1
ciMethodData com/android/tools/r8/internal/YR e ()I 2 20264 orig 80 0 0 0 0 0 0 0 0 0 0 0 0 0 0 0 0 0 0 0 0 0 0 0 0 0 0 0 0 0 0 0 0 0 0 0 0 0 0 0 0 0 0 0 0 0 0 0 0 0 0 0 0 0 0 0 0 0 0 0 0 0 0 0 0 0 0 0 0 0 0 0 0 0 0 0 0 0 0 0 0 data 43 0x30007 0x4d2a 0xa0 0x0 0xa0005 0x0 0x0 0x0 0x0 0x0 0x0 0xf0007 0x0 0x38 0x0 0x120003 0x0 0x28 0x190002 0x0 0x220005 0x0 0x0 0x27de879ee30 0x4d2a 0x0 0x0 0x270004 0x0 0x0 0x27def4aae60 0x4d2b 0x0 0x0 0x0 0x0 0x0 0x0 0x0 0x0 0x9 0x1 0x0 oops 2 23 java/util/ArrayList 30 com/android/tools/r8/internal/bS methods 0
ciMethodData com/android/tools/r8/internal/vt0 d0 ()Lcom/android/tools/r8/internal/It0; 2 21875 orig 80 1 0 0 0 0 0 0 0 0 0 0 0 0 0 0 0 0 0 0 0 0 0 0 0 0 0 0 0 0 0 0 0 0 0 0 0 0 0 0 0 0 0 0 0 0 0 0 0 0 0 0 0 0 0 0 0 0 0 0 0 0 0 0 0 0 0 0 0 0 0 0 0 0 0 0 0 0 0 0 0 data 11 0x40002 0x5377 0x0 0x0 0x0 0x0 0x0 0x0 0x9 0x1 0x0 oops 0 methods 0
ciMethodData com/android/tools/r8/internal/It0 a (Lcom/android/tools/r8/internal/sr0;)Lcom/android/tools/r8/internal/It0; 2 21872 orig 80 1 0 0 0 0 0 0 0 0 0 0 0 0 0 0 0 0 0 0 0 0 0 0 0 0 0 0 0 0 0 0 0 0 0 0 0 0 0 0 0 0 0 0 0 0 0 0 0 0 0 0 0 0 0 0 0 0 0 0 0 0 0 0 0 0 0 0 0 0 0 0 0 0 0 0 0 0 0 0 0 data 72 0x10005 0x2b5c 0x0 0x27de8949f90 0x2799 0x27df22a5130 0xa9 0x40007 0x2848 0x20 0x2b55 0xc0005 0x317 0x0 0x27df22a51e0 0x1ee7 0x27df22a5290 0x659 0xf0007 0x970 0x20 0x1ee7 0x170005 0x7d 0x0 0x27df22a5290 0x659 0x27de894a040 0x29a 0x1a0007 0x6d6 0x20 0x29a 0x220005 0x0 0x0 0x27df22a5290 0x659 0x27df22a5340 0x7d 0x250007 0x85 0x20 0x659 0x2d0005 0x0 0x0 0x27df22a5340 0x85 0x0 0x0 0x300007 0x0 0x20 0x85 0x3c000a 0x0 0x3 0x0 0x0 0x27de879bb20 0x410002 0x0 0x0 0x0 0x0 0x0 0x0 0x0 0x9 0x1 0x0 oops 10 3 com/android/tools/r8/internal/Dd 5 com/android/tools/r8/internal/xb0 14 com/android/tools/r8/internal/dH 16 com/android/tools/r8/internal/MS 25 com/android/tools/r8/internal/MS 27 com/android/tools/r8/internal/Hw 36 com/android/tools/r8/internal/MS 38 com/android/tools/r8/internal/ts 47 com/android/tools/r8/internal/ts 60 java/lang/String methods 0
ciMethodData com/android/tools/r8/internal/It0 b ()Z 2 395723 orig 80 1 0 0 0 0 0 0 0 0 0 0 0 0 0 0 0 0 0 0 0 0 0 0 0 0 0 0 0 0 0 0 0 0 0 0 0 0 0 0 1 0 0 0 0 0 0 0 0 0 0 0 0 0 0 0 0 0 0 0 0 0 0 0 0 0 0 0 0 0 0 0 0 0 0 0 0 0 0 0 0 data 23 0x40007 0x7283 0x70 0x5960c 0x80000006000b0007 0x581b5 0x38 0x148f 0xe0003 0x148f 0x30 0x120003 0x581d5 0x18 0x0 0x0 0x0 0x0 0x0 0x0 0x9 0x1 0x0 oops 0 methods 0
ciMethodData com/android/tools/r8/internal/YR k ()I 2 333011 orig 80 1 0 0 0 0 0 0 0 0 0 0 0 0 0 0 0 0 0 0 0 0 0 0 0 0 0 0 0 0 0 0 0 0 0 0 0 0 0 0 0 0 0 0 0 0 0 0 0 0 0 0 0 0 0 0 0 0 0 0 0 0 0 0 0 0 0 0 0 0 0 0 0 0 0 0 0 0 0 0 0 data 23 0x40005 0x1a 0x0 0x27de894a720 0x49deb 0x27de894a7d0 0x67dd 0x70005 0x50580 0x0 0x0 0x0 0x0 0x0 0x0 0x0 0x0 0x0 0x0 0x0 0x9 0x1 0x0 oops 2 3 com/android/tools/r8/internal/vt0 5 com/android/tools/r8/internal/g40 methods 0
ciMethodData com/android/tools/r8/internal/It0 c ()I 2 331831 orig 80 0 0 0 0 0 0 0 0 0 0 0 0 0 0 0 0 0 0 0 0 0 0 0 0 0 0 0 0 0 0 0 0 0 0 0 0 0 0 0 0 0 0 0 0 0 0 0 0 0 0 0 0 0 0 0 0 0 0 0 0 0 0 0 0 0 0 0 0 0 0 0 0 0 0 0 0 0 0 0 0 data 23 0x10005 0x50e42 0x0 0x0 0x0 0x0 0x0 0x40007 0x4a2d7 0x38 0x6c1a 0x80003 0x6c1a 0x18 0x0 0x0 0x0 0x0 0x0 0x0 0x9 0x1 0x0 oops 0 methods 0
ciMethodData com/android/tools/r8/internal/sr0 C ()Z 2 25159 orig 80 0 0 0 0 0 0 0 0 0 0 0 0 125 2 0 0 0 0 0 0 0 0 0 0 0 0 0 0 0 0 0 0 0 0 0 0 0 0 0 0 0 0 0 0 0 0 0 0 0 0 0 0 0 0 0 0 0 0 0 0 0 0 0 0 0 0 0 0 0 0 0 0 0 0 0 0 0 0 0 0 data 16 0x10004 0xffffffffffffee2a 0x0 0x27df22a51e0 0x4fd2 0x27df22a5290 0xc 0x0 0x0 0x0 0x0 0x0 0x0 0x9 0x1 0x0 oops 2 3 com/android/tools/r8/internal/dH 5 com/android/tools/r8/internal/MS methods 0
ciMethodData com/android/tools/r8/internal/sr0 B ()Z 2 12272 orig 80 0 0 0 0 0 0 0 0 0 0 0 0 125 2 0 0 0 0 0 0 0 0 0 0 0 0 0 0 0 0 0 0 0 0 0 0 0 0 0 0 0 0 0 0 0 0 0 0 0 0 0 0 0 0 0 0 0 0 0 0 0 0 0 0 0 0 0 0 0 0 0 0 0 0 0 0 0 0 0 0 data 16 0x10004 0xffffffffffffd67c 0x0 0x27df22a51e0 0x158 0x27df22a5290 0x38 0x0 0x0 0x0 0x0 0x0 0x0 0x9 0x1 0x0 oops 2 3 com/android/tools/r8/internal/dH 5 com/android/tools/r8/internal/MS methods 0
ciMethodData com/android/tools/r8/internal/sr0 D ()Z 2 2789 orig 80 0 0 0 0 0 0 0 0 0 0 0 0 125 2 0 0 0 0 0 0 0 0 0 0 0 0 0 0 0 0 0 0 0 0 0 8 0 0 0 0 0 0 0 0 0 0 0 0 0 0 0 0 0 0 0 0 0 0 0 0 0 0 0 0 0 0 0 0 0 0 0 0 0 0 0 0 0 0 0 0 data 16 0x10004 0xfffffffffffffe88 0x0 0x27df22a5290 0x90c 0x27df22a5340 0x82 0x800000040001000d 0x27defc17330 0x800000040001000d 0x27df03ac740 0x800000040001000d 0x27df22a1650 0x9 0x1 0x0 oops 2 3 com/android/tools/r8/internal/MS 5 com/android/tools/r8/internal/ts methods 3 8 com/android/tools/r8/internal/YR k ()I 10 com/android/tools/r8/internal/vt0 d0 ()Lcom/android/tools/r8/internal/It0; 12 com/android/tools/r8/internal/It0 a (Lcom/android/tools/r8/internal/sr0;)Lcom/android/tools/r8/internal/It0;
ciMethodData com/android/tools/r8/internal/sr0 z ()Z 2 1251 orig 80 0 0 0 0 0 0 0 0 0 0 0 0 125 2 0 0 0 0 0 0 0 0 0 0 0 0 0 0 0 0 0 0 0 0 0 0 0 0 0 0 0 0 0 0 0 0 0 0 0 0 0 0 0 0 0 0 0 0 0 0 0 0 0 0 0 0 0 0 0 0 0 0 0 0 0 0 0 0 0 0 data 16 0x10004 0xfffffffffffffc61 0x0 0x27df22a5290 0x40 0x27df22a5340 0x143 0x0 0x0 0x0 0x0 0x0 0x0 0x9 0x1 0x0 oops 2 3 com/android/tools/r8/internal/MS 5 com/android/tools/r8/internal/ts methods 0
ciMethodData com/android/tools/r8/internal/YR a ()I 2 20282 orig 80 0 0 0 0 0 0 0 0 0 0 0 0 125 2 0 0 0 0 0 0 0 0 0 0 0 0 0 0 0 0 0 0 0 0 0 0 0 0 0 0 0 0 0 0 0 0 0 0 0 0 0 0 0 0 0 0 0 0 0 0 0 0 0 0 0 0 0 0 0 0 0 0 0 0 0 0 0 0 0 0 data 50 0x30007 0x4d4c 0xa0 0x0 0xa0005 0x0 0x0 0x0 0x0 0x0 0x0 0xf0007 0x0 0x38 0x0 0x120003 0x0 0x28 0x190002 0x0 0x220005 0x0 0x0 0x27de879ee30 0x4d4e 0x0 0x0 0x290005 0x0 0x0 0x27de879ee30 0x4d4e 0x0 0x0 0x2e0004 0x0 0x0 0x27def4aae60 0x4d4c 0x0 0x0 0x0 0x0 0x0 0x0 0x0 0x0 0x9 0x1 0x0 oops 3 23 java/util/ArrayList 30 java/util/ArrayList 37 com/android/tools/r8/internal/bS methods 0
ciMethodData com/android/tools/r8/internal/YR g ()Z 2 75817 orig 80 0 0 0 0 0 0 0 0 0 0 0 0 125 2 0 0 0 0 0 0 0 0 0 0 0 0 0 0 0 0 0 0 0 0 0 0 0 0 0 0 0 0 0 0 0 0 0 0 0 0 0 0 0 0 0 0 0 0 0 0 0 0 0 0 0 0 0 0 0 0 0 0 0 0 0 0 0 0 0 0 data 23 0x40005 0x0 0x0 0x27de879ee30 0x126a5 0x0 0x0 0x70007 0x11dd3 0x38 0x8df 0xb0003 0x8df 0x18 0x0 0x0 0x0 0x0 0x0 0x0 0x9 0x1 0x0 oops 1 3 java/util/ArrayList methods 0
ciMethodData com/android/tools/r8/internal/vt0 P ()Z 2 20408 orig 80 0 0 0 0 0 0 0 0 0 0 0 0 125 2 0 0 0 0 0 0 0 0 0 0 0 0 0 0 0 0 0 0 0 0 0 0 0 0 0 0 0 0 0 0 0 0 0 0 0 0 0 0 0 0 0 0 0 0 0 0 0 0 0 0 0 0 0 0 0 0 0 0 0 0 0 0 0 0 0 0 data 34 0x40005 0x3d33 0x0 0x27de894a3b0 0xa4d 0x27deda3acc0 0x6c2 0x70007 0x3c01 0x90 0x1240 0xb0005 0x1240 0x0 0x0 0x0 0x0 0x0 0xe0007 0x1c9 0x38 0x1077 0x120003 0x1077 0x18 0x0 0x0 0x0 0x0 0x0 0x0 0x9 0x1 0x0 oops 2 3 com/android/tools/r8/internal/d3 5 com/android/tools/r8/internal/LI methods 0
ciMethodData com/android/tools/r8/internal/YR b (I)Lcom/android/tools/r8/internal/YR; 2 75363 orig 80 1 0 0 0 0 0 0 0 0 0 0 0 0 0 0 0 0 0 0 0 0 0 0 0 0 0 0 0 0 0 0 0 0 0 0 0 0 0 0 2 0 0 0 0 0 0 0 0 0 0 0 0 0 0 0 0 0 0 0 0 0 0 0 0 0 0 0 0 0 0 0 0 0 0 0 0 0 0 0 0 data 158 0x30007 0x11cc8 0x68 0x0 0xb0007 0x0 0x38 0x0 0xe0003 0x0 0x28 0x150002 0x0 0x1a0005 0x0 0x0 0x27de8949ee0 0x11cc8 0x0 0x0 0x1e0007 0x0 0x78 0x11cc6 0x220005 0x0 0x0 0x27de8949ee0 0x11cc6 0x0 0x0 0x260007 0x2963 0x20 0xf36a 0x2c0005 0x0 0x0 0x27de8949ee0 0x2963 0x0 0x0 0x300007 0x2681 0x38 0x2e2 0x350003 0x2e2 0x18 0x400005 0x0 0x0 0x27de879ee30 0x2963 0x0 0x0 0x450007 0x2963 0x98 0x0 0x4a0005 0x0 0x0 0x0 0x0 0x0 0x0 0x510002 0x0 0x540002 0x0 0x590007 0x0 0x20 0x0 0x660005 0x0 0x0 0x27de879ee30 0x2f34 0x0 0x0 0x690007 0x2c8 0x1b0 0x2c6c 0x710005 0x0 0x0 0x27de879ee30 0x2c6c 0x0 0x0 0x740004 0x0 0x0 0x27de8949ee0 0x2c6c 0x0 0x0 0x7a0005 0x0 0x0 0x27de8949ee0 0x2c6c 0x0 0x0 0x80000006007e0007 0x36 0x78 0x2c38 0x830005 0x0 0x0 0x27de8949ee0 0x2c38 0x0 0x0 0x870007 0x59b 0x20 0x269d 0x8f0005 0x0 0x0 0x27de8949ee0 0x5d1 0x0 0x0 0x930007 0x594 0x20 0x3d 0x9c0003 0x5d1 0xfffffffffffffe30 0xa00007 0x0 0x20 0x2c8 0xa80007 0x0 0x20 0x0 0xb40002 0x0 0x0 0x0 0x0 0x0 0x0 0x0 0x0 0x0 0x9 0x2 0x0 0x0 oops 10 16 com/android/tools/r8/internal/YR 27 com/android/tools/r8/internal/YR 38 com/android/tools/r8/internal/YR 52 java/util/ArrayList 78 java/util/ArrayList 89 java/util/ArrayList 96 com/android/tools/r8/internal/YR 103 com/android/tools/r8/internal/YR 114 com/android/tools/r8/internal/YR 125 com/android/tools/r8/internal/YR methods 0
ciMethodData com/android/tools/r8/internal/K5 h ()Lcom/android/tools/r8/internal/OJ; 2 19530 orig 80 0 0 0 0 0 0 0 0 0 0 0 0 0 0 0 0 0 0 0 0 0 0 0 0 0 0 0 0 0 0 0 0 0 0 0 0 0 0 0 0 0 0 0 0 0 0 0 0 0 0 0 0 0 0 0 0 0 0 0 0 0 0 0 0 0 0 0 0 0 0 0 0 0 0 0 0 0 0 0 0 data 91 0x50007 0x442e 0x68 0x0 0xc0007 0x0 0x38 0x0 0xf0003 0x0 0x28 0x160002 0x0 0x1b0007 0x442f 0x148 0x0 0x230005 0x0 0x0 0x0 0x0 0x0 0x0 0x280005 0x0 0x0 0x0 0x0 0x0 0x0 0x2b0004 0x0 0x0 0x0 0x0 0x0 0x0 0x2e0005 0x0 0x0 0x0 0x0 0x0 0x0 0x310007 0x0 0x38 0x0 0x340003 0x0 0x28 0x3b0002 0x0 0x440005 0x0 0x0 0x27de8949cd0 0x4432 0x0 0x0 0x490005 0x0 0x0 0x27de8949cd0 0x4433 0x0 0x0 0x4c0004 0x0 0x0 0x27def3f9030 0xf1c 0x27def3f90e0 0x1bbf 0x4f0005 0x195b 0x0 0x27def3f9030 0xf1c 0x27def3f90e0 0x1bbf 0x0 0x0 0x0 0x0 0x0 0x0 0x9 0x1 0x0 oops 6 57 java/util/LinkedList 64 java/util/LinkedList 71 com/android/tools/r8/internal/Wh0 73 com/android/tools/r8/internal/zA 78 com/android/tools/r8/internal/Wh0 80 com/android/tools/r8/internal/zA methods 0
ciMethodData com/android/tools/r8/internal/K5 s ()Ljava/util/List; 2 370509 orig 80 0 0 0 0 0 0 0 0 0 0 0 0 0 0 0 0 0 0 0 0 0 0 0 0 0 0 0 0 0 0 0 0 0 0 0 0 0 0 0 0 0 0 0 0 0 0 0 0 0 0 0 0 0 0 0 0 0 0 0 0 0 0 0 0 0 0 0 0 0 0 0 0 0 0 0 0 0 0 0 0 data 17 0x90002 0x5a56b 0xc0007 0x5a5ad 0x30 0x0 0x100002 0x0 0x0 0x0 0x0 0x0 0x0 0x0 0x9 0x1 0x0 oops 0 methods 0
ciMethodData com/android/tools/r8/internal/cJ next ()Ljava/lang/Object; 2 21035 orig 80 0 0 0 0 0 0 0 0 0 0 0 0 0 0 0 0 0 0 0 0 0 0 0 0 0 0 0 0 0 0 0 0 0 0 0 0 0 0 0 0 0 0 0 0 0 0 0 0 0 0 0 0 0 0 0 0 0 0 0 0 0 0 0 0 0 0 0 0 0 0 0 0 0 0 0 0 0 0 0 0 data 13 0x40007 0x0 0x20 0x4a17 0x150002 0x0 0x0 0x0 0x0 0x0 0x9 0x1 0x6 oops 0 methods 0
ciMethodData com/android/tools/r8/internal/vt0 L ()Z 2 75174 orig 80 0 0 0 0 0 0 0 0 0 0 0 0 0 0 0 0 0 0 0 0 0 0 0 0 0 0 0 0 0 0 0 0 0 0 0 0 0 0 0 0 0 0 0 0 0 0 0 0 0 0 0 0 0 0 0 0 0 0 0 0 0 0 0 0 0 0 0 0 0 0 0 0 0 0 0 0 0 0 0 0 data 41 0x10005 0x0 0x0 0x27de894a720 0x113d1 0x27de894a7d0 0xfdd 0x40007 0xf3cb 0xc8 0x2fef 0x80005 0x2fef 0x0 0x0 0x0 0x0 0x0 0xb0005 0xa5 0x0 0x27deda38e20 0x2921 0x27de894a510 0x629 0xe0007 0x6ce 0x38 0x2921 0x120003 0x2921 0x18 0x0 0x0 0x0 0x0 0x0 0x0 0x9 0x1 0x0 oops 4 3 com/android/tools/r8/internal/vt0 5 com/android/tools/r8/internal/g40 21 com/android/tools/r8/internal/Sg 23 com/android/tools/r8/internal/Xg methods 0
ciMethodData com/android/tools/r8/internal/aA x ()Lcom/android/tools/r8/graph/j1; 2 30566 orig 80 0 0 0 0 0 0 0 0 0 0 0 0 0 0 0 0 0 0 0 0 0 0 0 0 0 0 0 0 0 0 0 0 0 0 0 0 0 0 0 0 0 0 0 0 0 0 0 0 0 0 0 0 0 0 0 0 0 0 0 0 0 0 0 0 0 0 0 0 0 0 0 0 0 0 0 0 0 0 0 0 data 23 0x40005 0x0 0x0 0x27deecac160 0x6f58 0x0 0x0 0x70004 0x0 0x0 0x27defc18c40 0x6f56 0x0 0x0 0x0 0x0 0x0 0x0 0x0 0x0 0x9 0x1 0x0 oops 2 3 com/android/tools/r8/graph/D5 10 com/android/tools/r8/graph/j1 methods 0
ciMethodData com/android/tools/r8/internal/YR h ()Z 2 71288 orig 80 0 0 0 0 0 0 0 0 0 0 0 0 0 0 0 0 0 0 0 0 0 0 0 0 0 0 0 0 0 0 0 0 0 0 0 0 0 0 0 0 0 0 0 0 0 0 0 0 0 0 0 0 0 0 0 0 0 0 0 0 0 0 0 0 0 0 0 0 0 0 0 0 0 0 0 0 0 0 0 0 data 27 0xc0007 0x153f 0x90 0xff44 0x100005 0xc55c 0x0 0x27de894a510 0xeb8 0x27deda38e20 0x2b43 0x130007 0xeeea 0x38 0x1062 0x170003 0x1062 0x18 0x0 0x0 0x0 0x0 0x0 0x0 0x9 0x1 0x0 oops 2 7 com/android/tools/r8/internal/Xg 9 com/android/tools/r8/internal/Sg methods 0
ciMethodData com/android/tools/r8/internal/nc0 b (I)Z 2 21531 orig 80 0 0 0 0 0 0 0 0 0 0 0 0 0 0 0 0 0 0 0 0 0 0 0 0 0 0 0 0 0 0 0 0 0 0 0 0 0 0 0 0 0 0 0 0 0 0 0 0 0 0 0 0 0 0 0 0 0 0 0 0 0 0 0 0 0 0 0 0 0 0 0 0 0 0 0 0 0 0 0 0 data 17 0x50005 0x0 0x0 0x27ded1b2700 0x4ab2 0x0 0x0 0x0 0x0 0x0 0x0 0x0 0x0 0x9 0x2 0x0 0x0 oops 1 3 java/util/BitSet methods 0
ciMethodData com/android/tools/r8/internal/YR e (I)Z 2 19605 orig 80 0 0 0 0 0 0 0 0 0 0 0 0 0 0 0 0 0 0 0 0 0 0 0 0 0 0 0 0 0 0 0 0 0 0 0 0 0 0 0 0 0 0 0 0 0 0 0 0 0 0 0 0 0 0 0 0 0 0 0 0 0 0 0 0 0 0 0 0 0 0 0 0 0 0 0 0 0 0 0 0 data 50 0x40005 0x0 0x0 0x27de879ee30 0x4266 0x0 0x0 0xb0005 0x0 0x0 0x27de8949e30 0x5697 0x0 0x0 0x100007 0x0 0xd0 0x5697 0x140005 0x0 0x0 0x27de8949e30 0x5696 0x0 0x0 0x190004 0x0 0x0 0x27def4aae60 0x5698 0x0 0x0 0x220007 0x514d 0x20 0x54c 0x2c0007 0x1441 0xffffffffffffff18 0x3d19 0x0 0x0 0x0 0x0 0x0 0x0 0x9 0x2 0x0 0x0 oops 4 3 java/util/ArrayList 10 java/util/ArrayList$Itr 21 java/util/ArrayList$Itr 28 com/android/tools/r8/internal/bS methods 0
ciMethod com/android/tools/r8/internal/Lh <init> (I)V 552 0 225 0 -1
ciMethod com/android/tools/r8/internal/T0 <init> (Lcom/android/tools/r8/internal/U0;)V 44 0 142 0 -1
ciMethodData com/android/tools/r8/internal/vt0 n ()Lcom/android/tools/r8/internal/Ng; 2 28974 orig 80 0 0 0 0 0 0 0 0 0 0 0 0 0 0 0 0 0 0 0 0 0 0 0 0 0 0 0 0 0 0 0 0 0 0 0 0 0 0 0 0 0 0 0 0 0 0 0 0 0 0 0 0 0 0 0 0 0 0 0 0 0 0 0 0 0 0 0 0 0 0 0 0 0 0 0 0 0 0 0 0 data 36 0x30007 0x692d 0xa0 0x0 0x70005 0x0 0x0 0x0 0x0 0x0 0x0 0xa0007 0x0 0x38 0x0 0xd0003 0x0 0x28 0x140002 0x0 0x1c0005 0xd6b 0x0 0x27deda38e20 0x5ab4 0x27dee6f5540 0x110 0x0 0x0 0x0 0x0 0x0 0x0 0x9 0x1 0x0 oops 2 23 com/android/tools/r8/internal/Sg 25 com/android/tools/r8/internal/Mg methods 0
ciMethod com/android/tools/r8/internal/ZW a ()I 0 0 1 0 -1
ciMethod com/android/tools/r8/internal/ZW b ()Ljava/lang/Object; 0 0 1 0 -1
ciMethod com/android/tools/r8/internal/zB i ()Lcom/android/tools/r8/internal/LB; 44 0 151 0 -1
ciMethod com/android/tools/r8/internal/yB <init> (Lcom/android/tools/r8/internal/zB;)V 376 0 152 0 -1
ciMethodData com/android/tools/r8/internal/nc0 a (I)I 2 56291 orig 80 0 0 0 0 0 0 0 0 0 0 0 0 0 0 0 0 0 0 0 0 0 0 0 0 0 0 0 0 0 0 0 0 0 0 0 0 0 0 0 0 0 0 0 0 0 0 0 0 0 0 0 0 0 0 0 0 0 0 0 0 0 0 0 0 0 0 0 0 0 0 0 0 0 0 0 0 0 0 0 0 data 47 0x50007 0xd3e8 0xa0 0x0 0xd0005 0x0 0x0 0x0 0x0 0x0 0x0 0x100007 0x0 0x38 0x0 0x130003 0x0 0x28 0x1a0002 0x0 0x260007 0xf96 0x20 0xc459 0x2e0007 0xf96 0x68 0x0 0x360007 0x0 0x38 0x0 0x390003 0x0 0x28 0x400002 0x0 0x0 0x0 0x0 0x0 0x0 0x0 0x9 0x2 0x0 0x0 oops 0 methods 0
ciMethod com/android/tools/r8/internal/Ac0 a (Ljava/util/Collection;)Lcom/android/tools/r8/internal/zB; 46 224 153 0 -1
ciMethod com/android/tools/r8/internal/Ac0 <init> ([Lcom/android/tools/r8/internal/bX;[Lcom/android/tools/r8/internal/bX;IILcom/android/tools/r8/internal/Bc0;)V 378 0 153 0 -1
ciMethod com/android/tools/r8/internal/bX <init> (ILjava/lang/Object;)V 550 0 224 0 -1
ciMethod com/android/tools/r8/internal/bX b ()Ljava/lang/Object; 540 0 220 0 -1
ciMethod com/android/tools/r8/internal/bX c ()Lcom/android/tools/r8/internal/bX; 274 0 137 0 -1
ciMethod com/android/tools/r8/internal/zc0 <init> (Ljava/lang/Object;ILcom/android/tools/r8/internal/bX;)V 72 0 30 0 -1
ciMethodData com/android/tools/r8/internal/nc0 <init> (I)V 2 126884 orig 80 0 0 0 0 0 0 0 0 0 0 0 0 0 0 0 0 0 0 0 0 0 0 0 0 0 0 0 0 0 0 0 0 0 0 0 0 0 0 0 0 0 0 0 0 0 0 0 0 0 0 0 0 0 0 0 0 0 0 0 0 0 0 0 0 0 0 0 0 0 0 0 0 0 0 0 0 0 0 0 0 data 27 0x40002 0x16c0 0x160007 0x16c4 0x38 0x16c0f 0x240003 0x16c16 0xffffffffffffffe0 0x300002 0x16c3 0x3d0002 0x16c3 0x4a0002 0x16c3 0x570002 0x16c3 0x0 0x0 0x0 0x0 0x0 0x0 0x9 0x2 0x1e 0x0 oops 0 methods 0
ciMethodData com/android/tools/r8/internal/rD o ()Lcom/android/tools/r8/graph/j0; 2 32256 orig 80 0 0 0 0 0 0 0 0 0 0 0 0 125 2 0 0 0 0 0 0 0 0 0 0 0 0 0 0 0 0 0 0 0 0 0 0 0 0 0 0 0 0 0 0 0 0 0 0 0 0 0 0 0 0 0 0 0 0 0 0 0 0 0 0 0 0 0 0 0 0 0 0 0 0 0 0 0 0 0 0 data 23 0x60007 0x35c3 0x38 0x4012 0xa0003 0x4012 0x50 0xe0005 0x35c3 0x0 0x0 0x0 0x0 0x0 0x0 0x0 0x0 0x0 0x0 0x0 0x9 0x1 0x0 oops 0 methods 0
ciMethodData com/android/tools/r8/internal/mc0 <init> ()V 2 25266 orig 80 0 0 0 0 0 0 0 0 0 0 0 0 0 0 0 0 0 0 0 0 0 0 0 0 0 0 0 0 0 0 0 0 0 0 0 0 0 0 0 0 0 0 0 0 0 0 0 0 0 0 0 0 0 0 0 0 0 0 0 0 0 0 0 0 0 0 0 0 0 0 0 0 0 0 0 0 0 0 0 0 data 7 0x10002 0x5daa 0x0 0x0 0x9 0x1 0x0 oops 0 methods 0
ciMethodData com/android/tools/r8/internal/YR c (Lcom/android/tools/r8/internal/YR;)I 2 68666 orig 80 0 0 0 0 0 0 0 0 0 0 0 0 0 0 0 0 0 0 0 0 0 0 0 0 0 0 0 0 0 0 0 0 0 0 0 0 0 0 0 0 0 0 0 0 0 0 0 0 0 0 0 0 0 0 0 0 0 0 0 0 0 0 0 0 0 0 0 0 0 0 0 0 0 0 0 0 0 0 0 0 data 99 0x50005 0x0 0x0 0x27de879ee30 0xe9b5 0x0 0x0 0xc0005 0x0 0x0 0x27de8949e30 0xe9b6 0x0 0x0 0x110004 0x0 0x0 0x27def4aae60 0xe9b6 0x0 0x0 0x180005 0x0 0x0 0x27de879ee30 0xe9b6 0x0 0x0 0x1f0005 0x0 0x0 0x27de8949e30 0x1aad0 0x0 0x0 0x240007 0x9ccf 0x1b0 0x10e0f 0x280005 0x0 0x0 0x27de8949e30 0x10e0f 0x0 0x0 0x2d0004 0x0 0x0 0x27def4aae60 0x10e0e 0x0 0x0 0x390007 0xfcf2 0x100 0x5217 0x3d0005 0x0 0x0 0x27de8949e30 0x5217 0x0 0x0 0x420007 0x40ff 0x20 0x111a 0x480005 0x0 0x0 0x27de8949e30 0x40ff 0x0 0x0 0x4d0004 0x0 0x0 0x27def4aae60 0x40ff 0x0 0x0 0x510003 0x40ff 0xffffffffffffff18 0x5f0007 0xc129 0xfffffffffffffe38 0x3bce 0x0 0x0 0x0 0x0 0x0 0x0 0x9 0x2 0x0 0x0 oops 10 3 java/util/ArrayList 10 java/util/ArrayList$Itr 17 com/android/tools/r8/internal/bS 24 java/util/ArrayList 31 java/util/ArrayList$Itr 42 java/util/ArrayList$Itr 49 com/android/tools/r8/internal/bS 60 java/util/ArrayList$Itr 71 java/util/ArrayList$Itr 78 com/android/tools/r8/internal/bS methods 0
ciMethodData com/android/tools/r8/internal/f40 k ()Lcom/android/tools/r8/internal/f40; 2 4271 orig 80 0 0 0 0 0 0 0 0 0 0 0 0 0 0 0 0 0 0 0 0 0 0 0 0 0 0 0 0 0 0 0 0 0 0 0 0 0 0 0 0 0 0 0 0 0 0 0 0 0 0 0 0 0 0 0 0 0 0 0 0 0 0 0 0 0 0 0 0 0 0 0 0 0 0 0 0 0 0 0 0 data 5 0x0 0x0 0x9 0x1 0x0 oops 0 methods 0
ciMethodData com/android/tools/r8/internal/CQ a (Lcom/android/tools/r8/internal/YR;I)V 2 31873 orig 80 0 0 0 0 0 0 0 0 0 0 0 0 0 0 0 0 0 0 0 0 0 0 0 0 0 0 0 0 0 0 0 0 0 0 0 0 0 0 0 0 0 0 0 0 0 0 0 0 0 0 0 0 0 0 0 0 0 0 0 0 0 0 0 0 0 0 0 0 0 0 0 0 0 0 0 0 0 0 0 0 data 269 0x30007 0x745a 0xa0 0x0 0x70005 0x0 0x0 0x0 0x0 0x0 0x0 0x120007 0x0 0x38 0x0 0x150003 0x0 0x28 0x1c0002 0x0 0x230005 0x0 0x0 0x27de8949ee0 0x745d 0x0 0x0 0x2b0005 0x7460 0x0 0x0 0x0 0x0 0x0 0x2e0005 0x0 0x0 0x27ded1b20d0 0x6979 0x27ded1b2020 0xae9 0x350005 0x0 0x0 0x27ded1b2230 0x6c68 0x27ded1b2180 0x15d2 0x3a0007 0x745f 0x370 0xddb 0x3e0005 0x0 0x0 0x27ded1b2180 0xae9 0x27ded1b2230 0x2f2 0x430004 0x0 0x0 0x27de894a7d0 0xdc1 0x27dedd3cb80 0x1a 0x520007 0x76f 0xffffffffffffff38 0x66c 0x5d0005 0x66c 0x0 0x0 0x0 0x0 0x0 0x670005 0x0 0x0 0x27de894a7d0 0x14dc 0x27dedd3cb80 0xf 0x6a0005 0x0 0x0 0x27de879ee30 0x14eb 0x0 0x0 0x6f0007 0x66c 0xfffffffffffffe70 0xe7f 0x790005 0x0 0x0 0x27de879ee30 0xe7f 0x0 0x0 0x7c0004 0x0 0x0 0x27de894a720 0xcf5 0x27de894a7d0 0x182 0x870005 0x0 0x0 0x27de894a300 0xe7f 0x0 0x0 0x8c0005 0x0 0x0 0x27de879ee30 0xe7f 0x0 0x0 0x910004 0x0 0x0 0x27de894a300 0xe7f 0x0 0x0 0x940005 0x0 0x0 0x27de894a300 0xe7f 0x0 0x0 0x9a0005 0x0 0x0 0x27de8949ee0 0xe7f 0x0 0x0 0xa30007 0x12c 0x58 0xd53 0xae0005 0xd53 0x0 0x0 0x0 0x0 0x0 0xb40003 0xe7f 0xfffffffffffffd90 0xb80005 0xd 0x0 0x27de894a720 0x6e68 0x27de894a7d0 0x5ea 0xbb0007 0x6e69 0x2e0 0x5f7 0xc30007 0x27 0x2c0 0x5d0 0xc70005 0x0 0x0 0x27de894a7d0 0x5c3 0x27dedd3cb80 0xd 0xd60005 0x0 0x0 0x27de894a7d0 0x12f1 0x27dedd3cb80 0x27 0xd90005 0x0 0x0 0x27de879ee30 0x1318 0x0 0x0 0xde0007 0x5d0 0x1f8 0xd48 0xe70005 0x0 0x0 0x27de879ee30 0xd48 0x0 0x0 0xea0004 0x0 0x0 0x27de894a720 0xb5c 0x27de894a7d0 0x1df 0xee0005 0x0 0x0 0x27de894a300 0xd48 0x0 0x0 0xf30005 0x0 0x0 0x27de879ee30 0xd48 0x0 0x0 0xf80004 0x0 0x0 0x27de894a300 0xd48 0x0 0x0 0x1020005 0x0 0x0 0x27de894a300 0xd48 0x0 0x0 0x1080005 0x0 0x0 0x27de8949ee0 0xd48 0x0 0x0 0x1100005 0xd48 0x0 0x0 0x0 0x0 0x0 0x1160003 0xd48 0xfffffffffffffdb0 0x0 0x0 0x0 0x0 0x0 0x0 0x0 0x9 0x3 0x0 0x0 0x0 oops 35 23 com/android/tools/r8/internal/YR 37 com/android/tools/r8/internal/Bc0 39 com/android/tools/r8/internal/sk0 44 com/android/tools/r8/internal/dJ 46 com/android/tools/r8/internal/cJ 55 com/android/tools/r8/internal/cJ 57 com/android/tools/r8/internal/dJ 62 com/android/tools/r8/internal/g40 64 com/android/tools/r8/internal/f40 80 com/android/tools/r8/internal/g40 82 com/android/tools/r8/internal/f40 87 java/util/ArrayList 98 java/util/ArrayList 105 com/android/tools/r8/internal/vt0 107 com/android/tools/r8/internal/g40 112 com/android/tools/r8/internal/K5 119 java/util/ArrayList 126 com/android/tools/r8/internal/K5 133 com/android/tools/r8/internal/K5 140 com/android/tools/r8/internal/YR 161 com/android/tools/r8/internal/vt0 163 com/android/tools/r8/internal/g40 176 com/android/tools/r8/internal/g40 178 com/android/tools/r8/internal/f40 183 com/android/tools/r8/internal/g40 185 com/android/tools/r8/internal/f40 190 java/util/ArrayList 201 java/util/ArrayList 208 com/android/tools/r8/internal/vt0 210 com/android/tools/r8/internal/g40 215 com/android/tools/r8/internal/K5 222 java/util/ArrayList 229 com/android/tools/r8/internal/K5 236 com/android/tools/r8/internal/K5 243 com/android/tools/r8/internal/YR methods 0
ciMethodData com/android/tools/r8/internal/CQ g (Lcom/android/tools/r8/internal/YR;)V 2 26680 orig 80 0 0 0 0 0 0 0 0 0 0 0 0 0 0 0 0 0 0 0 0 0 0 0 0 0 0 0 0 0 0 0 0 0 0 0 0 0 0 0 0 0 0 0 0 0 0 0 0 0 0 0 0 0 0 0 0 0 0 0 0 0 0 0 0 0 0 0 0 0 0 0 0 0 0 0 0 0 0 0 0 data 92 0x90005 0xd 0x0 0x27de894a720 0x59c9 0x27de894a7d0 0x652 0xc0005 0x6026 0x0 0x0 0x0 0x0 0x0 0x130007 0x6029 0xa0 0x0 0x190005 0x0 0x0 0x0 0x0 0x0 0x0 0x1c0007 0x0 0x38 0x0 0x1f0003 0x0 0x28 0x260002 0x0 0x300002 0x6029 0x330005 0x0 0x0 0x27de8949c20 0x602c 0x0 0x0 0x370007 0x5799 0x68 0x88e 0x410002 0x88e 0x440005 0x0 0x0 0x27de8949c20 0x88e 0x0 0x0 0x490005 0x6026 0x0 0x0 0x0 0x0 0x0 0x4c0007 0x5dbb 0x98 0x26e 0x560007 0x19e 0x78 0xd0 0x610007 0x3d 0x58 0x93 0x660005 0x93 0x0 0x0 0x0 0x0 0x0 0x0 0x0 0x0 0x0 0x0 0x0 0x9 0x2 0x0 0x0 oops 4 3 com/android/tools/r8/internal/vt0 5 com/android/tools/r8/internal/g40 39 java/util/TreeSet 52 java/util/TreeSet methods 0
ciMethodData com/android/tools/r8/internal/CQ i ()Z 2 17175 orig 80 0 0 0 0 0 0 0 0 0 0 0 0 0 0 0 0 0 0 0 0 0 0 0 0 0 0 0 0 0 0 0 0 0 0 0 0 0 0 0 0 0 0 0 0 0 0 0 0 0 0 0 0 0 0 0 0 0 0 0 0 0 0 0 0 0 0 0 0 0 0 0 0 0 0 0 0 0 0 0 0 data 16 0x40005 0x0 0x0 0x27de879ee30 0x3f1d 0x0 0x0 0x0 0x0 0x0 0x0 0x0 0x0 0x9 0x1 0x0 oops 1 3 java/util/ArrayList methods 0
ciMethodData com/android/tools/r8/internal/CQ e (Lcom/android/tools/r8/internal/YR;)Z 2 25731 orig 80 0 0 0 0 0 0 0 0 0 0 0 0 0 0 0 0 0 0 0 0 0 0 0 0 0 0 0 0 0 0 0 0 0 0 0 0 0 0 0 0 0 0 0 0 0 0 0 0 0 0 0 0 0 0 0 0 0 0 0 0 0 0 0 0 0 0 0 0 0 0 0 0 0 0 0 0 0 0 0 0 data 75 0x10005 0x405c 0x0 0x0 0x0 0x0 0x0 0x40007 0x0 0x20 0x405c 0xd0005 0x0 0x0 0x0 0x0 0x0 0x0 0x130007 0x0 0x20 0x0 0x1c0005 0x0 0x0 0x0 0x0 0x0 0x0 0x210005 0x0 0x0 0x0 0x0 0x0 0x0 0x260007 0x0 0xe8 0x0 0x2b0005 0x0 0x0 0x0 0x0 0x0 0x0 0x300004 0x0 0x0 0x0 0x0 0x0 0x0 0x330005 0x0 0x0 0x0 0x0 0x0 0x0 0x360007 0x0 0xffffffffffffff00 0x0 0x0 0x0 0x0 0x0 0x0 0x0 0x9 0x2 0x0 0x0 oops 0 methods 0
ciMethodData com/android/tools/r8/internal/YR i ()Z 2 23319 orig 80 0 0 0 0 0 0 0 0 0 0 0 0 0 0 0 0 0 0 0 0 0 0 0 0 0 0 0 0 0 0 0 0 0 0 0 0 0 0 0 0 0 0 0 0 0 0 0 0 0 0 0 0 0 0 0 0 0 0 0 0 0 0 0 0 0 0 0 0 0 0 0 0 0 0 0 0 0 0 0 0 data 23 0x90007 0x196 0x70 0x5182 0x100007 0x5105 0x38 0x7c 0x130003 0x7c 0x30 0x170003 0x5107 0x18 0x0 0x0 0x0 0x0 0x0 0x0 0x9 0x1 0x0 oops 0 methods 0
ciMethodData com/android/tools/r8/internal/CQ c (Lcom/android/tools/r8/internal/YR;)Z 2 25286 orig 80 0 0 0 0 0 0 0 0 0 0 0 0 0 0 0 0 0 0 0 0 0 0 0 0 0 0 0 0 0 0 0 0 0 0 0 0 0 0 0 0 0 0 0 0 0 0 0 0 0 0 0 0 0 0 0 0 0 0 0 0 0 0 0 0 0 0 0 0 0 0 0 0 0 0 0 0 0 0 0 0 data 187 0x40005 0x0 0x0 0x27ded1b24f0 0x5a5b 0x0 0x0 0x80005 0x5a59 0x0 0x0 0x0 0x0 0x0 0xf0005 0x5a5b 0x0 0x0 0x0 0x0 0x0 0x120007 0x0 0x20 0x5a5a 0x180005 0x0 0x0 0x0 0x0 0x0 0x0 0x1c0007 0x0 0x20 0x0 0x250005 0x0 0x0 0x0 0x0 0x0 0x0 0x280007 0x0 0x20 0x0 0x320007 0x0 0x20 0x0 0x400005 0x0 0x0 0x0 0x0 0x0 0x0 0x430007 0x0 0x190 0x0 0x470005 0x0 0x0 0x0 0x0 0x0 0x0 0x4a0005 0x0 0x0 0x0 0x0 0x0 0x0 0x500007 0x0 0x100 0x0 0x540004 0x0 0x0 0x0 0x0 0x0 0x0 0x570007 0x0 0xa8 0x0 0x5b0004 0x0 0x0 0x0 0x0 0x0 0x0 0x5e0007 0x0 0x38 0x0 0x610003 0x0 0x30 0x650003 0x0 0x18 0x6b0005 0x0 0x0 0x0 0x0 0x0 0x0 0x6e0007 0x0 0x1e8 0x0 0x720005 0x0 0x0 0x0 0x0 0x0 0x0 0x750005 0x0 0x0 0x0 0x0 0x0 0x0 0x7b0007 0x0 0x158 0x0 0x7f0004 0x0 0x0 0x0 0x0 0x0 0x0 0x820007 0x0 0x100 0x0 0x860004 0x0 0x0 0x0 0x0 0x0 0x0 0x890007 0x0 0xa8 0x0 0x8d0004 0x0 0x0 0x0 0x0 0x0 0x0 0x900007 0x0 0x38 0x0 0x930003 0x0 0x30 0x970003 0x0 0x18 0x0 0x0 0x0 0x0 0x0 0x0 0x0 0x9 0x2 0x0 0x0 oops 1 3 com/android/tools/r8/graph/y methods 0
ciMethodData com/android/tools/r8/internal/CQ a (Lcom/android/tools/r8/internal/YR;ILcom/android/tools/r8/internal/mc0;ZLcom/android/tools/r8/internal/lc0;)I 2 145191 orig 80 0 0 0 0 0 0 0 0 0 0 0 0 0 0 0 0 0 0 0 0 0 0 0 0 0 0 0 0 0 0 0 0 0 0 0 0 0 0 0 0 0 0 0 0 0 0 0 0 0 0 0 0 0 0 0 0 0 0 0 0 0 0 0 0 0 0 0 0 0 0 0 0 0 0 0 0 0 0 0 0 data 137 0xc0007 0x27f 0x3d8 0x25d8f 0x120005 0x0 0x0 0x27defc183f0 0x24608 0x27df00bc740 0x1789 0x150007 0x6536 0x38 0x1f86a 0x180003 0x1f86d 0x348 0x1d0007 0x545b 0x90 0x10db 0x250005 0x0 0x0 0x27defc183f0 0x10d6 0x27df00bc740 0x5 0x280007 0x1050 0x38 0x8b 0x2b0003 0x8b 0x2b8 0x330005 0x0 0x0 0x27defc183f0 0x62f8 0x27df00bc740 0x1b1 0x360007 0x540c 0x38 0x109d 0x390003 0x109d 0x248 0x410005 0x0 0x0 0x27defc183f0 0x525b 0x27df00bc740 0x1b1 0x460007 0x4a38 0xd8 0x9d3 0x510007 0x9d3 0x38 0x0 0x540003 0x0 0x1b8 0x5a0007 0x9ae 0x38 0x25 0x5d0003 0x25 0x198 0x670005 0x0 0x0 0x27defc183f0 0x9a9 0x27df00bc740 0x5 0x6a0002 0x9ae 0x730005 0x0 0x0 0x27de8949c20 0x53e5 0x0 0x0 0x760007 0xf 0x90 0x53d5 0x7c0005 0x53d6 0x0 0x0 0x0 0x0 0x0 0x7f0007 0x535d 0x38 0x7b 0x820003 0x7b 0x70 0x890007 0x2a7 0x58 0x50c5 0x910007 0x4f5 0x38 0x4bcf 0x980003 0x4bd0 0x30 0xa60003 0x211a6 0xfffffffffffffc40 0x0 0x0 0x0 0x0 0x0 0x0 0x9 0x6 0x0 0x0 0x0 0x0 0x0 0x0 oops 11 7 com/android/tools/r8/internal/nc0 9 com/android/tools/r8/internal/oc0 25 com/android/tools/r8/internal/nc0 27 com/android/tools/r8/internal/oc0 39 com/android/tools/r8/internal/nc0 41 com/android/tools/r8/internal/oc0 53 com/android/tools/r8/internal/nc0 55 com/android/tools/r8/internal/oc0 78 com/android/tools/r8/internal/nc0 80 com/android/tools/r8/internal/oc0 87 java/util/TreeSet methods 0
ciMethodData com/android/tools/r8/internal/YR b ()I 2 22258 orig 80 0 0 0 0 0 0 0 0 0 0 0 0 0 0 0 0 0 0 0 0 0 0 0 0 0 0 0 0 0 0 0 0 0 0 0 0 0 0 0 0 0 0 0 0 0 0 0 0 0 0 0 0 0 0 0 0 0 0 0 0 0 0 0 0 0 0 0 0 0 0 0 0 0 0 0 0 0 0 0 0 data 23 0x40005 0x0 0x0 0x27de8949c20 0x5505 0x0 0x0 0x70004 0x0 0x0 0x27de894a1a0 0x5507 0x0 0x0 0x0 0x0 0x0 0x0 0x0 0x0 0x9 0x1 0x0 oops 2 3 java/util/TreeSet 10 com/android/tools/r8/internal/ZR methods 0
ciMethodData com/android/tools/r8/internal/CQ a (Lcom/android/tools/r8/internal/YR;)V 2 22278 orig 80 0 0 0 0 0 0 0 0 0 0 0 0 0 0 0 0 0 0 0 0 0 0 0 0 0 0 0 0 0 0 0 0 0 0 0 0 0 0 0 0 0 0 0 0 0 0 0 0 0 0 0 0 0 0 0 0 0 0 0 0 0 0 0 0 0 0 0 0 0 0 0 0 0 0 0 0 0 0 0 0 data 112 0x50007 0x4f01 0xa0 0x0 0xa0005 0x0 0x0 0x0 0x0 0x0 0x0 0xd0007 0x0 0x38 0x0 0x100003 0x0 0x28 0x170002 0x0 0x210007 0x4f02 0xa0 0x0 0x250005 0x0 0x0 0x0 0x0 0x0 0x0 0x300007 0x0 0x38 0x0 0x330003 0x0 0x28 0x3a0002 0x0 0x440002 0x4f01 0x470005 0x0 0x0 0x27de8949c20 0x4f02 0x0 0x0 0x4e0005 0xd 0x0 0x27de894a720 0x4a3e 0x27de894a7d0 0x4b5 0x510005 0x4f01 0x0 0x0 0x0 0x0 0x0 0x540007 0x4785 0x68 0x77c 0x5e0002 0x77c 0x610005 0x0 0x0 0x27de8949c20 0x77c 0x0 0x0 0x660005 0x4f01 0x0 0x0 0x0 0x0 0x0 0x690007 0x4950 0x98 0x5b2 0x730007 0x56b 0x78 0x47 0x7e0007 0x4 0x58 0x43 0x830005 0x43 0x0 0x0 0x0 0x0 0x0 0x0 0x0 0x0 0x0 0x0 0x0 0x9 0x2 0x0 0x0 oops 4 45 java/util/TreeSet 52 com/android/tools/r8/internal/vt0 54 com/android/tools/r8/internal/g40 72 java/util/TreeSet methods 0
ciMethodData com/android/tools/r8/internal/CQ a (Lcom/android/tools/r8/internal/YR;IZLcom/android/tools/r8/internal/nc0;Lcom/android/tools/r8/internal/lc0;)I 2 21690 orig 80 0 0 0 0 0 0 0 0 0 0 0 0 0 0 0 0 0 0 0 0 0 0 0 0 0 0 0 0 0 0 0 0 0 0 0 0 0 0 0 0 0 0 0 0 0 0 0 0 0 0 0 0 0 0 0 0 0 0 0 0 0 0 0 0 0 0 0 0 0 0 0 0 0 0 0 0 0 0 0 0 data 84 0x80005 0x4b3d 0x0 0x0 0x0 0x0 0x0 0xf0007 0x4904 0x20 0x23b 0x220002 0x4904 0x25000a 0x4906 0x3 0x0 0x27de8818460 0x27def0dc580 0x2c000a 0x4902 0x3 0x0 0x27de8818460 0x27def0dc630 0x3c0005 0x4906 0x0 0x0 0x0 0x0 0x0 0x41000a 0x4903 0x3 0x0 0x27de8818460 0x27def0dc6e0 0x48000a 0x4903 0x3 0x0 0x27de8818460 0x27def0dc790 0x580005 0x4903 0x0 0x0 0x0 0x0 0x0 0x5d000a 0x4902 0x3 0x0 0x27de8818460 0x27def0dc840 0x64000a 0x4902 0x3 0x0 0x27de8818460 0x27def0dc8f0 0x740005 0x4905 0x0 0x0 0x0 0x0 0x0 0x0 0x0 0x0 0x0 0x0 0x0 0x9 0x6 0xffffffffffffffff 0xffffffffffffffff 0x0 0x0 0xffffffffffffffff 0xffffffffffffffff oops 12 17 com/android/tools/r8/internal/CQ 18 com/android/tools/r8/internal/CQ$$Lambda$617+0x0000027d812452a8 23 com/android/tools/r8/internal/CQ 24 com/android/tools/r8/internal/CQ$$Lambda$621+0x0000027d81245dd0 36 com/android/tools/r8/internal/CQ 37 com/android/tools/r8/internal/CQ$$Lambda$625+0x0000027d81246750 42 com/android/tools/r8/internal/CQ 43 com/android/tools/r8/internal/CQ$$Lambda$628+0x0000027d81246bf0 55 com/android/tools/r8/internal/CQ 56 com/android/tools/r8/internal/CQ$$Lambda$631+0x0000027d81247510 61 com/android/tools/r8/internal/CQ 62 com/android/tools/r8/internal/CQ$$Lambda$635+0x0000027d8124c000 methods 0
ciMethodData com/android/tools/r8/internal/j6 P2 ()Lcom/android/tools/r8/internal/vt0; 2 26537 orig 80 0 0 0 0 0 0 0 0 0 0 0 0 0 0 0 0 0 0 0 0 0 0 0 0 0 0 0 0 0 0 0 0 0 0 0 0 0 0 0 0 0 0 0 0 0 0 0 0 0 0 0 0 0 0 0 0 0 0 0 0 0 0 0 0 0 0 0 0 0 0 0 0 0 0 0 0 0 0 0 0 data 23 0x50005 0x0 0x0 0x27de879ee30 0x5f8e 0x0 0x0 0x80004 0x0 0x0 0x27de894a720 0x5db8 0x27de894a7d0 0x1d7 0x0 0x0 0x0 0x0 0x0 0x0 0x9 0x1 0x0 oops 3 3 java/util/ArrayList 10 com/android/tools/r8/internal/vt0 12 com/android/tools/r8/internal/g40 methods 0
ciMethodData com/android/tools/r8/internal/CQ d ()I 2 8597 orig 80 0 0 0 0 0 0 0 0 0 0 0 0 0 0 0 0 0 0 0 0 0 0 0 0 0 0 0 0 0 0 0 0 0 0 0 0 0 0 0 0 0 0 0 0 0 0 0 0 0 0 0 0 0 0 0 0 0 0 0 0 0 0 0 0 0 0 0 0 0 0 0 0 0 0 0 0 0 0 0 0 data 13 0xd0007 0x1772 0x20 0x8d 0x0 0x0 0x0 0x0 0x0 0x0 0x9 0x1 0x0 oops 0 methods 0
ciMethodData com/android/tools/r8/internal/YR a (Lcom/android/tools/r8/internal/YR;Ljava/util/PriorityQueue;)V 2 10916 orig 80 0 0 0 0 0 0 0 0 0 0 0 0 0 0 0 0 0 0 0 0 0 0 0 0 0 0 0 0 0 0 0 0 0 0 0 0 0 0 0 0 0 0 0 0 0 0 0 0 0 0 0 0 0 0 0 0 0 0 0 0 0 0 0 0 0 0 0 0 0 0 0 0 0 0 0 0 0 0 0 0 data 45 0x20005 0x229e 0x0 0x0 0x0 0x0 0x0 0x60007 0x19d0 0x38 0x8ce 0x90003 0x8ce 0xb8 0xe0005 0x0 0x0 0x27de8949d80 0x19d0 0x0 0x0 0x160002 0x19cf 0x1c0007 0xd02 0x58 0xcce 0x210005 0x0 0x0 0x27de8949d80 0xcce 0x0 0x0 0x0 0x0 0x0 0x0 0x0 0x0 0x9 0x3 0x0 0x0 0x0 oops 2 17 java/util/PriorityQueue 30 java/util/PriorityQueue methods 0
ciMethodData com/android/tools/r8/c b (I)I 2 2437 orig 80 0 0 0 0 0 0 0 0 0 0 0 0 0 0 0 0 0 0 0 0 0 0 0 0 0 0 0 0 0 0 0 0 0 0 0 0 0 0 0 0 0 0 0 0 0 0 0 0 0 0 0 0 0 0 0 0 0 0 0 0 0 0 0 0 0 0 0 0 0 0 0 0 0 0 0 0 0 0 0 0 data 9 0x10007 0x0 0x20 0x89d 0x0 0x0 0x9 0x1 0x0 oops 0 methods 0
ciMethodData com/android/tools/r8/internal/CQ j ()V 2 176178 orig 80 0 0 0 0 0 0 0 0 0 0 0 0 0 0 0 0 0 0 0 0 0 0 0 0 0 0 0 0 0 0 0 0 0 0 0 0 0 0 0 0 0 0 0 0 0 0 0 0 0 0 0 0 0 0 0 0 0 0 0 0 0 0 0 0 0 0 0 0 0 0 0 0 0 0 0 0 0 0 0 0 data 912 0x40005 0x0 0x0 0x27de879ee30 0x3e5 0x0 0x0 0x90005 0x0 0x0 0x27de8949e30 0x2a5e 0x0 0x0 0xe0007 0x3e6 0x910 0x2678 0x120005 0x0 0x0 0x27de8949e30 0x2677 0x0 0x0 0x170004 0x0 0x0 0x27de8949ee0 0x2677 0x0 0x0 0x1e0007 0x2677 0x68 0x0 0x260007 0x0 0x38 0x0 0x290003 0x0 0x28 0x300002 0x0 0x380005 0x0 0x0 0x27de894a720 0x24c7 0x27de894a7d0 0x1b0 0x3b0007 0x1eee 0x38 0x78b 0x430003 0x78b 0xfffffffffffffe78 0x4a0005 0x0 0x0 0x27de894a720 0x1d3e 0x27de894a7d0 0x1b0 0x4d0007 0x392 0x38 0x1b5c 0x500003 0x1b5c 0xfffffffffffffe08 0x570005 0x392 0x0 0x0 0x0 0x0 0x0 0x5a0005 0x0 0x0 0x27ded1b2020 0xab 0x27ded1b20d0 0x2e7 0x610005 0x0 0x0 0x27ded1b2180 0x156 0x27ded1b2230 0x319 0x660007 0x392 0x370 0xdd 0x6b0005 0x0 0x0 0x27ded1b2180 0xab 0x27ded1b2230 0x32 0x700004 0x0 0x0 0x27de894a7d0 0xdd 0x0 0x0 0x7c0005 0xdd 0x0 0x0 0x0 0x0 0x0 0x820007 0xdd 0xffffffffffffff00 0x0 0x8c0005 0x0 0x0 0x0 0x0 0x0 0x0 0x8f0005 0x0 0x0 0x0 0x0 0x0 0x0 0x940007 0x0 0xfffffffffffffe70 0x0 0x9e0005 0x0 0x0 0x0 0x0 0x0 0x0 0xa10004 0x0 0x0 0x0 0x0 0x0 0x0 0xa80007 0x0 0x170 0x0 0xb10005 0x0 0x0 0x0 0x0 0x0 0x0 0xb60005 0x0 0x0 0x0 0x0 0x0 0x0 0xbb0004 0x0 0x0 0x0 0x0 0x0 0x0 0xbe0005 0x0 0x0 0x0 0x0 0x0 0x0 0xc40005 0x0 0x0 0x0 0x0 0x0 0x0 0xca0007 0x0 0x38 0x0 0xcd0003 0x0 0xfffffffffffffa08 0xd30003 0x0 0xfffffffffffffd90 0xd70005 0x392 0x0 0x0 0x0 0x0 0x0 0xdc0007 0x392 0x228 0x0 0xe40007 0x0 0x1f0 0x0 0xe80007 0x0 0x68 0x0 0xef0007 0x0 0x38 0x0 0xf20003 0x0 0x28 0xf90002 0x0 0x1010005 0x0 0x0 0x0 0x0 0x0 0x0 0x1060005 0x0 0x0 0x0 0x0 0x0 0x0 0x10b0007 0x0 0xf8 0x0 0x10f0005 0x0 0x0 0x0 0x0 0x0 0x0 0x1140004 0x0 0x0 0x0 0x0 0x0 0x0 0x11c0007 0x0 0xffffffffffffff38 0x0 0x1240007 0x0 0x38 0x0 0x1270003 0x0 0xfffffffffffffef8 0x12e0002 0x0 0x1370003 0x0 0xfffffffffffff790 0x13c0005 0x392 0x0 0x0 0x0 0x0 0x0 0x13f0005 0x392 0x0 0x0 0x0 0x0 0x0 0x1450007 0x0 0x38 0x392 0x14a0003 0x392 0x18 0x1540003 0x392 0xfffffffffffff6d0 0x1680002 0x3e6 0x16e0005 0x0 0x0 0x27de879ee30 0x3e6 0x0 0x0 0x1730005 0x0 0x0 0x27de8949e30 0x2a60 0x0 0x0 0x1780007 0x3e6 0x460 0x267a 0x17c0005 0x0 0x0 0x27de8949e30 0x267a 0x0 0x0 0x1810004 0x0 0x0 0x27de8949ee0 0x267a 0x0 0x0 0x1860005 0x267a 0x0 0x0 0x0 0x0 0x0 0x1890007 0x25c7 0xffffffffffffff00 0xb3 0x1960002 0xb3 0x19c0005 0x0 0x0 0x27de8949d80 0xb3 0x0 0x0 0x1a00005 0x0 0x0 0x27de8949d80 0xb3 0x0 0x0 0x1a30004 0x0 0x0 0x27de8949ee0 0xb3 0x0 0x0 0x1af0007 0xb3 0xfffffffffffffe28 0xea 0x1b30005 0x0 0x0 0x27de8949ee0 0xea 0x0 0x0 0x1bc0007 0x0 0x38 0xea 0x1bf0003 0xea 0x18 0x1ce0007 0xea 0x68 0x0 0x1d60007 0x0 0x38 0x0 0x1d90003 0x0 0x28 0x1e00002 0x0 0x1e60007 0xea 0x68 0x0 0x1f20007 0x0 0x38 0x0 0x1f50003 0x0 0x28 0x1fc0002 0x0 0x2080002 0xea 0x20b0005 0x0 0x0 0x27deef4f4a0 0xea 0x0 0x0 0x20e0104 0x0 0x0 0x27de894a300 0x2 0x0 0x0 0x2110007 0x2 0x58 0xe8 0x21a0005 0xe8 0x0 0x0 0x0 0x0 0x0 0x21f0005 0x0 0x0 0x27de8949d80 0xea 0x0 0x0 0x2220104 0x0 0x0 0x27de8949ee0 0x37 0x0 0x0 0x22d0003 0xea 0xfffffffffffffd58 0x2370005 0x0 0x0 0x27de8949cd0 0x3e6 0x0 0x0 0x23c0005 0x0 0x0 0x27de894a250 0x148a 0x0 0x0 0x2410007 0x3e9 0xca0 0x10a1 0x2450005 0x0 0x0 0x27de894a250 0x10a1 0x0 0x0 0x24a0004 0x0 0x0 0x27de894a300 0x10a1 0x0 0x0 0x24f0005 0x0 0x0 0x27de894a300 0x10a1 0x0 0x0 0x2520005 0x0 0x0 0x27de879ee30 0x10a1 0x0 0x0 0x25b0005 0x0 0x0 0x27de8949e30 0x214c 0x0 0x0 0x2600007 0x10a4 0xfffffffffffffe90 0x10ab 0x2660005 0x0 0x0 0x27de8949e30 0x10ab 0x0 0x0 0x26b0004 0x0 0x0 0x27de894a300 0x10ab 0x0 0x0 0x2720005 0x0 0x0 0x27de894a300 0x10ab 0x0 0x0 0x27a0005 0x0 0x0 0x27de894a300 0x10aa 0x0 0x0 0x2800007 0xf8c 0x1b0 0x11f 0x2840005 0x0 0x0 0x27de894a300 0x11f 0x0 0x0 0x2870005 0x0 0x0 0x27de8949cd0 0x11f 0x0 0x0 0x28e0005 0x0 0x0 0x27de894a250 0x2cb 0x0 0x0 0x2930007 0x0 0xe8 0x2cb 0x2980005 0x0 0x0 0x27de894a250 0x2cb 0x0 0x0 0x29d0004 0x0 0x0 0x27de894a460 0x151 0x27def0e0e80 0x1b 0x2a30005 0x15f 0x0 0x27de894a460 0x151 0x27def0e0e80 0x1b 0x2a60007 0x1ac 0xffffffffffffff00 0x11f 0x2b70005 0x0 0x0 0x27de8949cd0 0x10ab 0x0 0x0 0x2ba0004 0x0 0x0 0x27de894a460 0xf64 0x27dedc7e050 0x11f 0x2c70005 0x0 0x0 0x27def75a6e0 0x10ab 0x0 0x0 0x2ca0004 0x0 0x0 0x27def75a930 0x10ab 0x0 0x0 0x2d00005 0x0 0x0 0x27def75aab0 0x10ab 0x0 0x0 0x2d90005 0x0 0x0 0x27def0e0f30 0x7ced 0x0 0x0 0x2de0007 0x10ab 0x340 0x6c44 0x2e30005 0x0 0x0 0x27def0e0f30 0x6c44 0x0 0x0 0x2e80004 0x0 0x0 0x27de894a720 0x636b 0x27de894a7d0 0x8db 0x2f30005 0x0 0x0 0x27de8949ee0 0x6c46 0x0 0x0 0x2fd0005 0x0 0x0 0x27de8949ee0 0x6c44 0x0 0x0 0x3030007 0x6ad0 0xfffffffffffffec8 0x176 0x3070005 0x0 0x0 0x27de894a300 0x176 0x0 0x0 0x30a0005 0x0 0x0 0x27def3f90e0 0xdc 0x27def0e0fe0 0x9a 0x30d0007 0xdc 0xf8 0x9a 0x3120007 0x0 0xd8 0x9a 0x31e0007 0x9a 0x68 0x0 0x32b0007 0x0 0x38 0x0 0x32e0003 0x0 0x28 0x3350002 0x0 0x3400005 0x9a 0x0 0x0 0x0 0x0 0x0 0x3430003 0x9a 0xfffffffffffffd58 0x34f0007 0xdc 0x68 0x0 0x35c0007 0x0 0x38 0x0 0x35f0003 0x0 0x28 0x3660002 0x0 0x3710005 0xdc 0x0 0x0 0x0 0x0 0x0 0x3740003 0xdc 0xfffffffffffffca0 0x37a0005 0x0 0x0 0x27de894a300 0x10ab 0x0 0x0 0x37e0005 0x0 0x0 0x27de879ee30 0x10ac 0x0 0x0 0x3850005 0x0 0x0 0x27de894a300 0x10ac 0x0 0x0 0x3880005 0x0 0x0 0x27de879ee30 0x10ac 0x0 0x0 0x3910005 0x0 0x0 0x27de8949e30 0x14f9 0x0 0x0 0x3960007 0x10ad 0xfffffffffffff770 0x44d 0x39b0005 0x0 0x0 0x27de8949e30 0x44d 0x0 0x0 0x3a00004 0x0 0x0 0x27de894a7d0 0x44d 0x0 0x0 0x3a90005 0x0 0x0 0x27de8949ee0 0x44d 0x0 0x0 0x3b30005 0x0 0x0 0x27de879ee30 0x44d 0x0 0x0 0x3b60004 0x0 0x0 0x27de894a720 0x3e1 0x27de894a7d0 0x6c 0x3be0005 0x0 0x0 0x27de8949ee0 0x44d 0x0 0x0 0x3c60007 0x5 0xfffffffffffffe58 0x448 0x3cb0005 0x448 0x0 0x0 0x0 0x0 0x0 0x3ce0007 0x0 0xfffffffffffffe00 0x448 0x3d40007 0x448 0xd8 0x0 0x3d80005 0x0 0x0 0x0 0x0 0x0 0x0 0x3db0005 0x0 0x0 0x0 0x0 0x0 0x0 0x3e10007 0x0 0x38 0x0 0x3e40003 0x0 0x28 0x3eb0002 0x0 0x3f80005 0x448 0x0 0x0 0x0 0x0 0x0 0x3fb0003 0x448 0xfffffffffffffcd0 0x40f0005 0x3e9 0x0 0x0 0x0 0x0 0x0 0x0 0x0 0x0 0x0 0x0 0x0 0x0 0x0 0x0 0x0 0x0 0x0 0x0 0x0 0x0 0x0 0x0 0x0 0x0 0x0 0x0 0x0 0x0 0x0 0x9 0x1 0x0 oops 73 3 java/util/ArrayList 10 java/util/ArrayList$Itr 21 java/util/ArrayList$Itr 28 com/android/tools/r8/internal/YR 48 com/android/tools/r8/internal/vt0 50 com/android/tools/r8/internal/g40 62 com/android/tools/r8/internal/vt0 64 com/android/tools/r8/internal/g40 83 com/android/tools/r8/internal/sk0 85 com/android/tools/r8/internal/Bc0 90 com/android/tools/r8/internal/cJ 92 com/android/tools/r8/internal/dJ 101 com/android/tools/r8/internal/cJ 103 com/android/tools/r8/internal/dJ 108 com/android/tools/r8/internal/g40 309 java/util/ArrayList 316 java/util/ArrayList$Itr 327 java/util/ArrayList$Itr 334 com/android/tools/r8/internal/YR 354 java/util/PriorityQueue 361 java/util/PriorityQueue 368 com/android/tools/r8/internal/YR 379 com/android/tools/r8/internal/YR 421 java/util/HashMap 428 com/android/tools/r8/internal/K5 446 java/util/PriorityQueue 453 com/android/tools/r8/internal/YR 463 java/util/LinkedList 470 java/util/LinkedList$ListItr 481 java/util/LinkedList$ListItr 488 com/android/tools/r8/internal/K5 495 com/android/tools/r8/internal/K5 502 java/util/ArrayList 509 java/util/ArrayList$Itr 520 java/util/ArrayList$Itr 527 com/android/tools/r8/internal/K5 534 com/android/tools/r8/internal/K5 541 com/android/tools/r8/internal/K5 552 com/android/tools/r8/internal/K5 559 java/util/LinkedList 566 java/util/LinkedList$ListItr 577 java/util/LinkedList$ListItr 584 com/android/tools/r8/internal/wi 586 com/android/tools/r8/internal/im0 591 com/android/tools/r8/internal/wi 593 com/android/tools/r8/internal/im0 602 java/util/LinkedList 609 com/android/tools/r8/internal/wi 611 com/android/tools/r8/internal/qW 616 java/util/IdentityHashMap 623 com/android/tools/r8/internal/Zz 630 java/util/LinkedHashSet 637 java/util/LinkedHashMap$LinkedKeyIterator 648 java/util/LinkedHashMap$LinkedKeyIterator 655 com/android/tools/r8/internal/vt0 657 com/android/tools/r8/internal/g40 662 com/android/tools/r8/internal/YR 669 com/android/tools/r8/internal/YR 680 com/android/tools/r8/internal/K5 687 com/android/tools/r8/internal/zA 689 com/android/tools/r8/internal/zy 748 com/android/tools/r8/internal/K5 755 java/util/ArrayList 762 com/android/tools/r8/internal/K5 769 java/util/ArrayList 776 java/util/ArrayList$Itr 787 java/util/ArrayList$Itr 794 com/android/tools/r8/internal/g40 801 com/android/tools/r8/internal/YR 808 java/util/ArrayList 815 com/android/tools/r8/internal/vt0 817 com/android/tools/r8/internal/g40 822 com/android/tools/r8/internal/YR methods 0
ciMethodData com/android/tools/r8/internal/CQ b (IZ)I 2 680581 orig 80 0 0 0 0 0 0 0 0 0 0 0 0 0 0 0 0 0 0 0 0 0 0 0 0 0 0 0 0 0 0 0 0 0 0 0 0 0 0 0 0 0 0 0 0 0 0 0 0 0 0 0 0 0 0 0 0 0 0 0 0 0 0 0 0 0 0 0 0 0 0 0 0 0 0 0 0 0 0 0 0 data 3686 0x60007 0x772 0x8a8 0x42 0xd0005 0x0 0x0 0x27de8949c20 0x42 0x0 0x0 0x190005 0x0 0x0 0x27de8949cd0 0x42 0x0 0x0 0x200005 0x0 0x0 0x27de8949cd0 0x42 0x0 0x0 0x290005 0x0 0x0 0x27de8949d80 0x42 0x0 0x0 0x300005 0x0 0x0 0x27de879ee30 0x42 0x0 0x0 0x370005 0x0 0x0 0x27de879ee30 0x42 0x0 0x0 0x3c0005 0x0 0x0 0x27de8949e30 0x1510 0x0 0x0 0x410007 0x42 0x6c8 0x14ce 0x460005 0x0 0x0 0x27de8949e30 0x14ce 0x0 0x0 0x4b0004 0x0 0x0 0x27de8949ee0 0x14ce 0x0 0x0 0x500007 0x14ce 0x620 0x0 0x550005 0x0 0x0 0x0 0x0 0x0 0x0 0x630002 0x0 0x690005 0x0 0x0 0x0 0x0 0x0 0x0 0x700005 0x0 0x0 0x0 0x0 0x0 0x0 0x750007 0x0 0x218 0x0 0x7c0005 0x0 0x0 0x0 0x0 0x0 0x0 0x810004 0x0 0x0 0x0 0x0 0x0 0x0 0x8a0005 0x0 0x0 0x0 0x0 0x0 0x0 0x930005 0x0 0x0 0x0 0x0 0x0 0x0 0x9a0005 0x0 0x0 0x0 0x0 0x0 0x0 0x9f0007 0x0 0xfffffffffffffe90 0x0 0xa50005 0x0 0x0 0x0 0x0 0x0 0x0 0xaa0004 0x0 0x0 0x0 0x0 0x0 0x0 0xad0005 0x0 0x0 0x0 0x0 0x0 0x0 0xb00003 0x0 0xffffffffffffff00 0xb80002 0x0 0xbe0005 0x0 0x0 0x0 0x0 0x0 0x0 0xc30005 0x0 0x0 0x0 0x0 0x0 0x0 0xca0005 0x0 0x0 0x0 0x0 0x0 0x0 0xcf0007 0x0 0xe0 0x0 0xd50005 0x0 0x0 0x0 0x0 0x0 0x0 0xda0004 0x0 0x0 0x0 0x0 0x0 0x0 0xdd0005 0x0 0x0 0x0 0x0 0x0 0x0 0xe00003 0x0 0xffffffffffffff00 0xe90005 0x0 0x0 0x0 0x0 0x0 0x0 0xf40005 0x0 0x0 0x0 0x0 0x0 0x0 0xfb0005 0x0 0x0 0x0 0x0 0x0 0x0 0x1000007 0x0 0xb8 0x0 0x1070005 0x0 0x0 0x0 0x0 0x0 0x0 0x10c0004 0x0 0x0 0x0 0x0 0x0 0x0 0x1190002 0x0 0x11f0003 0x0 0xffffffffffffff28 0x1240005 0x0 0x0 0x0 0x0 0x0 0x0 0x1320003 0x14ce 0xfffffffffffff918 0x1360005 0x42 0x0 0x0 0x0 0x0 0x0 0x13f0007 0x6b 0xc8 0x749 0x1500007 0x74a 0xa8 0xefa 0x15c0005 0xefa 0x0 0x0 0x0 0x0 0x0 0x1620005 0x320 0x0 0x27de8949f90 0xb2e 0x27de894a040 0xac 0x16c0003 0xefb 0xffffffffffffff70 0x1770005 0x0 0x0 0x27de8949d80 0x7b5 0x0 0x0 0x1810007 0x7b4 0x580 0xefb 0x18c0007 0xefb 0x68 0x0 0x1950007 0x0 0x38 0x0 0x1980003 0x0 0x28 0x19f0002 0x0 0x1a90005 0x0 0x0 0x27de8949d80 0xefa 0x0 0x0 0x1ae0007 0xea 0x70 0xe0f 0x1b60005 0x0 0x0 0x27de8949cd0 0xe10 0x0 0x0 0x1ba0003 0xe10 0x450 0x1c30005 0x0 0x0 0x27de8949cd0 0xea 0x0 0x0 0x1cc0005 0x0 0x0 0x27de8949c20 0xea 0x0 0x0 0x1d00007 0x4e 0x390 0x9c 0x1d70005 0x0 0x0 0x27de8949c20 0x9c 0x0 0x0 0x1de0005 0x0 0x0 0x27de894a0f0 0x138 0x0 0x0 0x1e30007 0x0 0xc8 0x138 0x1e80005 0x0 0x0 0x27de894a0f0 0x138 0x0 0x0 0x1ed0004 0x0 0x0 0x27de894a1a0 0x138 0x0 0x0 0x1f80007 0x9c 0xffffffffffffff38 0x9c 0x1fb0003 0x9c 0x18 0x2030007 0x0 0x238 0x9c 0x20d0005 0x0 0x0 0x27de8949c20 0x9c 0x0 0x0 0x2140005 0x0 0x0 0x27de894a0f0 0x3d8 0x0 0x0 0x2190007 0x9c 0xc8 0x33c 0x21e0005 0x0 0x0 0x27de894a0f0 0x33c 0x0 0x0 0x2230004 0x0 0x0 0x27de894a1a0 0x33c 0x0 0x0 0x22b0007 0x9c 0xffffffffffffff38 0x2a0 0x2310003 0x2a0 0xffffffffffffff18 0x2370007 0x75 0x70 0x27 0x2400005 0x27 0x0 0x0 0x0 0x0 0x0 0x2450003 0x27 0x50 0x2550005 0x75 0x0 0x0 0x0 0x0 0x0 0x2600005 0x0 0x0 0x27de8949d80 0x9c 0x0 0x0 0x2660005 0xea 0x0 0x0 0x0 0x0 0x0 0x26e0003 0xefa 0xfffffffffffffa98 0x2730007 0x42 0x40 0x772 0x2780007 0x772 0x810 0x0 0x2840005 0x0 0x0 0x27de8949cd0 0x42 0x0 0x0 0x2890005 0x0 0x0 0x27de894a250 0x75f 0x0 0x0 0x28e0007 0x42 0x450 0x71d 0x2920005 0x0 0x0 0x27de894a250 0x71d 0x0 0x0 0x2970004 0x0 0x0 0x27de894a300 0x71d 0x0 0x0 0x29e0005 0x0 0x0 0x27de8949cd0 0x71d 0x0 0x0 0x2a10004 0x0 0x0 0x27de894a3b0 0x42 0x27de894a460 0x6c9 0x2a80005 0x71d 0x0 0x0 0x0 0x0 0x0 0x2ac0004 0xfffffffffffff8e3 0x0 0x27de894a3b0 0xa 0x27de894a460 0xc7 0x2af0007 0x71d 0xfffffffffffffe58 0x0 0x2b50005 0x0 0x0 0x0 0x0 0x0 0x0 0x2c40005 0x0 0x0 0x0 0x0 0x0 0x0 0x2ce0005 0x0 0x0 0x0 0x0 0x0 0x0 0x2d30005 0x0 0x0 0x0 0x0 0x0 0x0 0x2d60005 0x0 0x0 0x0 0x0 0x0 0x0 0x2d90007 0x0 0xfffffffffffffd20 0x0 0x2e00005 0x0 0x0 0x0 0x0 0x0 0x0 0x2e70005 0x0 0x0 0x0 0x0 0x0 0x0 0x2ec0007 0x0 0xfffffffffffffc90 0x0 0x2f10005 0x0 0x0 0x0 0x0 0x0 0x0 0x2f60004 0x0 0x0 0x0 0x0 0x0 0x0 0x2fb0005 0x0 0x0 0x0 0x0 0x0 0x0 0x2ff0007 0x0 0x38 0x0 0x3050003 0x0 0x18 0x3100003 0x0 0xfffffffffffffec8 0x3140005 0x42 0x0 0x0 0x0 0x0 0x0 0x3170007 0x42 0xc0 0x0 0x31b0005 0x0 0x0 0x0 0x0 0x0 0x0 0x3220007 0x0 0x68 0x0 0x32c0007 0x0 0x38 0x0 0x32f0003 0x0 0x28 0x3360002 0x0 0x3400007 0x42 0x238 0x0 0x3470005 0x0 0x0 0x0 0x0 0x0 0x0 0x34c0005 0x0 0x0 0x0 0x0 0x0 0x0 0x3510007 0x0 0x1a8 0x0 0x3550005 0x0 0x0 0x0 0x0 0x0 0x0 0x35a0004 0x0 0x0 0x0 0x0 0x0 0x0 0x3620005 0x0 0x0 0x0 0x0 0x0 0x0 0x3660007 0x0 0xffffffffffffff00 0x0 0x36b0005 0x0 0x0 0x0 0x0 0x0 0x0 0x3700005 0x0 0x0 0x0 0x0 0x0 0x0 0x3780005 0x0 0x0 0x0 0x0 0x0 0x0 0x37c0003 0x0 0xfffffffffffffe38 0x3830005 0x0 0x0 0x27de8949d80 0x4fce 0x0 0x0 0x3860007 0x77c 0x4f20 0x4853 0x38e0007 0x4853 0x58 0x0 0x3930005 0x0 0x0 0x0 0x0 0x0 0x0 0x3a20005 0x0 0x0 0x27de8949d80 0x4853 0x0 0x0 0x3a50004 0x0 0x0 0x27de8949ee0 0x4851 0x0 0x0 0x3ad0007 0x8ee 0x318 0x3f65 0x3ba0104 0xffffffffffffc30e 0x0 0x27de894a510 0x60 0x27de894a5c0 0x34 0x3bd0007 0x3d1f 0x2c0 0x248 0x3c30004 0x0 0x0 0x27de894a670 0x248 0x0 0x0 0x3c70005 0x248 0x0 0x0 0x0 0x0 0x0 0x3cf0005 0x0 0x0 0x27de879ee30 0x248 0x0 0x0 0x3d20004 0x0 0x0 0x27de894a720 0x243 0x27de894a7d0 0x5 0x3d70007 0x248 0x68 0x0 0x3dc0007 0x0 0x38 0x0 0x3df0003 0x0 0x28 0x3e60002 0x0 0x3f20007 0x0 0x158 0x248 0x3f80005 0x248 0x0 0x0 0x0 0x0 0x0 0x3fc0007 0x1c9 0x38 0x7f 0x3ff0003 0x7f 0xe0 0x4040005 0x1c9 0x0 0x0 0x0 0x0 0x0 0x40e0005 0x0 0x0 0x27de894a670 0x1c9 0x0 0x0 0x4110007 0xa7 0x58 0x122 0x4230005 0x122 0x0 0x0 0x0 0x0 0x0 0x42a0007 0xa10 0x460 0x3e44 0x4370104 0xffffffffffffc5c8 0x0 0x27de894a510 0x60 0x27de894a5c0 0x34 0x43a0007 0x3a65 0x408 0x3e0 0x4400004 0x0 0x0 0x27ded1b1e10 0x7e 0x27ded1b1ec0 0x14e 0x4470005 0x3e0 0x0 0x0 0x0 0x0 0x0 0x44f0005 0x0 0x0 0x27de879ee30 0x3e0 0x0 0x0 0x4520004 0x0 0x0 0x27de894a720 0x357 0x27de894a7d0 0x89 0x4570007 0x3e0 0x68 0x0 0x45c0007 0x0 0x38 0x0 0x45f0003 0x0 0x28 0x4660002 0x0 0x4720007 0xe 0xe0 0x3d2 0x4780005 0x3d2 0x0 0x0 0x0 0x0 0x0 0x47c0007 0x1f6 0x38 0x1dc 0x47f0003 0x1dc 0x68 0x48f0005 0x1f6 0x0 0x0 0x0 0x0 0x0 0x4920003 0x1f6 0x1d8 0x4980005 0x7f 0x0 0x27ded1b1ec0 0x58 0x27ded1b1f70 0x113 0x49c0007 0x1ea 0x68 0x0 0x4a00007 0x0 0x38 0x0 0x4a30003 0x0 0x28 0x4aa0002 0x0 0x4b00005 0x7f 0x0 0x27ded1b1ec0 0x58 0x27ded1b1f70 0x113 0x4b30007 0x14c 0xe8 0x9e 0x4bd0007 0x37 0xc8 0x67 0x4c30005 0x67 0x0 0x0 0x0 0x0 0x0 0x4c70007 0x36 0x38 0x31 0x4ca0003 0x31 0x50 0x4d90005 0x36 0x0 0x0 0x0 0x0 0x0 0x4e00005 0xd 0x0 0x27de894a720 0x4412 0x27de894a7d0 0x435 0x4e30005 0x0 0x0 0x27ded1b2020 0x31a7 0x27ded1b20d0 0x16b0 0x4ea0005 0x0 0x0 0x27ded1b2180 0x6349 0x27ded1b2230 0x3c44 0x4ef0007 0x4853 0x888 0x5731 0x4f30005 0x0 0x0 0x27ded1b2180 0x31a7 0x27ded1b2230 0x2594 0x4f80004 0x0 0x0 0x27de894a5c0 0x282 0x27ded1b22e0 0x3e9 0x4fe0005 0x50c7 0x0 0x27de894a5c0 0x282 0x27ded1b22e0 0x3e9 0x5010007 0x52c1 0xffffffffffffff00 0x473 0x5060005 0x0 0x0 0x27ded1b2390 0x28b 0x27ded1b2440 0x1e8 0x5090005 0x0 0x0 0x27ded1b2390 0x28b 0x27ded1b2440 0x1e8 0x5120007 0x19c 0x40 0x2d7 0x51a0007 0x283 0xfffffffffffffe50 0x54 0x51f0005 0x0 0x0 0x27ded1b2440 0x1e8 0x27ded1b2390 0x8 0x5220005 0x0 0x0 0x27ded1b2440 0x1e8 0x27ded1b2390 0x8 0x5300007 0x192 0xfffffffffffffdc0 0x5e 0x53d0002 0x5e 0x5500002 0x5e 0x5570005 0x0 0x0 0x27de8949cd0 0x5e 0x0 0x0 0x5600005 0x0 0x0 0x27de894a250 0x28a 0x0 0x0 0x5650007 0x5e 0x170 0x22c 0x56a0005 0x0 0x0 0x27de894a250 0x22c 0x0 0x0 0x56f0004 0x0 0x0 0x27de8949ee0 0x22c 0x0 0x0 0x5750005 0x22c 0x0 0x0 0x0 0x0 0x0 0x5780007 0x120 0x58 0x10c 0x57e0005 0x10c 0x0 0x0 0x0 0x0 0x0 0x5870005 0x0 0x0 0x27de8949cd0 0x22c 0x0 0x0 0x58d0003 0x22c 0xfffffffffffffe70 0x5970005 0x0 0x0 0x27de8949d80 0x5e 0x0 0x0 0x59f0007 0x22 0x40 0x3c 0x5a40007 0x3c 0x20 0x0 0x5af0005 0x0 0x0 0x27de8949d80 0x5e 0x0 0x0 0x5b80005 0x5e 0x0 0x0 0x0 0x0 0x0 0x5c10005 0x0 0x0 0x27de8949cd0 0x5e 0x0 0x0 0x5ca0005 0x0 0x0 0x27de8949d80 0x5e 0x0 0x0 0x5e00007 0x5e 0x80 0x17c 0x5e90002 0x17c 0x5ec0005 0x0 0x0 0x27de8949c20 0x17c 0x0 0x0 0x5f30003 0x17c 0xffffffffffffff98 0x6040007 0x5e 0x38 0xbf 0x60b0003 0xbf 0xffffffffffffffe0 0x6100007 0x5e 0xfffffffffffff990 0x26f 0x6190007 0x26f 0xa0 0x0 0x6220005 0x0 0x0 0x0 0x0 0x0 0x0 0x6270007 0x0 0x38 0x0 0x62a0003 0x0 0x28 0x6310002 0x0 0x6370007 0x26f 0xa0 0x0 0x6400005 0x0 0x0 0x0 0x0 0x0 0x0 0x6430007 0x0 0x38 0x0 0x6460003 0x0 0x28 0x64d0002 0x0 0x6530007 0x26f 0xa0 0x0 0x65c0005 0x0 0x0 0x0 0x0 0x0 0x0 0x65f0007 0x0 0x38 0x0 0x6620003 0x0 0x28 0x6690002 0x0 0x6750005 0x0 0x0 0x27de8949cd0 0x26f 0x0 0x0 0x6800003 0x26f 0xfffffffffffffdc8 0x6890007 0x4854 0x38 0x0 0x68c0003 0x0 0xffffffffffffee18 0x6900005 0x0 0x0 0x27de8949ee0 0x4854 0x0 0x0 0x6980005 0x0 0x0 0x27de8949cd0 0x4854 0x0 0x0 0x6a10005 0x0 0x0 0x27de894a250 0x29331 0x0 0x0 0x6a60007 0x4853 0x448 0x24b0b 0x6ac0005 0x0 0x0 0x27de894a250 0x24b04 0x0 0x0 0x6b10004 0x0 0x0 0x27de8949ee0 0x24b0d 0x0 0x0 0x6b70005 0x0 0x0 0x27de8949ee0 0x24b10 0x0 0x0 0x6ba0007 0x211f2 0x200 0x392f 0x6c20005 0x0 0x0 0x27de894a250 0x392f 0x0 0x0 0x6ca0005 0x392f 0x0 0x0 0x0 0x0 0x0 0x6cd0005 0x0 0x0 0x27de8949ee0 0x392f 0x0 0x0 0x6d00007 0x1c3e 0xfffffffffffffe38 0x1cf1 0x6de0005 0x1cf1 0x0 0x0 0x0 0x0 0x0 0x6e50005 0x0 0x0 0x27de894a720 0x1c20 0x27de894a7d0 0xd0 0x6e80005 0x1cf1 0x0 0x0 0x0 0x0 0x0 0x6eb0007 0x17a3 0xfffffffffffffd70 0x54e 0x6f90005 0x54e 0x0 0x0 0x0 0x0 0x0 0x6fd0003 0x54e 0xfffffffffffffd18 0x7030005 0x211f4 0x0 0x0 0x0 0x0 0x0 0x7060007 0x20e44 0xfffffffffffffcc8 0x3aa 0x70b0005 0x0 0x0 0x27de894a250 0x3aa 0x0 0x0 0x7130007 0x3aa 0x68 0x0 0x71d0007 0x0 0x38 0x0 0x7200003 0x0 0x28 0x7270002 0x0 0x7310005 0x0 0x0 0x27de8949cd0 0x3aa 0x0 0x0 0x73a0005 0x3aa 0x0 0x0 0x0 0x0 0x0 0x73d0003 0x3aa 0xfffffffffffffb98 0x7440005 0x0 0x0 0x27de8949cd0 0x4853 0x0 0x0 0x74d0005 0x0 0x0 0x27de894a250 0xc6ba 0x0 0x0 0x7520007 0x4854 0x410 0x7e6e 0x7580005 0x0 0x0 0x27de894a250 0x7e6e 0x0 0x0 0x75d0004 0x0 0x0 0x27de8949ee0 0x7e6d 0x0 0x0 0x7630005 0x0 0x0 0x27de8949ee0 0x7e6d 0x0 0x0 0x7660007 0x7a4c 0x1c8 0x422 0x76e0005 0x0 0x0 0x27de894a250 0x422 0x0 0x0 0x7730005 0x0 0x0 0x27de8949ee0 0x422 0x0 0x0 0x7760007 0x27a 0xfffffffffffffe70 0x1a8 0x7840005 0x1a8 0x0 0x0 0x0 0x0 0x0 0x78b0005 0x0 0x0 0x27de894a7d0 0x30 0x27de894a720 0x178 0x78e0005 0x1a8 0x0 0x0 0x0 0x0 0x0 0x7910007 0x191 0xfffffffffffffda8 0x17 0x79f0005 0x17 0x0 0x0 0x0 0x0 0x0 0x7a30003 0x17 0xfffffffffffffd50 0x7a90005 0x7a4c 0x0 0x0 0x0 0x0 0x0 0x7ac0007 0x77fb 0xfffffffffffffd00 0x251 0x7b10005 0x0 0x0 0x27de894a250 0x251 0x0 0x0 0x7b90007 0x251 0x68 0x0 0x7c30007 0x0 0x38 0x0 0x7c60003 0x0 0x28 0x7cd0002 0x0 0x7d70005 0x0 0x0 0x27de8949cd0 0x251 0x0 0x0 0x7de0005 0x251 0x0 0x0 0x0 0x0 0x0 0x7e10003 0x251 0xfffffffffffffbd0 0x7e50005 0x4854 0x0 0x0 0x0 0x0 0x0 0x7e80007 0x47ba 0xc8 0x9b 0x7ec0005 0x9b 0x0 0x0 0x0 0x0 0x0 0x7ef0007 0x96 0x70 0x5 0x7f50005 0x5 0x0 0x0 0x0 0x0 0x0 0x7f80003 0x5 0xffffffffffffe3a8 0x8060007 0x4851 0x68 0x0 0x80c0007 0x0 0x38 0x0 0x80f0003 0x0 0x28 0x8160002 0x0 0x81c0007 0x4851 0xa0 0x0 0x8200005 0x0 0x0 0x0 0x0 0x0 0x0 0x8240007 0x0 0x38 0x0 0x8270003 0x0 0x28 0x82e0002 0x0 0x8330005 0x4851 0x0 0x0 0x0 0x0 0x0 0x8370007 0x40e3 0x38 0x771 0x83d0003 0x771 0x18 0x8440005 0x4853 0x0 0x0 0x0 0x0 0x0 0x8470007 0x47b6 0x140 0x9c 0x84d0007 0x0 0x60 0x9c 0x8520007 0x0 0x100 0x9c 0x8590007 0x88 0xe0 0x14 0x8670005 0x14 0x0 0x0 0x0 0x0 0x0 0x86c0005 0x14 0x0 0x0 0x0 0x0 0x0 0x8740005 0x0 0x0 0x27de8949cd0 0x14 0x0 0x0 0x8780003 0x14 0xffffffffffffe0b8 0x87e0007 0x1fb 0x60 0x4643 0x8830007 0x1348 0x40 0x32fb 0x8880007 0x32fa 0x20 0x0 0x89b0002 0x483d 0x8a20005 0x0 0x0 0x27ded1b24f0 0x483c 0x0 0x0 0x8a80007 0x483e 0xe8 0x0 0x8af0005 0x0 0x0 0x0 0x0 0x0 0x0 0x8b20005 0x0 0x0 0x0 0x0 0x0 0x0 0x8b50005 0x0 0x0 0x0 0x0 0x0 0x0 0x8b80007 0x0 0x210 0x0 0x8bf0005 0x0 0x0 0x27ded1b25a0 0x483d 0x0 0x0 0x8c50005 0x0 0x0 0x27ded1b2650 0x483d 0x0 0x0 0x8c80007 0xf08 0x180 0x3937 0x8cd0007 0x3937 0x68 0x0 0x8d40007 0x0 0x38 0x0 0x8d70003 0x0 0x28 0x8de0002 0x0 0x8e40007 0x3937 0xc0 0x0 0x8ee0007 0x0 0x90 0x0 0x8f60005 0x0 0x0 0x0 0x0 0x0 0x0 0x8fa0007 0x0 0x38 0x0 0x8fd0003 0x0 0x28 0x9040002 0x0 0x9120005 0x0 0x0 0x27ded1b2700 0x3938 0x0 0x0 0x9170007 0x142b 0x40 0x3414 0x91c0007 0x3414 0xb0 0x0 0x9280007 0x142b 0x90 0x4777 0x92e0007 0x0 0x70 0x4777 0x9380005 0x0 0x0 0x27ded1b2700 0x4777 0x0 0x0 0x93e0003 0x4777 0xffffffffffffff88 0x9430005 0x483c 0x0 0x0 0x0 0x0 0x0 0x9460007 0x483b 0xb0 0x0 0x94a0005 0x0 0x0 0x0 0x0 0x0 0x0 0x9510007 0x0 0x58 0x0 0x95b0005 0x0 0x0 0x0 0x0 0x0 0x0 0x9620005 0x0 0x0 0x27de8949cd0 0x483b 0x0 0x0 0x96b0005 0x0 0x0 0x27de894a250 0x2576e 0x0 0x0 0x9700007 0x483e 0x178 0x20f6a 0x9750005 0x0 0x0 0x27de894a250 0x20f6c 0x0 0x0 0x97a0004 0x0 0x0 0x27de8949ee0 0x20f77 0x0 0x0 0x9870007 0x133f 0xffffffffffffff38 0x1fc31 0x9910005 0x41646 0x0 0x0 0x0 0x0 0x0 0x9940007 0x1fc32 0xfffffffffffffee0 0x21ab5 0x9a00007 0x10 0x58 0x21aa4 0x9aa0005 0x0 0x0 0x27ded1b2700 0x21aa9 0x0 0x0 0x9b00003 0x21aba 0xffffffffffffff50 0x9b70005 0x0 0x0 0x27de8949cd0 0x483e 0x0 0x0 0x9c00005 0x0 0x0 0x27de894a250 0xbf93 0x0 0x0 0x9c50007 0x483d 0x398 0x775b 0x9ca0005 0x0 0x0 0x27de894a250 0x775b 0x0 0x0 0x9cf0004 0x0 0x0 0x27de8949ee0 0x775b 0x0 0x0 0x9dc0007 0xa84 0xffffffffffffff38 0x6cd7 0x9e20005 0x6cd7 0x0 0x0 0x0 0x0 0x0 0x9e60007 0x5ff7 0xfffffffffffffee0 0xcdf 0x9ec0005 0xcdf 0x0 0x0 0x0 0x0 0x0 0x9f80005 0x1a3d 0x0 0x0 0x0 0x0 0x0 0x9fb0007 0xcdf 0xfffffffffffffe50 0xd5e 0xa070007 0x0 0x1e8 0xd5e 0xa110005 0x0 0x0 0x27ded1b2700 0xd5e 0x0 0x0 0xa140007 0x3f4 0x190 0x96a 0xa180005 0x0 0x0 0x27de8949ee0 0x96a 0x0 0x0 0xa200007 0x16c 0x38 0x7fe 0xa230003 0x7fe 0x18 0xa2d0007 0x950 0x70 0x1a 0xa370005 0x0 0x0 0x27ded1b2700 0x1a 0x0 0x0 0xa3a0003 0x1a 0xa8 0xa430005 0x950 0x0 0x0 0x0 0x0 0x0 0xa460007 0x369 0x58 0x5e7 0xa510005 0x5e7 0x0 0x0 0x0 0x0 0x0 0xa570003 0xd5e 0xfffffffffffffdc0 0xa5d0007 0x483c 0x2d8 0x0 0xa650002 0x0 0xa710007 0x0 0x2a8 0x0 0xa7b0005 0x0 0x0 0x0 0x0 0x0 0x0 0xa7e0007 0x0 0x238 0x0 0xa870007 0x0 0xa0 0x0 0xa8e0005 0x0 0x0 0x0 0x0 0x0 0x0 0xa910007 0x0 0x38 0x0 0xa940003 0x0 0x28 0xa9b0002 0x0 0xaa00005 0x0 0x0 0x0 0x0 0x0 0x0 0xaa30007 0x0 0x90 0x0 0xaa90005 0x0 0x0 0x0 0x0 0x0 0x0 0xaac0007 0x0 0x38 0x0 0xaaf0003 0x0 0xc8 0xab40007 0x0 0xb0 0x0 0xabd0002 0x0 0xac00005 0x0 0x0 0x0 0x0 0x0 0x0 0xac30007 0x0 0x38 0x0 0xac60003 0x0 0x28 0xacd0002 0x0 0xad40003 0x0 0xfffffffffffffd70 0xade0007 0x3bd8 0xc8 0xc65 0xae30005 0xc65 0x0 0x0 0x0 0x0 0x0 0xaf10005 0xc65 0x0 0x0 0x0 0x0 0x0 0xaf40007 0xbd 0x38 0xba8 0xaf70003 0xba8 0xffffffffffffd1f0 0xb010005 0x0 0x0 0x27de894a720 0x3c15 0x27de894a7d0 0x80 0xb040007 0x3c16 0x6f0 0x80 0xb090005 0x0 0x0 0x27de894a7d0 0x80 0x0 0x0 0xb150002 0x80 0xb180005 0x0 0x0 0x27de894a7d0 0x80 0x0 0x0 0xb240005 0x0 0x0 0x27de879ee30 0x185 0x0 0x0 0xb290007 0x80 0x280 0x105 0xb300005 0x0 0x0 0x27de879ee30 0x105 0x0 0x0 0xb350004 0x0 0x0 0x27de894a720 0xc8 0x27de894a7d0 0x3d 0xb3e0005 0x105 0x0 0x0 0x0 0x0 0x0 0xb410007 0xd4 0x138 0x31 0xb4b0005 0x0 0x0 0x27de894a300 0x31 0x0 0x0 0xb500005 0x0 0x0 0x27de879ee30 0x31 0x0 0x0 0xb550004 0x0 0x0 0x27de894a300 0x31 0x0 0x0 0xb580005 0x0 0x0 0x27de894a300 0x31 0x0 0x0 0xb5e0005 0x0 0x0 0x27de8949ee0 0x31 0x0 0x0 0xb6d0007 0x3e 0x68 0xc7 0xb740002 0xc7 0xb780005 0xc7 0x0 0x0 0x0 0x0 0x0 0xb7f0003 0x105 0xfffffffffffffd60 0xb840005 0x0 0x0 0x27ded1b27b0 0x80 0x0 0x0 0xb8b0005 0x0 0x0 0x27ded1b2860 0x80 0x0 0x0 0xb900004 0x0 0x0 0x27ded1b2910 0x80 0x0 0x0 0xb970002 0x80 0xb9a0002 0x80 0xba40005 0x0 0x0 0x27ded1b2a30 0x80 0x0 0x0 0xba90007 0x80 0x38 0x0 0xbb10003 0x0 0x28 0xbb60002 0x80 0xbbd0005 0x80 0x0 0x0 0x0 0x0 0x0 0xbc00005 0x0 0x0 0x27ded1b2ae0 0x80 0x0 0x0 0xbc70005 0x0 0x0 0x27ded1b2b90 0x11d 0x0 0x0 0xbcc0007 0x6a 0x1a8 0xb3 0xbd10005 0x0 0x0 0x27ded1b2b90 0xb2 0x0 0x0 0xbd60004 0x0 0x0 0x27ded1b2c40 0x9c 0x27ded1b2cf0 0x17 0xbd90005 0x0 0x0 0x27ded1b2c40 0x9c 0x27ded1b2cf0 0x17 0xbdc0004 0x0 0x0 0x27de879f800 0xb2 0x0 0x0 0xbdf0005 0xb2 0x0 0x0 0x0 0x0 0x0 0xbed0005 0xb2 0x0 0x0 0x0 0x0 0x0 0xbf00007 0x9d 0xfffffffffffffe58 0x16 0xbf30003 0x16 0xffffffffffffcac8 0xc040005 0x3c7e 0x0 0x0 0x0 0x0 0x0 0xc0d0007 0x154 0xc0 0x3b2b 0xc150005 0x3b2c 0x0 0x0 0x0 0x0 0x0 0xc1a0007 0x3515 0x68 0x618 0xc240005 0x618 0x0 0x0 0x0 0x0 0x0 0xc270002 0x618 0xc2e0007 0x3b2c 0x1598 0x154 0xc330007 0x11d 0x38 0x37 0xc360003 0x37 0x1720 0xc3d0005 0x0 0x0 0x27de8949c20 0x11d 0x0 0x0 0xc400007 0x0 0x1268 0x11d 0xc470005 0x0 0x0 0x27de8949c20 0x11d 0x0 0x0 0xc4a0004 0x0 0x0 0x27de894a1a0 0x11d 0x0 0x0 0xc520007 0x28 0x11d8 0xf5 0xc5d0007 0x0 0x20 0xf5 0xc730002 0xf5 0xc7e0002 0xf5 0xc850005 0x0 0x0 0x27de8949cd0 0xf5 0x0 0x0 0xc8e0005 0x0 0x0 0x27de894a250 0x157b 0x0 0x0 0xc930007 0xf5 0x1e8 0x1486 0xc980005 0x0 0x0 0x27de894a250 0x1486 0x0 0x0 0xc9d0004 0x0 0x0 0x27de8949ee0 0x1486 0x0 0x0 0xcaa0007 0x486 0xffffffffffffff38 0x1000 0xcb40005 0x20d2 0x0 0x0 0x0 0x0 0x0 0xcb70007 0x1000 0xfffffffffffffee0 0x10d2 0xcc30007 0x4 0xc8 0x10ce 0xccd0005 0x0 0x0 0x27de8949ee0 0x10ce 0x0 0x0 0xcd00005 0x10ce 0x0 0x0 0x0 0x0 0x0 0xcd50005 0x10ce 0x0 0x0 0x0 0x0 0x0 0xcdb0003 0x10d2 0xfffffffffffffee0 0xce20005 0x0 0x0 0x27de8949cd0 0xf5 0x0 0x0 0xceb0005 0x0 0x0 0x27de894a250 0x3dd 0x0 0x0 0xcf00007 0xf5 0x298 0x2e8 0xcf50005 0x0 0x0 0x27de894a250 0x2e8 0x0 0x0 0xcfa0004 0x0 0x0 0x27de8949ee0 0x2e8 0x0 0x0 0xd070007 0x125 0xffffffffffffff38 0x1c3 0xd0d0005 0x1c3 0x0 0x0 0x0 0x0 0x0 0xd110007 0x15b 0xfffffffffffffee0 0x68 0xd1b0005 0xd4 0x0 0x0 0x0 0x0 0x0 0xd1e0007 0x68 0xfffffffffffffe88 0x6c 0xd2a0007 0x0 0x120 0x6c 0xd300005 0x0 0x0 0x27de8949ee0 0x6c 0x0 0x0 0xd330005 0x6c 0x0 0x0 0x0 0x0 0x0 0xd3d0005 0x6c 0x0 0x0 0x0 0x0 0x0 0xd400007 0x62 0x58 0xa 0xd4b0005 0xa 0x0 0x0 0x0 0x0 0x0 0xd510003 0x6c 0xfffffffffffffe88 0xd5d0007 0xf5 0x70 0x39b 0xd670005 0x0 0x0 0x27ded1b2700 0x39b 0x0 0x0 0xd6d0003 0x39b 0xffffffffffffffa8 0xd720005 0xf5 0x0 0x0 0x0 0x0 0x0 0xd750007 0xf5 0x90 0x0 0xd7b0005 0x0 0x0 0x0 0x0 0x0 0x0 0xd850005 0x0 0x0 0x0 0x0 0x0 0x0 0xd920002 0xf5 0xd9f0002 0xf5 0xda60005 0x0 0x0 0x27de894a720 0xf3 0x27de894a7d0 0x2 0xda90005 0xf5 0x0 0x0 0x0 0x0 0x0 0xdbc0005 0xf5 0x0 0x0 0x0 0x0 0x0 0xdcf0005 0xf5 0x0 0x0 0x0 0x0 0x0 0xdd60007 0x0 0x150 0xf5 0xddc0007 0x3e 0x38 0xb7 0xddf0003 0xb7 0x110 0xde80005 0x3e 0x0 0x0 0x0 0x0 0x0 0xded0007 0x2d 0x68 0x11 0xdf80005 0x11 0x0 0x0 0x0 0x0 0x0 0xdfb0002 0x11 0xe050005 0x0 0x0 0x27de8949ee0 0x3e 0x0 0x0 0xe080007 0x3e 0x20 0x0 0xe120007 0xf5 0x58 0x0 0xe230005 0x0 0x0 0x0 0x0 0x0 0x0 0xe2e0005 0xf5 0x0 0x0 0x0 0x0 0x0 0xe320007 0xa1 0x68 0x54 0xe3c0005 0x54 0x0 0x0 0x0 0x0 0x0 0xe3f0002 0x54 0xe490005 0xf5 0x0 0x0 0x0 0x0 0x0 0xe4e0007 0xa1 0x68 0x54 0xe590005 0x54 0x0 0x0 0x0 0x0 0x0 0xe5c0002 0x54 0xe630005 0xf5 0x0 0x0 0x0 0x0 0x0 0xe660007 0xf3 0x308 0x2 0xe6a0005 0x2 0x0 0x0 0x0 0x0 0x0 0xe6f0005 0x2 0x0 0x0 0x0 0x0 0x0 0xe760007 0x2 0x68 0x0 0xe7b0007 0x0 0x38 0x0 0xe7e0003 0x0 0x28 0xe850002 0x0 0xe8a0005 0x2 0x0 0x0 0x0 0x0 0x0 0xe8d0007 0x2 0x38 0x0 0xe990003 0x0 0x88 0xea80005 0x2 0x0 0x0 0x0 0x0 0x0 0xeb00005 0x2 0x0 0x0 0x0 0x0 0x0 0xebb0005 0x2 0x0 0x0 0x0 0x0 0x0 0xec00005 0x2 0x0 0x0 0x0 0x0 0x0 0xec80005 0x0 0x0 0x27de8949cd0 0x2 0x0 0x0 0xece0005 0x2 0x0 0x0 0x0 0x0 0x0 0xed60005 0x0 0x0 0x27de8949d80 0x2 0x0 0x0 0xeda0003 0x2 0xffffffffffffba90 0xede0005 0xf3 0x0 0x0 0x0 0x0 0x0 0xeec0007 0xf3 0x58 0x0 0xef10005 0x0 0x0 0x0 0x0 0x0 0x0 0xef70005 0x0 0x0 0x27de8949ee0 0xf3 0x0 0x0 0xefa0007 0x0 0x150 0xf3 0xf030005 0xf3 0x0 0x0 0x0 0x0 0x0 0xf0a0005 0xf3 0x0 0x0 0x0 0x0 0x0 0xf0f0005 0xf3 0x0 0x0 0x0 0x0 0x0 0xf170005 0x0 0x0 0x27de8949cd0 0xf3 0x0 0x0 0xf210005 0x0 0x0 0x27de8818460 0xf3 0x0 0x0 0xf240003 0xf3 0xffffffffffffb878 0xf2a0005 0x0 0x0 0x0 0x0 0x0 0x0 0xf320005 0x0 0x0 0x0 0x0 0x0 0x0 0xf3c0005 0x0 0x0 0x0 0x0 0x0 0x0 0xf430005 0x0 0x0 0x0 0x0 0x0 0x0 0xf480005 0x0 0x0 0x0 0x0 0x0 0x0 0xf500005 0x0 0x0 0x0 0x0 0x0 0x0 0xf5a0005 0x0 0x0 0x0 0x0 0x0 0x0 0xf5d0003 0x0 0xffffffffffffb6d8 0xf640005 0x0 0x0 0x27de8949c20 0x28 0x0 0x0 0xf690005 0x0 0x0 0x27de894a0f0 0x52 0x0 0x0 0xf6e0007 0x0 0xc8 0x52 0xf720005 0x0 0x0 0x27de894a0f0 0x52 0x0 0x0 0xf770004 0x0 0x0 0x27de894a1a0 0x52 0x0 0x0 0xf820007 0x2a 0xffffffffffffff38 0x28 0xf850003 0x28 0x18 0xf930005 0x28 0x0 0x0 0x0 0x0 0x0 0xf990005 0x28 0x0 0x0 0x0 0x0 0x0 0xf9f0005 0x28 0x0 0x0 0x0 0x0 0x0 0xfa40005 0x28 0x0 0x0 0x0 0x0 0x0 0xfac0005 0x0 0x0 0x27de8949cd0 0x28 0x0 0x0 0xfb50005 0x0 0x0 0x27de8949d80 0x28 0x0 0x0 0xfb90003 0x28 0xffffffffffffb438 0xfbd0005 0x3b2d 0x0 0x0 0x0 0x0 0x0 0xfcb0007 0x2722 0x58 0x1407 0xfd10005 0x140c 0x0 0x0 0x0 0x0 0x0 0xfd70005 0x0 0x0 0x27de8949ee0 0x3b2e 0x0 0x0 0xfda0007 0x1b 0xe0 0x3b11 0xfe00005 0x3b12 0x0 0x0 0x0 0x0 0x0 0xfe50005 0x3b13 0x0 0x0 0x0 0x0 0x0 0xfed0005 0x0 0x0 0x27de8949cd0 0x3b12 0x0 0x0 0xff10003 0x3b11 0xffffffffffffb290 0xff60007 0x18 0x38 0x3 0xffb0003 0x3a 0x1b0 0x10010005 0x18 0x0 0x0 0x0 0x0 0x0 0x10090007 0x18 0x68 0x0 0x100f0007 0x0 0x38 0x0 0x10120003 0x0 0x28 0x10190002 0x0 0x10200005 0x18 0x0 0x0 0x0 0x0 0x0 0x10250005 0x18 0x0 0x0 0x0 0x0 0x0 0x102d0005 0x0 0x0 0x27de8949cd0 0x18 0x0 0x0 0x10370005 0x0 0x0 0x27de8949d80 0x18 0x0 0x0 0x103b0003 0x18 0xffffffffffffb0c0 0x10410007 0x3a 0x58 0x77b 0x10450005 0x77c 0x0 0x0 0x0 0x0 0x0 0x10490002 0x7b7 0x104e0007 0x774 0x490 0x43 0x10530007 0x43 0x1d8 0x0 0x10580007 0x0 0x38 0x0 0x105b0003 0x0 0x5f0 0x10610007 0x0 0x68 0x0 0x10650007 0x0 0x38 0x0 0x10680003 0x0 0x28 0x106f0002 0x0 0x10740005 0x0 0x0 0x0 0x0 0x0 0x0 0x10770007 0x0 0x90 0x0 0x107b0005 0x0 0x0 0x0 0x0 0x0 0x0 0x107f0005 0x0 0x0 0x0 0x0 0x0 0x0 0x10830005 0x0 0x0 0x0 0x0 0x0 0x0 0x10870003 0x0 0x470 0x108d0007 0x43 0x68 0x0 0x10910007 0x0 0x38 0x0 0x10940003 0x0 0x28 0x109b0002 0x0 0x10a00005 0x43 0x0 0x0 0x0 0x0 0x0 0x10a30007 0x37 0x90 0xc 0x10a70005 0xc 0x0 0x0 0x0 0x0 0x0 0x10ab0005 0xc 0x0 0x0 0x0 0x0 0x0 0x10af0005 0x43 0x0 0x0 0x0 0x0 0x0 0x10b40005 0x43 0x0 0x0 0x0 0x0 0x0 0x10bc0007 0x0 0xa8 0x43 0x10c30005 0x0 0x0 0x27ded1b24f0 0x43 0x0 0x0 0x10c90005 0x43 0x0 0x0 0x0 0x0 0x0 0x10cd0003 0x43 0x228 0x10d80005 0x0 0x0 0x0 0x0 0x0 0x0 0x10dc0003 0x0 0x1d8 0x10e00007 0x3a 0x188 0x73a 0x10e40005 0x73a 0x0 0x0 0x0 0x0 0x0 0x10eb0007 0x8 0x130 0x732 0x10f20005 0x0 0x0 0x27ded1b24f0 0x732 0x0 0x0 0x10f80005 0x732 0x0 0x0 0x0 0x0 0x0 0x10ff0007 0x732 0xd8 0x0 0x11030005 0x0 0x0 0x0 0x0 0x0 0x0 0x11060007 0x0 0x38 0x0 0x11090003 0x0 0x60 0x11100002 0x0 0x11170005 0x42 0x0 0x0 0x0 0x0 0x0 0x11200007 0x7b7 0xc0 0x0 0x11250007 0x0 0xa0 0x0 0x11290005 0x0 0x0 0x0 0x0 0x0 0x0 0x11300007 0x0 0x38 0x0 0x11330003 0x0 0x28 0x113a0002 0x0 0x113f0007 0x7b7 0xc0 0x0 0x11440007 0x0 0xa0 0x0 0x11480005 0x0 0x0 0x0 0x0 0x0 0x0 0x11500007 0x0 0x38 0x0 0x11530003 0x0 0x28 0x115a0002 0x0 0x0 0x0 0x0 0x0 0x0 0x0 0x0 0x0 0x0 0x0 0x0 0x0 0x0 0x0 0x0 0x0 0x0 0x0 0x0 0x0 0x0 0x0 0x0 0x0 0x0 0x0 0x0 0x0 0x0 0x0 0x0 0x0 0x0 0x0 0x0 0x0 0x0 0x0 0x0 0x0 0x0 0x0 0x0 0x0 0x0 0x0 0x0 0x0 0x0 0x0 0x0 0x0 0x0 0x0 0x0 0x0 0x0 0x0 0x0 0x0 0x0 0x0 0x0 0x0 0x0 0x0 0x0 0x0 0x0 0x0 0x0 0x0 0x0 0x0 0x0 0x0 0x0 0x0 0x0 0x0 0x0 0x0 0x0 0x0 0x0 0x0 0x0 0x0 0x0 0x0 0x0 0x0 0x0 0x0 0x0 0x0 0x0 0x0 0x0 0x0 0x0 0x0 0x0 0x0 0x0 0x0 0x0 0x0 0x0 0x0 0x0 0x0 0x0 0x0 0x0 0x0 0x0 0x0 0x0 0x0 0x0 0x0 0x0 0x0 0x0 0x0 0x0 0x0 0x0 0x0 0x0 0x0 0x9 0x3 0x0 0x0 0x0 oops 186 7 java/util/TreeSet 14 java/util/LinkedList 21 java/util/LinkedList 28 java/util/PriorityQueue 35 java/util/ArrayList 42 java/util/ArrayList 49 java/util/ArrayList$Itr 60 java/util/ArrayList$Itr 67 com/android/tools/r8/internal/YR 295 com/android/tools/r8/internal/Dd 297 com/android/tools/r8/internal/Hw 305 java/util/PriorityQueue 329 java/util/PriorityQueue 340 java/util/LinkedList 350 java/util/LinkedList 357 java/util/TreeSet 368 java/util/TreeSet 375 java/util/TreeMap$KeyIterator 386 java/util/TreeMap$KeyIterator 393 com/android/tools/r8/internal/ZR 411 java/util/TreeSet 418 java/util/TreeMap$KeyIterator 429 java/util/TreeMap$KeyIterator 436 com/android/tools/r8/internal/ZR 471 java/util/PriorityQueue 496 java/util/LinkedList 503 java/util/LinkedList$ListItr 514 java/util/LinkedList$ListItr 521 com/android/tools/r8/internal/K5 528 java/util/LinkedList 535 com/android/tools/r8/internal/d3 537 com/android/tools/r8/internal/wi 549 com/android/tools/r8/internal/d3 551 com/android/tools/r8/internal/wi 750 java/util/PriorityQueue 772 java/util/PriorityQueue 779 com/android/tools/r8/internal/YR 790 com/android/tools/r8/internal/Xg 792 com/android/tools/r8/internal/sI 801 com/android/tools/r8/internal/Qb 815 java/util/ArrayList 822 com/android/tools/r8/internal/vt0 824 com/android/tools/r8/internal/g40 867 com/android/tools/r8/internal/Qb 889 com/android/tools/r8/internal/Xg 891 com/android/tools/r8/internal/sI 900 com/android/tools/r8/internal/tW 902 com/android/tools/r8/internal/c2 914 java/util/ArrayList 921 com/android/tools/r8/internal/vt0 923 com/android/tools/r8/internal/g40 969 com/android/tools/r8/internal/c2 971 com/android/tools/r8/internal/lo0 989 com/android/tools/r8/internal/c2 991 com/android/tools/r8/internal/lo0 1025 com/android/tools/r8/internal/vt0 1027 com/android/tools/r8/internal/g40 1032 com/android/tools/r8/internal/sk0 1034 com/android/tools/r8/internal/Bc0 1039 com/android/tools/r8/internal/cJ 1041 com/android/tools/r8/internal/dJ 1050 com/android/tools/r8/internal/cJ 1052 com/android/tools/r8/internal/dJ 1057 com/android/tools/r8/internal/sI 1059 com/android/tools/r8/internal/pI 1064 com/android/tools/r8/internal/sI 1066 com/android/tools/r8/internal/pI 1075 com/android/tools/r8/internal/ti 1077 com/android/tools/r8/internal/pW 1082 com/android/tools/r8/internal/ti 1084 com/android/tools/r8/internal/pW 1097 com/android/tools/r8/internal/pW 1099 com/android/tools/r8/internal/ti 1104 com/android/tools/r8/internal/pW 1106 com/android/tools/r8/internal/ti 1119 java/util/LinkedList 1126 java/util/LinkedList$ListItr 1137 java/util/LinkedList$ListItr 1144 com/android/tools/r8/internal/YR 1169 java/util/LinkedList 1179 java/util/PriorityQueue 1194 java/util/PriorityQueue 1208 java/util/LinkedList 1215 java/util/PriorityQueue 1228 java/util/TreeSet 1309 java/util/LinkedList 1326 com/android/tools/r8/internal/YR 1333 java/util/LinkedList 1340 java/util/LinkedList$ListItr 1351 java/util/LinkedList$ListItr 1358 com/android/tools/r8/internal/YR 1365 com/android/tools/r8/internal/YR 1376 java/util/LinkedList$ListItr 1390 com/android/tools/r8/internal/YR 1408 com/android/tools/r8/internal/vt0 1410 com/android/tools/r8/internal/g40 1447 java/util/LinkedList$ListItr 1467 java/util/LinkedList 1484 java/util/LinkedList 1491 java/util/LinkedList$ListItr 1502 java/util/LinkedList$ListItr 1509 com/android/tools/r8/internal/YR 1516 com/android/tools/r8/internal/YR 1527 java/util/LinkedList$ListItr 1534 com/android/tools/r8/internal/YR 1552 com/android/tools/r8/internal/g40 1554 com/android/tools/r8/internal/vt0 1591 java/util/LinkedList$ListItr 1611 java/util/LinkedList 1744 java/util/LinkedList 1768 com/android/tools/r8/graph/y 1804 com/android/tools/r8/internal/aA 1811 com/android/tools/r8/graph/H4 1859 java/util/BitSet 1882 java/util/BitSet 1921 java/util/LinkedList 1928 java/util/LinkedList$ListItr 1939 java/util/LinkedList$ListItr 1946 com/android/tools/r8/internal/YR 1972 java/util/BitSet 1982 java/util/LinkedList 1989 java/util/LinkedList$ListItr 2000 java/util/LinkedList$ListItr 2007 com/android/tools/r8/internal/YR 2051 java/util/BitSet 2062 com/android/tools/r8/internal/YR 2080 java/util/BitSet 2227 com/android/tools/r8/internal/vt0 2229 com/android/tools/r8/internal/g40 2238 com/android/tools/r8/internal/g40 2247 com/android/tools/r8/internal/g40 2254 java/util/ArrayList 2265 java/util/ArrayList 2272 com/android/tools/r8/internal/vt0 2274 com/android/tools/r8/internal/g40 2290 com/android/tools/r8/internal/K5 2297 java/util/ArrayList 2304 com/android/tools/r8/internal/K5 2311 com/android/tools/r8/internal/K5 2318 com/android/tools/r8/internal/YR 2341 com/android/tools/r8/internal/fz 2348 com/android/tools/r8/internal/T0 2355 [Lcom/android/tools/r8/internal/ZW; 2366 java/util/Arrays$ArrayList 2389 com/android/tools/r8/internal/yB 2396 com/android/tools/r8/internal/YA 2407 com/android/tools/r8/internal/YA 2414 com/android/tools/r8/internal/bX 2416 com/android/tools/r8/internal/zc0 2421 com/android/tools/r8/internal/bX 2423 com/android/tools/r8/internal/zc0 2428 java/lang/Integer 2498 java/util/TreeSet 2509 java/util/TreeSet 2516 com/android/tools/r8/internal/ZR 2535 java/util/LinkedList 2542 java/util/LinkedList$ListItr 2553 java/util/LinkedList$ListItr 2560 com/android/tools/r8/internal/YR 2586 com/android/tools/r8/internal/YR 2610 java/util/LinkedList 2617 java/util/LinkedList$ListItr 2628 java/util/LinkedList$ListItr 2635 com/android/tools/r8/internal/YR 2672 com/android/tools/r8/internal/YR 2711 java/util/BitSet 2750 com/android/tools/r8/internal/vt0 2752 com/android/tools/r8/internal/g40 2809 com/android/tools/r8/internal/YR 2951 java/util/LinkedList 2965 java/util/PriorityQueue 2993 com/android/tools/r8/internal/YR 3025 java/util/LinkedList 3032 com/android/tools/r8/internal/CQ 3094 java/util/TreeSet 3101 java/util/TreeMap$KeyIterator 3112 java/util/TreeMap$KeyIterator 3119 com/android/tools/r8/internal/ZR 3161 java/util/LinkedList 3168 java/util/PriorityQueue 3196 com/android/tools/r8/internal/YR 3221 java/util/LinkedList 3272 java/util/LinkedList 3279 java/util/PriorityQueue 3421 com/android/tools/r8/graph/y 3463 com/android/tools/r8/graph/y methods 0
ciMethodData com/android/tools/r8/internal/pW n0 ()Lcom/android/tools/r8/internal/pW; 2 2617 orig 80 0 0 0 0 0 0 0 0 0 0 0 0 0 0 0 0 0 0 0 0 0 0 0 0 0 0 0 0 0 0 0 0 0 0 0 0 0 0 0 0 0 0 0 0 0 0 0 0 0 0 0 0 0 0 0 0 0 0 0 0 0 0 0 0 0 0 0 0 0 0 0 0 0 0 0 0 0 0 0 0 data 5 0x0 0x0 0x9 0x1 0x0 oops 0 methods 0
ciMethodData com/android/tools/r8/internal/CQ a (I)V 2 7721 orig 80 0 0 0 0 0 0 0 0 0 0 0 0 0 0 0 0 0 0 0 0 0 0 0 0 0 0 0 0 0 0 0 0 0 0 0 0 0 0 0 0 0 0 0 0 0 0 0 0 0 0 0 0 0 0 0 0 0 0 0 0 0 0 0 0 0 0 0 0 0 0 0 0 0 0 0 0 0 0 0 0 data 26 0x90007 0x13dd 0x80 0x1560 0x110002 0x1560 0x140005 0x0 0x0 0x27de8949c20 0x1561 0x0 0x0 0x1b0003 0x1562 0xffffffffffffff98 0x0 0x0 0x0 0x0 0x0 0x0 0x9 0x2 0xc 0x0 oops 1 9 java/util/TreeSet methods 0
ciMethodData com/android/tools/r8/internal/YR a (Lcom/android/tools/r8/internal/YR;)Z 1 26 orig 80 0 0 0 0 0 0 0 0 0 0 0 0 0 0 0 0 0 0 0 0 0 0 0 0 0 0 0 0 0 0 0 0 0 0 0 0 0 0 0 0 0 0 0 0 0 0 0 0 0 0 0 0 0 0 0 0 0 0 0 0 0 0 0 0 0 0 0 0 0 0 0 0 0 0 0 0 0 0 0 0 data 64 0x70005 0xf 0x0 0x0 0x0 0x0 0x0 0xb0007 0xd 0x20 0x2 0x140005 0x0 0x0 0x27de879ee30 0xd 0x0 0x0 0x190005 0x0 0x0 0x27de8949e30 0x13 0x0 0x0 0x1e0007 0xd 0xe8 0x6 0x220005 0x0 0x0 0x27de8949e30 0x6 0x0 0x0 0x270004 0x0 0x0 0x27de8949ee0 0x6 0x0 0x0 0x2b0005 0x6 0x0 0x0 0x0 0x0 0x0 0x2f0007 0x6 0xffffffffffffff00 0x0 0x0 0x0 0x0 0x0 0x0 0x0 0x9 0x2 0x0 0x0 oops 4 14 java/util/ArrayList 21 java/util/ArrayList$Itr 32 java/util/ArrayList$Itr 39 com/android/tools/r8/internal/YR methods 0
ciMethodData com/android/tools/r8/internal/CQ a (Lcom/android/tools/r8/internal/YR;ILcom/android/tools/r8/internal/nc0;ZI)Z 2 4631 orig 80 0 0 0 0 0 0 0 0 0 0 0 0 0 0 0 0 0 0 0 0 0 0 0 0 0 0 0 0 0 0 0 0 0 0 0 0 0 0 0 0 0 0 0 0 0 0 0 0 0 0 0 0 0 0 0 0 0 0 0 0 0 0 0 0 0 0 0 0 0 0 0 0 0 0 0 0 0 0 0 0 data 147 0x40007 0xa0a 0x20 0x0 0xf0007 0x1d 0x408 0x9ed 0x150005 0x9ed 0x0 0x0 0x0 0x0 0x0 0x180007 0x934 0x38 0xba 0x1b0003 0xba 0x90 0x200007 0x89f 0x78 0x95 0x280005 0x95 0x0 0x0 0x0 0x0 0x0 0x2b0007 0x95 0x20 0x0 0x350005 0x934 0x0 0x0 0x0 0x0 0x0 0x390007 0x89f 0x68 0x95 0x420005 0x95 0x0 0x0 0x0 0x0 0x0 0x450002 0x95 0x4b0005 0x0 0x0 0x27de8949ee0 0x934 0x0 0x0 0x4e0007 0x32 0x228 0x902 0x530005 0x902 0x0 0x0 0x0 0x0 0x0 0x560007 0x902 0x78 0x0 0x5d0005 0x0 0x0 0x0 0x0 0x0 0x0 0x600007 0x0 0x20 0x0 0x670005 0x902 0x0 0x0 0x0 0x0 0x0 0x6a0007 0x8ff 0x78 0x3 0x710005 0x3 0x0 0x0 0x0 0x0 0x0 0x740007 0x3 0x20 0x0 0x800005 0x902 0x0 0x0 0x0 0x0 0x0 0x830005 0x902 0x0 0x0 0x0 0x0 0x0 0x8a0005 0x0 0x0 0x27de8949cd0 0x902 0x0 0x0 0x0 0x0 0x0 0x0 0x0 0x0 0x9 0x6 0x0 0x0 0x0 0x0 0x0 0x0 oops 2 60 com/android/tools/r8/internal/YR 129 java/util/LinkedList methods 0
ciMethodData com/android/tools/r8/internal/nc0 a (IILcom/android/tools/r8/internal/YR;)V 2 7084 orig 80 0 0 0 0 0 0 0 0 0 0 0 0 0 0 0 0 0 0 0 0 0 0 0 0 0 0 0 0 0 0 0 0 0 0 0 0 0 0 0 0 0 0 0 0 0 0 0 0 0 0 0 0 0 0 0 0 0 0 0 0 0 0 0 0 0 0 0 0 0 0 0 0 0 0 0 0 0 0 0 0 data 105 0x90007 0x12b9 0xb0 0xd3 0x1a0007 0xd3 0x38 0xd3 0x230003 0xd3 0xffffffffffffffe0 0x2e0002 0xd3 0x3d0002 0xd3 0x470007 0xd3 0x38 0x423 0x560003 0x423 0xffffffffffffffe0 0x6f0007 0x184 0x90 0x1208 0x740005 0x0 0x0 0x27de894a720 0x1208 0x0 0x0 0x770007 0x10bd 0x38 0x14b 0x7d0003 0x14b 0x18 0x8a0005 0x0 0x0 0x27ded1b2700 0x138c 0x0 0x0 0x950005 0x0 0x0 0x27ded1b2700 0x138c 0x0 0x0 0xa40007 0x184 0xe8 0x1208 0xa80005 0xfc6 0x0 0x27ded1b1ec0 0x14 0x27ded1b2390 0x22e 0xab0007 0x11a1 0x90 0x67 0xb50005 0x0 0x0 0x27dee658700 0x67 0x0 0x0 0xbb0007 0x67 0x38 0x0 0xc00003 0x0 0x18 0xc80005 0x0 0x0 0x27ded1b2700 0x138c 0x0 0x0 0x0 0x0 0x0 0x0 0x0 0x0 0x0 0x0 0x0 0x9 0x4 0x0 0x0 0x0 0x0 oops 7 29 com/android/tools/r8/internal/vt0 43 java/util/BitSet 50 java/util/BitSet 61 com/android/tools/r8/internal/c2 63 com/android/tools/r8/internal/ti 72 com/android/tools/r8/internal/HX 86 java/util/BitSet methods 0
ciMethodData com/android/tools/r8/internal/YR a (I)I 2 11309 orig 80 0 0 0 0 0 0 0 0 0 0 0 0 0 0 0 0 0 0 0 0 0 0 0 0 0 0 0 0 0 0 0 0 0 0 0 0 0 0 0 0 0 0 0 0 0 0 0 0 0 0 0 0 0 0 0 0 0 0 0 0 0 0 0 0 0 0 0 0 0 0 0 0 0 0 0 0 0 0 0 0 data 46 0x40005 0x0 0x0 0x27de8949c20 0xf55 0x0 0x0 0x90005 0x0 0x0 0x27de894a0f0 0x2e0a 0x0 0x0 0xe0007 0x679 0xb0 0x2791 0x120005 0x0 0x0 0x27de894a0f0 0x2791 0x0 0x0 0x170004 0x0 0x0 0x27de894a1a0 0x2791 0x0 0x0 0x200007 0x1eb5 0xffffffffffffff38 0x8dc 0x0 0x0 0x0 0x0 0x0 0x0 0x9 0x2 0x0 0x0 oops 4 3 java/util/TreeSet 10 java/util/TreeMap$KeyIterator 21 java/util/TreeMap$KeyIterator 28 com/android/tools/r8/internal/ZR methods 0
ciMethodData com/android/tools/r8/internal/YR a (Z)V 1 430 orig 80 0 0 0 0 0 0 0 0 0 0 0 0 0 0 0 0 0 0 0 0 0 0 0 0 0 0 0 0 0 0 0 0 0 0 0 0 0 0 0 0 0 0 0 0 0 0 0 0 0 0 0 0 0 0 0 0 0 0 0 0 0 0 0 0 0 0 0 0 0 0 0 0 0 0 0 0 0 0 0 0 data 51 0x50007 0x101 0x68 0x0 0xe0007 0x0 0x38 0x0 0x110003 0x0 0x28 0x180002 0x0 0x1d0007 0x101 0xe0 0x0 0x210007 0x0 0xc0 0x0 0x250005 0x0 0x0 0x0 0x0 0x0 0x0 0x280007 0x0 0x68 0x0 0x360007 0x0 0x38 0x0 0x390003 0x0 0x28 0x400002 0x0 0x0 0x0 0x0 0x0 0x0 0x0 0x9 0x2 0x18 0x0 oops 0 methods 0
ciMethodData com/android/tools/r8/internal/CQ k ()V 2 18712 orig 80 0 0 0 0 0 0 0 0 0 0 0 0 0 0 0 0 0 0 0 0 0 0 0 0 0 0 0 0 0 0 0 0 0 0 0 0 0 0 0 0 0 0 0 0 0 0 0 0 0 0 0 0 0 0 0 0 0 0 0 0 0 0 0 0 0 0 0 0 0 0 0 0 0 0 0 0 0 0 0 0 data 89 0x70005 0x0 0x0 0x27de8949cd0 0x4c 0x0 0x0 0xc0005 0x0 0x0 0x27de894a250 0x862 0x0 0x0 0x110007 0x4c 0x210 0x816 0x150005 0x0 0x0 0x27de894a250 0x816 0x0 0x0 0x1a0004 0x0 0x0 0x27de894a300 0x816 0x0 0x0 0x210005 0x0 0x0 0x27de894a300 0x816 0x0 0x0 0x260005 0x0 0x0 0x27dedf89960 0x3e8a 0x0 0x0 0x2b0007 0x816 0xfffffffffffffec8 0x3674 0x2f0005 0x0 0x0 0x27dedf89960 0x3674 0x0 0x0 0x340004 0x0 0x0 0x27de894a3b0 0x108 0x27de894a460 0x1056 0x370002 0x3674 0x3a0007 0x35da 0xffffffffffffff28 0x9a 0x3e0005 0x0 0x0 0x27dedf89960 0x9a 0x0 0x0 0x430003 0x9a 0xfffffffffffffed0 0x0 0x0 0x0 0x0 0x0 0x0 0x9 0x1 0x0 oops 10 3 java/util/LinkedList 10 java/util/LinkedList$ListItr 21 java/util/LinkedList$ListItr 28 com/android/tools/r8/internal/K5 35 com/android/tools/r8/internal/K5 42 com/android/tools/r8/internal/N5 53 com/android/tools/r8/internal/N5 60 com/android/tools/r8/internal/d3 62 com/android/tools/r8/internal/wi 73 com/android/tools/r8/internal/N5 methods 0
ciMethodData com/android/tools/r8/internal/YR h (I)Lcom/android/tools/r8/internal/YR; 1 2524 orig 80 0 0 0 0 0 0 0 0 0 0 0 0 0 0 0 0 0 0 0 0 0 0 0 0 0 0 0 0 0 0 0 0 0 0 0 0 0 0 0 0 0 0 0 0 0 0 0 0 0 0 0 0 0 0 0 0 0 0 0 0 0 0 0 0 0 0 0 0 0 0 0 0 0 0 0 0 0 0 0 0 data 408 0x50007 0x6e 0x38 0x100 0xa0003 0x100 0x18 0x120005 0x0 0x0 0x27de8949ee0 0x16e 0x0 0x0 0x1a0007 0x6a 0x38 0x104 0x1d0003 0x104 0x18 0x260007 0x16e 0x118 0x0 0x2c0007 0x0 0xf8 0x0 0x330005 0x0 0x0 0x0 0x0 0x0 0x0 0x360007 0x0 0xa0 0x0 0x3a0005 0x0 0x0 0x0 0x0 0x0 0x0 0x3e0007 0x0 0x38 0x0 0x410003 0x0 0x28 0x480002 0x0 0x570007 0x16e 0xc0 0x0 0x5e000a 0x0 0x1 0x0 0x630005 0x0 0x0 0x0 0x0 0x0 0x0 0x660007 0x0 0x38 0x0 0x690003 0x0 0x28 0x700002 0x0 0x760007 0x100 0x38 0x6e 0x790003 0x6e 0x18 0x8a0002 0x16e 0x950005 0x0 0x0 0x27de879ee30 0x16e 0x0 0x0 0xa60002 0x16e 0xaf0002 0x16e 0xb30005 0x0 0x0 0x27de8949ee0 0x16e 0x0 0x0 0xb60007 0x16e 0x80 0x0 0xc80002 0x0 0xcd0005 0x0 0x0 0x0 0x0 0x0 0x0 0xd10003 0x0 0x410 0xdd0005 0x0 0x0 0x27de879ee30 0x1b4 0x0 0x0 0xe20007 0x0 0x138 0x1b4 0xeb0005 0x0 0x0 0x27de879ee30 0x1b4 0x0 0x0 0xf00004 0x0 0x0 0x27def4aae60 0x1b4 0x0 0x0 0xfd0007 0x2 0x58 0x1b2 0x1060007 0x46 0x38 0x16c 0x1090003 0x16c 0x68 0x10f0007 0x46 0x38 0x2 0x1120003 0x2 0x30 0x1180003 0x46 0xfffffffffffffea8 0x1220005 0x0 0x0 0x27de879ee30 0x16e 0x0 0x0 0x1270004 0x0 0x0 0x27def4aae60 0x16e 0x0 0x0 0x1330005 0x0 0x0 0x27de879ee30 0x16e 0x0 0x0 0x1380005 0x0 0x0 0x27de879ee30 0x16e 0x0 0x0 0x1420007 0x5 0xc8 0x169 0x1520002 0x169 0x1550005 0x0 0x0 0x27de879ee30 0x169 0x0 0x0 0x1630002 0x169 0x1660005 0x0 0x0 0x27de879ee30 0x169 0x0 0x0 0x16a0003 0x169 0x50 0x1710005 0x0 0x0 0x27de879ee30 0x5 0x0 0x0 0x17f0005 0x0 0x0 0x27de879ee30 0x16e 0x0 0x0 0x1870005 0x0 0x0 0x27de879ee30 0x16e 0x0 0x0 0x18c0005 0x0 0x0 0x27de879ee30 0x16e 0x0 0x0 0x19f0005 0x0 0x0 0x27de8949c20 0x368 0x0 0x0 0x1a20007 0x3d 0x170 0x32b 0x1a90005 0x0 0x0 0x27de8949c20 0x32b 0x0 0x0 0x1ac0004 0x0 0x0 0x27de894a1a0 0x32b 0x0 0x0 0x1b30007 0x131 0xe0 0x1fa 0x1bb0005 0x0 0x0 0x27de8949c20 0x1fa 0x0 0x0 0x1be0004 0x0 0x0 0x27de894a1a0 0x1fa 0x0 0x0 0x1c10005 0x0 0x0 0x27de8949ee0 0x1fa 0x0 0x0 0x1c40003 0x1fa 0xfffffffffffffe70 0x1d20005 0x0 0x0 0x27de8949c20 0x16e 0x0 0x0 0x1d70005 0x0 0x0 0x27de894a0f0 0x35c 0x0 0x0 0x1dc0007 0x16e 0xb8 0x1ee 0x1e00005 0x0 0x0 0x27de894a0f0 0x1ee 0x0 0x0 0x1e50004 0x0 0x0 0x27de894a1a0 0x1ee 0x0 0x0 0x1f00002 0x1ee 0x1f80003 0x1ee 0xffffffffffffff28 0x2000007 0x16e 0xa0 0x0 0x2070005 0x0 0x0 0x0 0x0 0x0 0x0 0x20c0007 0x0 0x38 0x0 0x20f0003 0x0 0x28 0x2160002 0x0 0x21b0007 0x16e 0xa0 0x0 0x2220005 0x0 0x0 0x0 0x0 0x0 0x0 0x2270007 0x0 0x38 0x0 0x22a0003 0x0 0x28 0x2310002 0x0 0x0 0x0 0x0 0x0 0x0 0x0 0x0 0x0 0x0 0x0 0x0 0x0 0x0 0x0 0x0 0x0 0x0 0x0 0x0 0x0 0x0 0x0 0x0 0x0 0x9 0x2 0x0 0x0 oops 26 10 com/android/tools/r8/internal/YR 92 java/util/ArrayList 103 com/android/tools/r8/internal/YR 126 java/util/ArrayList 137 java/util/ArrayList 144 com/android/tools/r8/internal/bS 172 java/util/ArrayList 179 com/android/tools/r8/internal/bS 186 java/util/ArrayList 193 java/util/ArrayList 206 java/util/ArrayList 215 java/util/ArrayList 225 java/util/ArrayList 232 java/util/ArrayList 239 java/util/ArrayList 246 java/util/ArrayList 253 java/util/TreeSet 264 java/util/TreeSet 271 com/android/tools/r8/internal/ZR 282 java/util/TreeSet 289 com/android/tools/r8/internal/ZR 296 com/android/tools/r8/internal/YR 306 java/util/TreeSet 313 java/util/TreeMap$KeyIterator 324 java/util/TreeMap$KeyIterator 331 com/android/tools/r8/internal/ZR methods 0
ciMethodData com/android/tools/r8/internal/CQ h ()I 1 0 orig 80 0 0 0 0 0 0 0 0 0 0 0 0 0 0 0 0 0 0 0 0 0 0 0 0 0 0 0 0 0 0 0 0 0 0 0 0 0 0 0 0 0 0 0 0 0 0 0 0 0 0 0 0 0 0 0 0 0 0 0 0 0 0 0 0 0 0 0 0 0 0 0 0 0 0 0 0 0 0 0 0 data 29 0x30007 0x0 0xa0 0x0 0x70005 0x0 0x0 0x0 0x0 0x0 0x0 0xa0007 0x0 0x38 0x0 0xd0003 0x0 0x28 0x140002 0x0 0x0 0x0 0x0 0x0 0x0 0x0 0x9 0x1 0x0 oops 0 methods 0
ciMethodData com/android/tools/r8/internal/CQ a (Lcom/android/tools/r8/internal/YR;Z)V 2 14488 orig 80 0 0 0 0 0 0 0 0 0 0 0 0 0 0 0 0 0 0 0 0 0 0 0 0 0 0 0 0 0 0 0 0 0 0 0 0 0 0 0 0 0 0 0 0 0 0 0 0 0 0 0 0 0 0 0 0 0 0 0 0 0 0 0 0 0 0 0 0 0 0 0 0 0 0 0 0 0 0 0 0 data 528 0x10005 0x59 0x0 0x0 0x0 0x0 0x0 0xe0007 0x59 0x38 0x9d 0x140003 0x9d 0xffffffffffffffe0 0x1d0002 0x59 0x250007 0x59 0x1e0 0x265 0x2c0005 0x0 0x0 0x27de8949cd0 0x265 0x0 0x0 0x350005 0x0 0x0 0x27de894a250 0x2796 0x0 0x0 0x3a0007 0x265 0x138 0x2531 0x3f0005 0x0 0x0 0x27de894a250 0x2531 0x0 0x0 0x440004 0x0 0x0 0x27de8949ee0 0x2531 0x0 0x0 0x4c0005 0x2531 0x0 0x0 0x0 0x0 0x0 0x500007 0x1c6f 0xffffffffffffff00 0x8c2 0x580005 0x8c2 0x0 0x0 0x0 0x0 0x0 0x5b0003 0x8c2 0xfffffffffffffea8 0x650003 0x265 0xfffffffffffffe38 0x690007 0x3f 0x3b8 0x1a 0x720007 0x0 0x398 0x1a 0x7b0007 0x1a 0x378 0x2e 0x840007 0x2e 0x68 0x0 0x8c0007 0x0 0x38 0x0 0x8f0003 0x0 0x28 0x960002 0x0 0x9c0007 0x2e 0xa0 0x0 0xaa0007 0x0 0x38 0x0 0xb10003 0x0 0xffffffffffffffe0 0xb70007 0x0 0x38 0x0 0xba0003 0x0 0x28 0xc10002 0x0 0xc90005 0x0 0x0 0x27de879ee30 0x2e 0x0 0x0 0xd00005 0x0 0x0 0x27de8949e30 0x3b 0x0 0x0 0xd50007 0x16 0x1c8 0x25 0xdb0005 0x0 0x0 0x27de8949e30 0x25 0x0 0x0 0xe00004 0x0 0x0 0x27de8949ee0 0x25 0x0 0x0 0xea0005 0x0 0x0 0x27de8949d80 0x25 0x0 0x0 0xed0007 0xc 0xffffffffffffff00 0x19 0xf50007 0x1 0xfffffffffffffee0 0x20 0xfc0005 0x20 0x0 0x0 0x0 0x0 0x0 0x1000007 0x8 0x70 0x18 0x1070005 0x18 0x0 0x0 0x0 0x0 0x0 0x10a0003 0x18 0x30 0x1140003 0x8 0xffffffffffffff38 0x11c0003 0x2e 0xfffffffffffffca0 0x1210005 0x59 0x0 0x0 0x0 0x0 0x0 0x1240007 0x59 0x130 0x0 0x12c0005 0x0 0x0 0x0 0x0 0x0 0x0 0x12f0002 0x0 0x1320005 0x0 0x0 0x0 0x0 0x0 0x0 0x1350007 0x0 0x90 0x0 0x13b0005 0x0 0x0 0x0 0x0 0x0 0x0 0x13e0005 0x0 0x0 0x0 0x0 0x0 0x0 0x14b0007 0x59 0x38 0x0 0x1510003 0x0 0xffffffffffffffe0 0x15c0007 0x40 0x148 0x19 0x1620007 0x19 0x110 0x0 0x1700007 0x0 0x38 0x0 0x1770003 0x0 0xffffffffffffffe0 0x1830007 0x0 0x70 0x0 0x1890005 0x0 0x0 0x0 0x0 0x0 0x0 0x1960003 0x0 0xffffffffffffffa8 0x1a40007 0x0 0x38 0x0 0x1a70003 0x0 0x28 0x1ae0002 0x0 0x1b70003 0x19 0xc0 0x1c30007 0x40 0x38 0x0 0x1c90003 0x0 0xffffffffffffffe0 0x1d40007 0x40 0x70 0x1b6 0x1da0005 0x1b6 0x0 0x0 0x0 0x0 0x0 0x1e70003 0x1b6 0xffffffffffffffa8 0x1f60005 0x59 0x0 0x0 0x0 0x0 0x0 0x1fb0007 0x59 0x4b8 0x265 0x2000005 0x0 0x0 0x27de8949ee0 0x265 0x0 0x0 0x2090007 0x265 0x228 0x0 0x20e0007 0x0 0x68 0x0 0x2170007 0x0 0x38 0x0 0x21a0003 0x0 0x28 0x2210002 0x0 0x22d0007 0x0 0x1a0 0x0 0x2330007 0x0 0x168 0x0 0x2430005 0x0 0x0 0x0 0x0 0x0 0x0 0x2460005 0x0 0x0 0x0 0x0 0x0 0x0 0x2490005 0x0 0x0 0x0 0x0 0x0 0x0 0x24c0007 0x0 0xa0 0x0 0x2550005 0x0 0x0 0x0 0x0 0x0 0x0 0x2580007 0x0 0x38 0x0 0x25b0003 0x0 0x28 0x2620002 0x0 0x26d0003 0x0 0xfffffffffffffe78 0x2770005 0x0 0x0 0x27de894a720 0x265 0x0 0x0 0x27a0007 0x0 0x120 0x265 0x2820005 0x0 0x0 0x27ded1b2440 0x262 0x27ded1b2390 0x3 0x2850007 0x0 0xc8 0x265 0x28d0005 0x0 0x0 0x27ded1b2440 0x262 0x27ded1b2390 0x3 0x2900005 0x0 0x0 0x27ded1b2440 0x262 0x27ded1b2390 0x3 0x29b0005 0x265 0x0 0x0 0x0 0x0 0x0 0x2a00007 0x59 0x90 0x20c 0x2a90005 0x0 0x0 0x27de8949d80 0x20c 0x0 0x0 0x2b10005 0x0 0x0 0x27de8949cd0 0x20c 0x0 0x0 0x2b90005 0x265 0x0 0x0 0x0 0x0 0x0 0x2c30003 0x265 0xfffffffffffffb60 0x2c90007 0x59 0x68 0x0 0x2d20007 0x0 0x38 0x0 0x2d50003 0x0 0x28 0x2dc0002 0x0 0x2e40005 0x59 0x0 0x0 0x0 0x0 0x0 0x2eb0005 0x0 0x0 0x27de8949cd0 0x59 0x0 0x0 0x2f40005 0x0 0x0 0x27de8949c20 0x59 0x0 0x0 0x0 0x0 0x0 0x0 0x0 0x0 0x0 0x0 0x0 0x0 0x0 0x0 0x0 0x0 0x0 0x0 0x0 0x0 0x0 0x0 0x0 0x0 0x9 0x3 0x0 0x0 0x0 oops 21 23 java/util/LinkedList 30 java/util/LinkedList$ListItr 41 java/util/LinkedList$ListItr 48 com/android/tools/r8/internal/YR 124 java/util/ArrayList 131 java/util/ArrayList$Itr 142 java/util/ArrayList$Itr 149 com/android/tools/r8/internal/YR 156 java/util/PriorityQueue 323 com/android/tools/r8/internal/YR 399 com/android/tools/r8/internal/vt0 410 com/android/tools/r8/internal/pW 412 com/android/tools/r8/internal/ti 421 com/android/tools/r8/internal/pW 423 com/android/tools/r8/internal/ti 428 com/android/tools/r8/internal/pW 430 com/android/tools/r8/internal/ti 446 java/util/PriorityQueue 453 java/util/LinkedList 490 java/util/LinkedList 497 java/util/TreeSet methods 0
ciMethodData com/android/tools/r8/internal/fz <init> ()V 1 143 orig 80 0 0 0 0 0 0 0 0 0 0 0 0 0 0 0 0 0 0 0 0 0 0 0 0 0 0 0 0 0 0 0 0 0 0 0 0 0 0 0 0 0 0 0 0 0 0 0 0 0 0 0 0 0 0 0 0 0 0 0 0 0 0 0 0 0 0 0 0 0 0 0 0 0 0 0 0 0 0 0 0 data 11 0x60002 0x79 0xa0002 0x79 0x0 0x0 0x0 0x0 0x9 0x1 0xc oops 0 methods 0
ciMethodData com/android/tools/r8/internal/E0 <init> (Ljava/util/HashMap;)V 1 143 orig 80 0 0 0 0 0 0 0 0 0 0 0 0 0 0 0 0 0 0 0 0 0 0 0 0 0 0 0 0 0 0 0 0 0 0 0 0 0 0 0 0 0 0 0 0 0 0 0 0 0 0 0 0 0 0 0 0 0 0 0 0 0 0 0 0 0 0 0 0 0 0 0 0 0 0 0 0 0 0 0 0 data 25 0x20002 0x79 0x50005 0x0 0x0 0x27deef4f4a0 0x79 0x0 0x0 0xa0007 0x0 0x20 0x79 0x170002 0x0 0x0 0x0 0x0 0x0 0x0 0x0 0x9 0x2 0xc 0xffffffffffffffff oops 1 5 java/util/HashMap methods 0
ciMethodData com/android/tools/r8/internal/U0 <init> ()V 1 143 orig 80 0 0 0 0 0 0 0 0 0 0 0 0 0 0 0 0 0 0 0 0 0 0 0 0 0 0 0 0 0 0 0 0 0 0 0 0 0 0 0 0 0 0 0 0 0 0 0 0 0 0 0 0 0 0 0 0 0 0 0 0 0 0 0 0 0 0 0 0 0 0 0 0 0 0 0 0 0 0 0 0 data 7 0x10002 0x79 0x0 0x0 0x9 0x1 0x0 oops 0 methods 0
ciMethodData com/android/tools/r8/internal/E0 a (Ljava/lang/Object;I)I 1 249 orig 80 0 0 0 0 0 0 0 0 0 0 0 0 0 0 0 0 0 0 0 0 0 0 0 0 0 0 0 0 0 0 0 0 0 0 0 0 0 0 0 0 0 0 0 0 0 0 0 0 0 0 0 0 0 0 0 0 0 0 0 0 0 0 0 0 0 0 0 0 0 0 0 0 0 0 0 0 0 0 0 0 data 101 0x10007 0xd0 0x58 0x0 0x60005 0x0 0x0 0x0 0x0 0x0 0x0 0xb0007 0x0 0x38 0xd0 0xf0003 0xd0 0x18 0x160007 0x0 0x1d0 0xd0 0x1e0005 0x0 0x0 0x27deef4f4a0 0xd0 0x0 0x0 0x230104 0x0 0x0 0x27deecd4460 0xf 0x0 0x0 0x280007 0xf 0x80 0xc1 0x380002 0xc1 0x3c0005 0x0 0x0 0x27deef4f4a0 0xc1 0x0 0x0 0x420003 0xc1 0x70 0x560007 0x0 0x38 0xf 0x5a0003 0xf 0x18 0x620007 0x0 0x20 0xf 0x830002 0x0 0x8e0004 0x0 0x0 0x0 0x0 0x0 0x0 0x8f0002 0x0 0x920002 0x0 0x9c0002 0x0 0xa70004 0x0 0x0 0x0 0x0 0x0 0x0 0xa80002 0x0 0xab0002 0x0 0x0 0x0 0x0 0x0 0x0 0x0 0x0 0x9 0x3 0x0 0x0 0x0 oops 3 25 java/util/HashMap 32 com/android/tools/r8/internal/Lh 45 java/util/HashMap methods 0
ciMethodData com/android/tools/r8/internal/U0 entrySet ()Ljava/util/Set; 1 142 orig 80 0 0 0 0 0 0 0 0 0 0 0 0 125 2 0 0 0 0 0 0 0 0 0 0 0 0 0 0 0 0 0 0 0 0 0 0 0 0 0 0 0 0 0 0 0 0 0 0 0 0 0 0 0 0 0 0 0 0 0 0 0 0 0 0 0 0 0 0 0 0 0 0 0 0 0 0 0 0 0 0 data 20 0x60007 0x0 0x58 0x78 0xb0005 0x0 0x0 0x27ded1b27b0 0x78 0x0 0x0 0x0 0x0 0x0 0x0 0x0 0x0 0x9 0x1 0x4 oops 1 7 com/android/tools/r8/internal/fz methods 0
ciMethodData com/android/tools/r8/internal/U0 b ()Ljava/util/Set; 1 142 orig 80 0 0 0 0 0 0 0 0 0 0 0 0 125 2 0 0 0 0 0 0 0 0 0 0 0 0 0 0 0 0 0 0 0 0 0 0 0 0 0 0 0 0 0 0 0 0 0 0 0 0 0 0 0 0 0 0 0 0 0 0 0 0 0 0 0 0 0 0 0 0 0 0 0 0 0 0 0 0 0 0 data 8 0x50002 0x78 0x0 0x0 0x0 0x9 0x1 0x0 oops 0 methods 0
ciMethodData com/android/tools/r8/internal/T0 <init> (Lcom/android/tools/r8/internal/U0;)V 1 142 orig 80 0 0 0 0 0 0 0 0 0 0 0 0 0 0 0 0 0 0 0 0 0 0 0 0 0 0 0 0 0 0 0 0 0 0 0 0 0 0 0 0 0 0 0 0 0 0 0 0 0 0 0 0 0 0 0 0 0 0 0 0 0 0 0 0 0 0 0 0 0 0 0 0 0 0 0 0 0 0 0 0 data 9 0x60002 0x78 0x0 0x0 0x0 0x9 0x2 0x6 0x0 oops 0 methods 0
ciMethodData com/android/tools/r8/internal/ij0 <init> ()V 1 145 orig 80 0 0 0 0 0 0 0 0 0 0 0 0 0 0 0 0 0 0 0 0 0 0 0 0 0 0 0 0 0 0 0 0 0 0 0 0 0 0 0 0 0 0 0 0 0 0 0 0 0 0 0 0 0 0 0 0 0 0 0 0 0 0 0 0 0 0 0 0 0 0 0 0 0 0 0 0 0 0 0 0 data 7 0x10002 0x78 0x0 0x0 0x9 0x1 0x0 oops 0 methods 0
ciMethodData com/android/tools/r8/internal/Ac0 a (Ljava/util/Collection;)Lcom/android/tools/r8/internal/zB; 1 754 orig 80 0 0 0 0 0 0 0 0 0 0 0 0 0 0 0 0 0 0 0 0 0 0 0 0 0 0 0 0 0 0 0 0 0 0 0 0 0 0 0 0 0 0 0 0 0 0 0 0 0 0 0 0 0 0 0 0 0 0 0 0 0 0 0 0 0 0 0 0 0 0 0 0 0 0 0 0 0 0 0 0 data 261 0x10005 0x0 0x0 0x27ded1b2a30 0x83 0x0 0x0 0xd0007 0x83 0x30 0x0 0x240002 0x0 0x2b0002 0x83 0x420005 0x0 0x0 0x27ded1b2a30 0x83 0x0 0x0 0x4b0005 0x0 0x0 0x27def3fc800 0x141 0x0 0x0 0x500007 0x83 0x360 0xbf 0x570005 0x0 0x0 0x27def3fc800 0xbf 0x0 0x0 0x5c0004 0x0 0x0 0x27deecac4b0 0xbe 0x0 0x0 0x620005 0x0 0x0 0x27deecac4b0 0xbe 0x0 0x0 0x6c0005 0xbf 0x0 0x0 0x0 0x0 0x0 0x700005 0x0 0x0 0x27deecac4b0 0xbe 0x0 0x0 0x750005 0x0 0x0 0x27de879f800 0xbf 0x0 0x0 0x7b0002 0xbe 0x870007 0x18 0x148 0xa6 0x8c0004 0xffffffffffffff5a 0x0 0x27deecac4b0 0xa6 0x0 0x0 0x8f0007 0xa6 0xc8 0x0 0x940004 0x0 0x0 0x0 0x0 0x0 0x0 0x970007 0x0 0x70 0x0 0x9c0004 0x0 0x0 0x0 0x0 0x0 0x0 0xa10003 0x0 0x50 0xae0002 0xa7 0xb10003 0xa6 0x28 0xc00002 0x18 0xdd0004 0x0 0x0 0x27ded1b2c40 0xa6 0x27ded1b2cf0 0x18 0xe00004 0x0 0x0 0x27ded1b2c40 0xa7 0x27ded1b2cf0 0x18 0xe50003 0xbe 0xfffffffffffffc80 0xec0007 0x83 0x368 0x105 0xfa0007 0x105 0x330 0xbf 0x1060007 0xbf 0x2c0 0x0 0x10b0002 0x0 0x1120005 0x0 0x0 0x0 0x0 0x0 0x0 0x1150004 0x0 0x0 0x0 0x0 0x0 0x0 0x1220002 0x0 0x1250002 0x0 0x12f0007 0x0 0x1c8 0x0 0x1390005 0x0 0x0 0x0 0x0 0x0 0x0 0x1470005 0x0 0x0 0x0 0x0 0x0 0x0 0x14d0005 0x0 0x0 0x0 0x0 0x0 0x0 0x1510002 0x0 0x1570005 0x0 0x0 0x0 0x0 0x0 0x0 0x15d0004 0x0 0x0 0x0 0x0 0x0 0x0 0x1600007 0x0 0x68 0x0 0x16e0002 0x0 0x1740004 0x0 0x0 0x0 0x0 0x0 0x0 0x1780003 0x0 0xfffffffffffffe50 0x1840002 0x0 0x1880002 0x0 0x18b0003 0x0 0xa0 0x1900005 0x0 0x0 0x27ded1b2c40 0xa7 0x27ded1b2cf0 0x18 0x1950003 0xbe 0xfffffffffffffce8 0x19b0003 0x104 0xfffffffffffffcb0 0x1a50002 0x83 0x1b00002 0x83 0x0 0x0 0x0 0x0 0x0 0x0 0x0 0x0 0x9 0x1 0x0 oops 15 3 java/util/Arrays$ArrayList 18 java/util/Arrays$ArrayList 25 java/util/Arrays$ArrayItr 36 java/util/Arrays$ArrayItr 43 com/android/tools/r8/internal/B0 50 com/android/tools/r8/internal/B0 64 com/android/tools/r8/internal/B0 71 java/lang/Integer 84 com/android/tools/r8/internal/B0 123 com/android/tools/r8/internal/bX 125 com/android/tools/r8/internal/zc0 130 com/android/tools/r8/internal/bX 132 com/android/tools/r8/internal/zc0 236 com/android/tools/r8/internal/bX 238 com/android/tools/r8/internal/zc0 methods 0
ciMethodData com/android/tools/r8/internal/zB i ()Lcom/android/tools/r8/internal/LB; 1 152 orig 80 0 0 0 0 0 0 0 0 0 0 0 0 0 0 0 0 0 0 0 0 0 0 0 0 0 0 0 0 0 0 0 0 0 0 0 0 0 0 0 0 0 0 0 0 0 0 0 0 0 0 0 0 0 0 0 0 0 0 0 0 0 0 0 0 0 0 0 0 0 0 0 0 0 0 0 0 0 0 0 0 data 29 0x60007 0x0 0xa0 0x82 0xa0005 0x0 0x0 0x27dedd3eae0 0x82 0x0 0x0 0xd0007 0x83 0x38 0x0 0x140003 0x0 0x28 0x1d0002 0x82 0x0 0x0 0x0 0x0 0x0 0x0 0x9 0x1 0xffffffffffffffff oops 1 7 com/android/tools/r8/internal/Ac0 methods 0
ciMethodData com/android/tools/r8/internal/CQ a (Ljava/util/List;Lcom/android/tools/r8/internal/YR;ILcom/android/tools/r8/internal/nc0;Lcom/android/tools/r8/internal/nc0;)V 1 7736 orig 80 0 0 0 0 0 0 0 0 0 0 0 0 0 0 0 0 0 0 0 0 0 0 0 0 0 0 0 0 0 0 0 0 0 0 0 0 0 0 0 0 0 0 0 0 0 0 0 0 0 0 0 0 0 0 0 0 0 0 0 0 0 0 0 0 0 0 0 0 0 0 0 0 0 0 0 0 0 0 0 0 data 159 0x10005 0x0 0x0 0x27de8949cd0 0xaa 0x0 0x0 0x80005 0x0 0x0 0x27de894a250 0x7f6 0x0 0x0 0xd0007 0xaa 0x420 0x74c 0x110005 0x0 0x0 0x27de894a250 0x74c 0x0 0x0 0x160004 0x0 0x0 0x27de8949ee0 0x74c 0x0 0x0 0x1c0005 0x74c 0x0 0x0 0x0 0x0 0x0 0x1f0007 0x628 0xffffffffffffff00 0x124 0x2b0007 0x3 0xfffffffffffffee0 0x121 0x310005 0x121 0x0 0x0 0x0 0x0 0x0 0x350007 0x5 0xfffffffffffffe88 0x11c 0x3f0005 0x238 0x0 0x0 0x0 0x0 0x0 0x420007 0x11c 0xfffffffffffffe30 0x11c 0x4e0007 0x0 0x250 0x11c 0x540005 0x0 0x0 0x27de8949ee0 0x11c 0x0 0x0 0x570005 0x11c 0x0 0x0 0x0 0x0 0x0 0x610005 0x11c 0x0 0x0 0x0 0x0 0x0 0x640007 0x95 0x188 0x87 0x6f0005 0x87 0x0 0x0 0x0 0x0 0x0 0x750007 0x87 0x130 0x0 0x7e0005 0x0 0x0 0x0 0x0 0x0 0x0 0x810007 0x0 0xd8 0x0 0x870005 0x0 0x0 0x0 0x0 0x0 0x0 0x8e0005 0x0 0x0 0x0 0x0 0x0 0x0 0x910007 0x0 0x38 0x0 0x940003 0x0 0x28 0x9b0002 0x0 0xa20003 0x11c 0xfffffffffffffd58 0x0 0x0 0x0 0x0 0x0 0x0 0x9 0x5 0x0 0x0 0x0 0x0 0x0 oops 5 3 java/util/LinkedList 10 java/util/LinkedList$ListItr 21 java/util/LinkedList$ListItr 28 com/android/tools/r8/internal/YR 76 com/android/tools/r8/internal/YR methods 0
ciMethodData com/android/tools/r8/internal/CQ l ()Z 1 314 orig 80 0 0 0 0 0 0 0 0 0 0 0 0 0 0 0 0 0 0 0 0 0 0 0 0 0 0 0 0 0 0 0 0 0 0 0 0 0 0 0 0 0 0 0 0 0 0 0 0 0 0 0 0 0 0 0 0 0 0 0 0 0 0 0 0 0 0 0 0 0 0 0 0 0 0 0 0 0 0 0 0 data 133 0x80007 0x41 0x3e0 0xda 0x130007 0xda 0x68 0x0 0x1c0007 0x0 0x38 0x0 0x1f0003 0x0 0x28 0x260002 0x0 0x340005 0x0 0x0 0x27de879ee30 0xda 0x0 0x0 0x3b0005 0x0 0x0 0x27de8949e30 0xed 0x0 0x0 0x400007 0x56 0x108 0x97 0x450005 0x0 0x0 0x27de8949e30 0x97 0x0 0x0 0x4a0004 0x0 0x0 0x27de8949ee0 0x97 0x0 0x0 0x550007 0x0 0xffffffffffffff38 0x97 0x5e0005 0x97 0x0 0x0 0x0 0x0 0x0 0x630007 0x13 0xfffffffffffffee0 0x84 0x6b0007 0x84 0x1c8 0x56 0x700007 0x43 0x1a8 0x13 0x790005 0x0 0x0 0x27de879ee30 0x13 0x0 0x0 0x800005 0x0 0x0 0x27de8949e30 0x26 0x0 0x0 0x850007 0x13 0x118 0x13 0x8a0005 0x0 0x0 0x27de8949e30 0x13 0x0 0x0 0x8f0004 0x0 0x0 0x27de8949ee0 0x13 0x0 0x0 0xa30005 0x0 0x0 0x27de8949ee0 0x13 0x0 0x0 0xa70005 0x13 0x0 0x0 0x0 0x0 0x0 0xaa0003 0x13 0xfffffffffffffec8 0xb20003 0xda 0xfffffffffffffc38 0x0 0x0 0x0 0x0 0x0 0x0 0x9 0x1 0x0 oops 9 20 java/util/ArrayList 27 java/util/ArrayList$Itr 38 java/util/ArrayList$Itr 45 com/android/tools/r8/internal/YR 75 java/util/ArrayList 82 java/util/ArrayList$Itr 93 java/util/ArrayList$Itr 100 com/android/tools/r8/internal/YR 107 com/android/tools/r8/internal/YR methods 0
ciMethodData com/android/tools/r8/internal/CQ a (Lcom/android/tools/r8/internal/YR;IZ)V 2 6100 orig 80 0 0 0 0 0 0 0 0 0 0 0 0 0 0 0 0 0 0 0 0 0 0 0 0 0 0 0 0 0 0 0 0 0 0 0 0 0 0 0 0 0 0 0 0 0 0 0 0 0 0 0 0 0 0 0 0 0 0 0 0 0 0 0 0 0 0 0 0 0 0 0 0 0 0 0 0 0 0 0 0 data 900 0x60007 0x85 0x68 0x0 0xf0007 0x0 0x38 0x0 0x120003 0x0 0x28 0x190002 0x0 0x1f0007 0x85 0x138 0x0 0x270002 0x0 0x2a0005 0x0 0x0 0x0 0x0 0x0 0x0 0x2d0007 0x0 0xd0 0x0 0x310007 0x0 0xa0 0x0 0x3b0002 0x0 0x3e0005 0x0 0x0 0x0 0x0 0x0 0x0 0x410007 0x0 0x38 0x0 0x440003 0x0 0x28 0x4b0002 0x0 0x550007 0x52 0x38 0x33 0x5b0003 0x33 0x18 0x670002 0x85 0x6b0005 0x85 0x0 0x0 0x0 0x0 0x0 0x6f0007 0x52 0x58 0x33 0x770005 0x33 0x0 0x0 0x0 0x0 0x0 0x7c0005 0x85 0x0 0x0 0x0 0x0 0x0 0x7f0007 0x7e 0xa8 0x7 0x8a0007 0x0 0x88 0x7 0x91000a 0x7 0x3 0x0 0x27defc13610 0x27def0db4c0 0x960005 0x7 0x0 0x0 0x0 0x0 0x0 0xa00002 0x85 0xa60005 0x0 0x0 0x27de8949cd0 0x85 0x0 0x0 0xaf0005 0x0 0x0 0x27de894a250 0xb52 0x0 0x0 0xb40007 0x85 0x1658 0xacd 0xb90005 0x0 0x0 0x27de894a250 0xacd 0x0 0x0 0xbe0004 0x0 0x0 0x27de8949ee0 0xacd 0x0 0x0 0xc90007 0xacd 0xa0 0x0 0xcf0005 0x0 0x0 0x0 0x0 0x0 0x0 0xd20007 0x0 0x38 0x0 0xd50003 0x0 0x28 0xdc0002 0x0 0xe40005 0xacd 0x0 0x0 0x0 0x0 0x0 0xe70007 0xa1f 0xfffffffffffffe60 0xae 0xf90005 0x0 0x0 0x27de894a250 0xae 0x0 0x0 0x1000005 0xae 0x0 0x0 0x0 0x0 0x0 0x1050005 0xae 0x0 0x0 0x0 0x0 0x0 0x1080005 0x0 0x0 0x27de8949ee0 0xae 0x0 0x0 0x10b0005 0xae 0x0 0x0 0x0 0x0 0x0 0x1130005 0xae 0x0 0x0 0x0 0x0 0x0 0x1190005 0xae 0x0 0x0 0x0 0x0 0x0 0x11e0005 0xae 0x0 0x0 0x0 0x0 0x0 0x1210007 0xae 0x68 0x0 0x12b0007 0x0 0x38 0x0 0x12e0003 0x0 0x28 0x1350002 0x0 0x13b0007 0xae 0x68 0x0 0x1450007 0x0 0x38 0x0 0x1480003 0x0 0x28 0x14f0002 0x0 0x1590005 0x0 0x0 0x27de879ee30 0xae 0x0 0x0 0x1600005 0x0 0x0 0x27de894a720 0x9f 0x27de894a7d0 0xf 0x1630007 0x88 0x108 0x26 0x1680005 0x0 0x0 0x27de8949ee0 0x26 0x0 0x0 0x1760007 0x2 0xb0 0x24 0x17e0005 0x0 0x0 0x27de8949c20 0x24 0x0 0x0 0x1820007 0x1b 0x58 0x9 0x1880005 0x9 0x0 0x0 0x0 0x0 0x0 0x1900005 0x0 0x0 0x27de8949c20 0xae 0x0 0x0 0x1930007 0x8a 0xfffffffffffffa00 0x24 0x1980005 0x24 0x0 0x0 0x0 0x0 0x0 0x19b0007 0x23 0x170 0x1 0x1a00005 0x1 0x0 0x0 0x0 0x0 0x0 0x1a30007 0x0 0x118 0x1 0x1a90005 0x1 0x0 0x0 0x0 0x0 0x0 0x1af0005 0x1 0x0 0x0 0x0 0x0 0x0 0x1ba0005 0x0 0x0 0x27de8949ee0 0x1 0x0 0x0 0x1c20005 0x0 0x0 0x27de8949cd0 0x1 0x0 0x0 0x1c80003 0x1 0xfffffffffffff850 0x1d00005 0x0 0x0 0x27de894a720 0x22 0x27de894a7d0 0x1 0x1d30007 0x1 0x6a8 0x22 0x1d80007 0x22 0x68 0x0 0x1e00007 0x0 0x38 0x0 0x1e30003 0x0 0x28 0x1ea0002 0x0 0x1f00007 0x22 0xa0 0x0 0x1f80005 0x0 0x0 0x0 0x0 0x0 0x0 0x1fb0007 0x0 0x38 0x0 0x1fe0003 0x0 0x28 0x2050002 0x0 0x20b0007 0x22 0xf8 0x0 0x2100005 0x0 0x0 0x0 0x0 0x0 0x0 0x2130007 0x0 0xa0 0x0 0x2180005 0x0 0x0 0x0 0x0 0x0 0x0 0x21b0007 0x0 0x38 0x0 0x21e0003 0x0 0x28 0x2250002 0x0 0x2320005 0x0 0x0 0x27de8949c20 0x22 0x0 0x0 0x2350007 0x0 0xfffffffffffff5a8 0x22 0x23b0005 0x22 0x0 0x0 0x0 0x0 0x0 0x2410005 0x22 0x0 0x0 0x0 0x0 0x0 0x24b0005 0x0 0x0 0x27de8949d80 0x22 0x0 0x0 0x2540007 0x22 0xfffffffffffff4e0 0x29 0x25d0005 0x0 0x0 0x27de8949ee0 0x29 0x0 0x0 0x2650005 0x0 0x0 0x27de8949c20 0x29 0x0 0x0 0x26c0005 0x0 0x0 0x27de894a0f0 0x67 0x0 0x0 0x2710007 0x22 0xffffffffffffff38 0x45 0x2760005 0x0 0x0 0x27de894a0f0 0x45 0x0 0x0 0x27b0004 0x0 0x0 0x27de894a1a0 0x45 0x0 0x0 0x28c0007 0x3e 0x218 0x7 0x2970005 0x7 0x0 0x0 0x0 0x0 0x0 0x2a50007 0x7 0x38 0x0 0x2a80003 0x0 0x18 0x2b50005 0x0 0x0 0x27de8949ee0 0x7 0x0 0x0 0x2b80007 0x0 0x100 0x7 0x2c70005 0x7 0x0 0x0 0x0 0x0 0x0 0x2cb0005 0x7 0x0 0x0 0x0 0x0 0x0 0x2d30005 0x0 0x0 0x27de8949cd0 0x7 0x0 0x0 0x2dc0005 0x7 0x0 0x0 0x0 0x0 0x0 0x2e70005 0x0 0x0 0x27de8949d80 0x7 0x0 0x0 0x2ee0003 0x7 0xfffffffffffffca8 0x2f50003 0x3e 0xfffffffffffffd20 0x2fa0005 0x1 0x0 0x0 0x0 0x0 0x0 0x2fd0007 0x1 0x278 0x0 0x3020007 0x0 0x68 0x0 0x30a0007 0x0 0x38 0x0 0x30d0003 0x0 0x28 0x3140002 0x0 0x31a0007 0x0 0xa0 0x0 0x31f0005 0x0 0x0 0x0 0x0 0x0 0x0 0x3220007 0x0 0x38 0x0 0x3250003 0x0 0x28 0x32c0002 0x0 0x3350005 0x0 0x0 0x0 0x0 0x0 0x0 0x3380007 0x0 0xffffffffffffefc0 0x0 0x3410005 0x0 0x0 0x0 0x0 0x0 0x0 0x3440004 0x0 0x0 0x0 0x0 0x0 0x0 0x34d0005 0x0 0x0 0x0 0x0 0x0 0x0 0x3570005 0x0 0x0 0x0 0x0 0x0 0x0 0x35b0003 0x0 0xffffffffffffeec0 0x3600007 0x1 0x68 0x0 0x3680007 0x0 0x38 0x0 0x36b0003 0x0 0x28 0x3720002 0x0 0x3780007 0x1 0xa0 0x0 0x3800005 0x0 0x0 0x0 0x0 0x0 0x0 0x3830007 0x0 0x38 0x0 0x3860003 0x0 0x28 0x38d0002 0x0 0x3930007 0x1 0xf8 0x0 0x3980005 0x0 0x0 0x0 0x0 0x0 0x0 0x39b0007 0x0 0xa0 0x0 0x3a00005 0x0 0x0 0x0 0x0 0x0 0x0 0x3a30007 0x0 0x38 0x0 0x3a60003 0x0 0x28 0x3ad0002 0x0 0x3b30005 0x1 0x0 0x0 0x0 0x0 0x0 0x3b60007 0x0 0x40 0x1 0x3bf0007 0x1 0x58 0x0 0x3c70007 0x0 0x38 0x0 0x3cf0003 0x0 0x18 0x3de0005 0x1 0x0 0x0 0x0 0x0 0x0 0x3ed0005 0x0 0x0 0x27de8949c20 0x1 0x0 0x0 0x3f40005 0x0 0x0 0x27de894a0f0 0x1 0x0 0x0 0x3f90007 0x0 0xe0 0x1 0x4000005 0x0 0x0 0x27de894a0f0 0x1 0x0 0x0 0x4050004 0x0 0x0 0x27de894a1a0 0x1 0x0 0x0 0x40e0007 0x0 0x38 0x1 0x4150003 0x1 0x30 0x41b0003 0x0 0xffffffffffffff00 0x4200007 0x1 0x58 0x0 0x4260005 0x0 0x0 0x0 0x0 0x0 0x0 0x42b0007 0x0 0xffffffffffffea18 0x1 0x4370005 0x1 0x0 0x0 0x0 0x0 0x0 0x4410005 0x0 0x0 0x27de8949d80 0x1 0x0 0x0 0x4450003 0x1 0xffffffffffffe988 0x44e0005 0x0 0x0 0x27de8949cd0 0x85 0x0 0x0 0x4550007 0x85 0xa0 0x0 0x45b0005 0x0 0x0 0x0 0x0 0x0 0x0 0x45e0007 0x0 0x38 0x0 0x4610003 0x0 0x28 0x4680002 0x0 0x0 0x0 0x0 0x0 0x0 0x0 0x0 0x0 0x0 0x0 0x0 0x0 0x0 0x0 0x0 0x0 0x0 0x0 0x0 0x0 0x0 0x0 0x0 0x0 0x0 0x0 0x0 0x0 0x0 0x9 0x4 0x0 0x0 0x0 0x0 oops 34 98 com/android/tools/r8/internal/sG 99 com/android/tools/r8/internal/CQ$$Lambda$818+0x0000027d812c7a08 112 java/util/LinkedList 119 java/util/LinkedList$ListItr 130 java/util/LinkedList$ListItr 137 com/android/tools/r8/internal/YR 175 java/util/LinkedList$ListItr 196 com/android/tools/r8/internal/YR 257 java/util/ArrayList 264 com/android/tools/r8/internal/vt0 266 com/android/tools/r8/internal/g40 275 com/android/tools/r8/internal/YR 286 java/util/TreeSet 304 java/util/TreeSet 351 com/android/tools/r8/internal/YR 358 java/util/LinkedList 368 com/android/tools/r8/internal/vt0 370 com/android/tools/r8/internal/g40 443 java/util/TreeSet 468 java/util/PriorityQueue 479 com/android/tools/r8/internal/YR 486 java/util/TreeSet 493 java/util/TreeMap$KeyIterator 504 java/util/TreeMap$KeyIterator 511 com/android/tools/r8/internal/ZR 536 com/android/tools/r8/internal/YR 561 java/util/LinkedList 575 java/util/PriorityQueue 767 java/util/TreeSet 774 java/util/TreeMap$KeyIterator 785 java/util/TreeMap$KeyIterator 792 com/android/tools/r8/internal/ZR 831 java/util/PriorityQueue 841 java/util/LinkedList methods 0
ciMethodData com/android/tools/r8/internal/CQ b (Lcom/android/tools/r8/internal/YR;IZ)V 1 795 orig 80 0 0 0 0 0 0 0 0 0 0 0 0 0 0 0 0 0 0 0 0 0 0 0 0 0 0 0 0 0 0 0 0 0 0 0 0 0 0 0 0 0 0 0 0 0 0 0 0 0 0 0 0 0 0 0 0 0 0 0 0 0 0 0 0 0 0 0 0 0 0 0 0 0 0 0 0 0 0 0 0 data 195 0x70002 0xfb 0xd0005 0x0 0x0 0x27de8949cd0 0xfb 0x0 0x0 0x160005 0x0 0x0 0x27de894a250 0x3ca 0x0 0x0 0x1b0007 0xfb 0x500 0x2cf 0x200005 0x0 0x0 0x27de894a250 0x2cf 0x0 0x0 0x250004 0x0 0x0 0x27de8949ee0 0x2cf 0x0 0x0 0x2d0005 0x2cf 0x0 0x0 0x0 0x0 0x0 0x300007 0x2a1 0xffffffffffffff00 0x2e 0x360005 0x2e 0x0 0x0 0x0 0x0 0x0 0x3a0007 0x2d 0xfffffffffffffea8 0x1 0x3f0005 0x1 0x0 0x0 0x0 0x0 0x0 0x420007 0x1 0x1b0 0x0 0x470005 0x0 0x0 0x0 0x0 0x0 0x0 0x4a0007 0x0 0x158 0x0 0x500005 0x0 0x0 0x0 0x0 0x0 0x0 0x530005 0x0 0x0 0x0 0x0 0x0 0x0 0x5c0007 0x0 0xc8 0x0 0x650005 0x0 0x0 0x0 0x0 0x0 0x0 0x6e0005 0x0 0x0 0x0 0x0 0x0 0x0 0x710005 0x0 0x0 0x0 0x0 0x0 0x0 0x770005 0x0 0x0 0x27de8949ee0 0x1 0x0 0x0 0x7b0005 0x0 0x0 0x27de8949ee0 0x1 0x0 0x0 0x7e0007 0x1 0xa8 0x0 0x900005 0x0 0x0 0x0 0x0 0x0 0x0 0x9a0005 0x0 0x0 0x0 0x0 0x0 0x0 0x9e0003 0x0 0xfffffffffffffba0 0xa50005 0x0 0x0 0x27de8949ee0 0x1 0x0 0x0 0xa80005 0x1 0x0 0x0 0x0 0x0 0x0 0xb20005 0x0 0x0 0x27de8949d80 0x1 0x0 0x0 0xb60003 0x1 0xfffffffffffffae0 0xbf0005 0x0 0x0 0x27de8949cd0 0xfb 0x0 0x0 0x0 0x0 0x0 0x0 0x0 0x0 0x9 0x4 0x0 0x0 0x0 0x0 oops 9 5 java/util/LinkedList 12 java/util/LinkedList$ListItr 23 java/util/LinkedList$ListItr 30 com/android/tools/r8/internal/YR 120 com/android/tools/r8/internal/YR 127 com/android/tools/r8/internal/YR 155 com/android/tools/r8/internal/YR 169 java/util/PriorityQueue 179 java/util/LinkedList methods 0
ciMethodData com/android/tools/r8/internal/CQ a (Lcom/android/tools/r8/internal/YR;Lcom/android/tools/r8/internal/sG;)I 1 401 orig 80 0 0 0 0 0 0 0 0 0 0 0 0 0 0 0 0 0 0 0 0 0 0 0 0 0 0 0 0 0 0 0 0 0 0 0 0 0 0 0 0 0 0 0 0 0 0 0 0 0 0 0 0 0 0 0 0 0 0 0 0 0 0 0 0 0 0 0 0 0 0 0 0 0 0 0 0 0 0 0 0 data 263 0x10005 0x104 0x0 0x0 0x0 0x0 0x0 0x40007 0xe7 0x20 0x1d 0x1b0002 0xe7 0x2a0005 0x0 0x0 0x27de8949c20 0xe7 0x0 0x0 0x2e0007 0x1d 0x58 0xca 0x360005 0x0 0x0 0x27de8949c20 0xca 0x0 0x0 0x430005 0x0 0x0 0x27de879ee30 0xe7 0x0 0x0 0x4a0005 0x0 0x0 0x27de8949e30 0xf4 0x0 0x0 0x4f0007 0xe6 0x2d0 0xe 0x540005 0x0 0x0 0x27de8949e30 0xe 0x0 0x0 0x590004 0x0 0x0 0x27de8949ee0 0xe 0x0 0x0 0x640007 0x1 0xffffffffffffff38 0xd 0x6c0005 0x0 0x0 0x27de894a720 0xd 0x0 0x0 0x6f0005 0xd 0x0 0x0 0x0 0x0 0x0 0x790002 0xd 0x7c0005 0x0 0x0 0x27de8949c20 0xd 0x0 0x0 0x7f0007 0x1 0x38 0xc 0x820003 0xc 0xfffffffffffffe40 0x870007 0x1 0xd8 0x0 0x920002 0x0 0x950005 0x0 0x0 0x0 0x0 0x0 0x0 0x980007 0x0 0x38 0x0 0x9b0003 0x0 0xfffffffffffffda0 0xa60007 0x0 0x38 0x0 0xa90003 0x0 0xfffffffffffffd68 0xb20005 0x1 0x0 0x0 0x0 0x0 0x0 0xb50007 0x0 0xfffffffffffffd18 0x1 0xbd0007 0x1 0x1e8 0xe6 0xc40005 0x0 0x0 0x27de8949c20 0xee 0x0 0x0 0xc70007 0x14 0xc8 0xda 0xce0005 0x0 0x0 0x27de8949c20 0xda 0x0 0x0 0xd10004 0x0 0x0 0x27de894a1a0 0xda 0x0 0x0 0xd90007 0xbe 0x38 0x1c 0xde0003 0x1c 0x18 0xe60005 0xee 0x0 0x0 0x0 0x0 0x0 0xea0005 0xee 0x0 0x0 0x0 0x0 0x0 0xf20005 0xee 0x0 0x0 0x0 0x0 0x0 0xf50007 0x8 0xfffffffffffffe58 0xe6 0x1070007 0xe7 0x80 0x9a 0x10f0002 0x9a 0x1120005 0x0 0x0 0x27de8949c20 0x9a 0x0 0x0 0x1190003 0x9a 0xffffffffffffff98 0x11f0007 0xe7 0x110 0x0 0x1280005 0x0 0x0 0x0 0x0 0x0 0x0 0x12b0005 0x0 0x0 0x0 0x0 0x0 0x0 0x12e0005 0x0 0x0 0x0 0x0 0x0 0x0 0x1310007 0x0 0x38 0x0 0x1340003 0x0 0x28 0x13b0002 0x0 0x0 0x0 0x0 0x0 0x0 0x0 0x0 0x0 0x0 0x0 0x0 0x0 0x9 0x3 0x0 0x0 0x0 oops 12 16 java/util/TreeSet 27 java/util/TreeSet 34 java/util/ArrayList 41 java/util/ArrayList$Itr 52 java/util/ArrayList$Itr 59 com/android/tools/r8/internal/YR 70 com/android/tools/r8/internal/vt0 86 java/util/TreeSet 142 java/util/TreeSet 153 java/util/TreeSet 160 com/android/tools/r8/internal/ZR 205 java/util/TreeSet methods 0
ciMethodData com/android/tools/r8/internal/CQ g ()Z 2 9087 orig 80 0 0 0 0 0 0 0 0 0 0 0 0 0 0 0 0 0 0 0 0 0 0 0 0 0 0 0 0 0 0 0 0 0 0 0 0 0 0 0 0 0 0 0 0 0 0 0 0 0 0 0 0 0 0 0 0 0 0 0 0 0 0 0 0 0 0 0 0 0 0 0 0 0 0 0 0 0 0 0 0 data 277 0x10005 0x41 0x0 0x0 0x0 0x0 0x0 0x40007 0x41 0x20 0x0 0xf0002 0x41 0x150005 0x0 0x0 0x27de879ee30 0x41 0x0 0x0 0x1a0005 0x0 0x0 0x27de8949e30 0x15ec 0x0 0x0 0x1f0007 0x41 0x578 0x15ab 0x230005 0x0 0x0 0x27de8949e30 0x15ab 0x0 0x0 0x280004 0x0 0x0 0x27de8949ee0 0x15ab 0x0 0x0 0x2d0005 0x15ab 0x0 0x0 0x0 0x0 0x0 0x300007 0xa 0x1b0 0x15a1 0x3a0005 0x15a1 0x0 0x0 0x0 0x0 0x0 0x3d0002 0x15a1 0x400005 0x0 0x0 0x27defa3ec70 0x15a1 0x0 0x0 0x470005 0x0 0x0 0x27de894a720 0x13e7 0x27de894a7d0 0x1ba 0x4a0005 0x15a1 0x0 0x0 0x0 0x0 0x0 0x4d0007 0x11e5 0xa0 0x3bc 0x580005 0x3bc 0x0 0x0 0x0 0x0 0x0 0x5b0002 0x3bc 0x5e0005 0x0 0x0 0x27defa3ec70 0x3bc 0x0 0x0 0x660005 0x0 0x0 0x27de879ee30 0x15ab 0x0 0x0 0x6b0005 0x0 0x0 0x27de8949e30 0x1848 0x0 0x0 0x700007 0x15ab 0xfffffffffffffce0 0x29d 0x740005 0x0 0x0 0x27de8949e30 0x29d 0x0 0x0 0x790004 0x0 0x0 0x27de8949ee0 0x29d 0x0 0x0 0x7f0005 0x29d 0x0 0x0 0x0 0x0 0x0 0x820007 0x84 0xffffffffffffff00 0x219 0x8e0005 0x219 0x0 0x0 0x0 0x0 0x0 0x910002 0x219 0x940005 0x0 0x0 0x27defa3ec70 0x219 0x0 0x0 0x9b0005 0x0 0x0 0x27de894a720 0x1f8 0x27de894a7d0 0x21 0x9e0005 0x219 0x0 0x0 0x0 0x0 0x0 0xa10007 0x1e0 0xfffffffffffffdf0 0x39 0xad0005 0x39 0x0 0x0 0x0 0x0 0x0 0xb00002 0x39 0xb30005 0x0 0x0 0x27defa3ec70 0x39 0x0 0x0 0xb70003 0x39 0xfffffffffffffd50 0xc60007 0x41 0xb8 0x3 0xcc0005 0x3 0x0 0x0 0x0 0x0 0x0 0xcf0002 0x3 0xd20005 0x0 0x0 0x27defa3ec70 0x3 0x0 0x0 0xd90003 0x3 0xffffffffffffff60 0xdf0005 0x41 0x0 0x0 0x0 0x0 0x0 0xeb0005 0x73e 0x0 0x0 0x0 0x0 0x0 0xee0007 0x41 0xa0 0x6fd 0xf40002 0x6fd 0xf70005 0x0 0x0 0x27defa3ec70 0x6fd 0x0 0x0 0xfa0007 0x6e5 0x20 0x18 0x1080003 0x6fd 0xffffffffffffff40 0x1110007 0x2f 0x38 0x12 0x1150003 0x12 0x18 0x0 0x0 0x0 0x0 0x0 0x0 0x0 0x0 0x9 0x1 0x0 oops 18 16 java/util/ArrayList 23 java/util/ArrayList$Itr 34 java/util/ArrayList$Itr 41 com/android/tools/r8/internal/YR 68 java/util/HashSet 75 com/android/tools/r8/internal/vt0 77 com/android/tools/r8/internal/g40 102 java/util/HashSet 109 java/util/ArrayList 116 java/util/ArrayList$Itr 127 java/util/ArrayList$Itr 134 com/android/tools/r8/internal/YR 161 java/util/HashSet 168 com/android/tools/r8/internal/vt0 170 com/android/tools/r8/internal/g40 195 java/util/HashSet 218 java/util/HashSet 248 java/util/HashSet methods 0
compile com/android/tools/r8/internal/CQ b (IZ)I 2445 4 inline 111 0 -1 com/android/tools/r8/internal/CQ b (IZ)I 1 2449 com/android/tools/r8/internal/YR k ()I 2 4 com/android/tools/r8/internal/vt0 d0 ()Lcom/android/tools/r8/internal/It0; 3 4 com/android/tools/r8/internal/It0 a (Lcom/android/tools/r8/internal/sr0;)Lcom/android/tools/r8/internal/It0; 4 12 com/android/tools/r8/internal/sr0 C ()Z 4 23 com/android/tools/r8/internal/sr0 B ()Z 4 34 com/android/tools/r8/internal/sr0 D ()Z 4 45 com/android/tools/r8/internal/sr0 z ()Z 2 7 com/android/tools/r8/internal/It0 c ()I 3 1 com/android/tools/r8/internal/It0 b ()Z 1 2474 java/util/BitSet set (I)V 2 32 java/util/BitSet wordIndex (I)I 2 38 java/util/BitSet expandTo (I)V 3 14 java/util/BitSet ensureCapacity (I)V 2 54 java/util/BitSet checkInvariants ()V 1 2411 java/util/LinkedList$ListItr hasNext ()Z 1 2421 java/util/LinkedList$ListItr next ()Ljava/lang/Object; 2 1 java/util/LinkedList$ListItr checkForComodification ()V 2 5 java/util/LinkedList$ListItr hasNext ()Z 1 2487 java/util/AbstractSequentialList iterator ()Ljava/util/Iterator; 2 1 java/util/AbstractList listIterator ()Ljava/util/ListIterator; 3 2 java/util/LinkedList listIterator (I)Ljava/util/ListIterator; 4 2 java/util/LinkedList checkPositionIndex (I)V 5 2 java/util/LinkedList isPositionIndex (I)Z 4 11 java/util/LinkedList$ListItr <init> (Ljava/util/LinkedList;I)V 5 6 java/lang/Object <init> ()V 5 35 java/util/LinkedList node (I)Ljava/util/LinkedList$Node; 1 2496 java/util/LinkedList$ListItr hasNext ()Z 1 2506 java/util/LinkedList$ListItr next ()Ljava/lang/Object; 2 1 java/util/LinkedList$ListItr checkForComodification ()V 2 5 java/util/LinkedList$ListItr hasNext ()Z 1 2530 com/android/tools/r8/internal/YR c (Lcom/android/tools/r8/internal/YR;)I 2 5 java/util/ArrayList iterator ()Ljava/util/Iterator; 3 5 java/util/ArrayList$Itr <init> (Ljava/util/ArrayList;)V 4 6 java/lang/Object <init> ()V 2 12 java/util/ArrayList$Itr next ()Ljava/lang/Object; 3 1 java/util/ArrayList$Itr checkForComodification ()V 2 24 java/util/ArrayList iterator ()Ljava/util/Iterator; 3 5 java/util/ArrayList$Itr <init> (Ljava/util/ArrayList;)V 4 6 java/lang/Object <init> ()V 2 31 java/util/ArrayList$Itr hasNext ()Z 2 40 java/util/ArrayList$Itr next ()Ljava/lang/Object; 3 1 java/util/ArrayList$Itr checkForComodification ()V 2 61 java/util/ArrayList$Itr hasNext ()Z 2 72 java/util/ArrayList$Itr next ()Ljava/lang/Object; 3 1 java/util/ArrayList$Itr checkForComodification ()V 1 2540 com/android/tools/r8/internal/YR c (Lcom/android/tools/r8/internal/YR;)I 2 5 java/util/ArrayList iterator ()Ljava/util/Iterator; 3 5 java/util/ArrayList$Itr <init> (Ljava/util/ArrayList;)V 4 6 java/lang/Object <init> ()V 2 12 java/util/ArrayList$Itr next ()Ljava/lang/Object; 3 1 java/util/ArrayList$Itr checkForComodification ()V 2 24 java/util/ArrayList iterator ()Ljava/util/Iterator; 3 5 java/util/ArrayList$Itr <init> (Ljava/util/ArrayList;)V 4 6 java/lang/Object <init> ()V 2 31 java/util/ArrayList$Itr hasNext ()Z 2 40 java/util/ArrayList$Itr next ()Ljava/lang/Object; 3 1 java/util/ArrayList$Itr checkForComodification ()V 2 61 java/util/ArrayList$Itr hasNext ()Z 2 72 java/util/ArrayList$Itr next ()Ljava/lang/Object; 3 1 java/util/ArrayList$Itr checkForComodification ()V 1 2552 com/android/tools/r8/internal/YR k ()I 2 4 com/android/tools/r8/internal/vt0 d0 ()Lcom/android/tools/r8/internal/It0; 3 4 com/android/tools/r8/internal/It0 a (Lcom/android/tools/r8/internal/sr0;)Lcom/android/tools/r8/internal/It0; 4 12 com/android/tools/r8/internal/sr0 C ()Z 4 23 com/android/tools/r8/internal/sr0 B ()Z 4 34 com/android/tools/r8/internal/sr0 D ()Z 4 45 com/android/tools/r8/internal/sr0 z ()Z 2 7 com/android/tools/r8/internal/It0 c ()I 3 1 com/android/tools/r8/internal/It0 b ()Z 1 2577 java/util/BitSet get (I)Z 2 32 java/util/BitSet checkInvariants ()V 2 36 java/util/BitSet wordIndex (I)I 1 2584 com/android/tools/r8/internal/YR e ()I 2 34 java/util/ArrayList get (I)Ljava/lang/Object; 3 5 java/util/Objects checkIndex (II)I 3 11 java/util/ArrayList elementData (I)Ljava/lang/Object; 1 2627 com/android/tools/r8/internal/nc0 a (I)I 1 2641 com/android/tools/r8/internal/nc0 a (IILcom/android/tools/r8/internal/YR;)V 2 61 java/util/Arrays copyOf ([II)[I 2 116 com/android/tools/r8/internal/vt0 L ()Z 3 1 com/android/tools/r8/internal/vt0 P ()Z 4 11 com/android/tools/r8/internal/vt0 A ()Z 5 1 com/android/tools/r8/internal/vt0 t ()Lcom/android/tools/r8/graph/j0; 3 8 com/android/tools/r8/internal/vt0 n ()Lcom/android/tools/r8/internal/Ng; 2 138 java/util/BitSet set (IZ)V 3 6 java/util/BitSet set (I)V 4 32 java/util/BitSet wordIndex (I)I 4 38 java/util/BitSet expandTo (I)V 5 14 java/util/BitSet ensureCapacity (I)V 4 54 java/util/BitSet checkInvariants ()V 3 14 java/util/BitSet clear (I)V 4 32 java/util/BitSet wordIndex (I)I 4 62 java/util/BitSet recalculateWordsInUse ()V 4 66 java/util/BitSet checkInvariants ()V 2 149 java/util/BitSet set (IZ)V 3 6 java/util/BitSet set (I)V 4 32 java/util/BitSet wordIndex (I)I 4 38 java/util/BitSet expandTo (I)V 5 14 java/util/BitSet ensureCapacity (I)V 4 54 java/util/BitSet checkInvariants ()V 3 14 java/util/BitSet clear (I)V 4 32 java/util/BitSet wordIndex (I)I 4 62 java/util/BitSet recalculateWordsInUse ()V 4 66 java/util/BitSet checkInvariants ()V 2 181 com/android/tools/r8/internal/HX u0 ()Lcom/android/tools/r8/internal/HX; 2 200 java/util/BitSet set (IZ)V 3 14 java/util/BitSet clear (I)V 4 32 java/util/BitSet wordIndex (I)I 4 62 java/util/BitSet recalculateWordsInUse ()V 4 66 java/util/BitSet checkInvariants ()V
